<?xml version="1.0" encoding="UTF-8"?>
<!--Version 1.2 générée le 7-12-2018--><TEI xmlns:tei="http://www.tei-c.org/ns/1.0" xml:lang="en" type="research-article"><teiHeader><fileDesc><titleStmt><title level="a" type="main" xml:lang="en">Torque properties of a rat oesophagus for physiological and diabetic conditions</title></titleStmt><publicationStmt><authority>ISTEX</authority><publisher scheme="https://scientific-publisher.data.istex.fr">Institute of Physics Publishing</publisher><availability><licence><p>2004 IOP Publishing Ltd</p></licence><p scheme="https://loaded-corpus.data.istex.fr/ark:/67375/XBH-4D4R3TJT-T">IOP</p></availability><date>2004</date></publicationStmt><notesStmt><note type="research-article" scheme="https://content-type.data.istex.fr/ark:/67375/XTP-1JC4F85T-7">research-article</note><note type="journal" scheme="https://publication-type.data.istex.fr/ark:/67375/JMC-0GLKJH51-B">journal</note></notesStmt><sourceDesc><biblStruct type="inbook"><analytic><title level="a" type="main" xml:lang="en">Torque properties of a rat oesophagus for physiological and diabetic conditions</title><author xml:id="author-0000"><persName><forename type="first">Y-J</forename><surname>Zeng</surname></persName><email>yjzeng@bjut.edu.cn</email><affiliation>Forensic Medicine Department, Medical School, Santou University, Santou, 515031, People's Republic of China</affiliation><affiliation>Beijing University of Technology, Beijing, 100022, People's Republic of China</affiliation></author><author xml:id="author-0001"><persName><forename type="first">Y-H</forename><surname>Qiao</surname></persName><affiliation>Beijing University of Technology, Beijing, 100022, People's Republic of China</affiliation></author><author xml:id="author-0002"><persName><forename type="first">J</forename><surname>Yang</surname></persName><affiliation>Beijing University of Technology, Beijing, 100022, People's Republic of China</affiliation><affiliation>Center for Senory-Motor Interaction, Aalborg University, Aalborg, Denmark</affiliation></author><author xml:id="author-0003"><persName><forename type="first">H</forename><surname>Gregersen</surname></persName><affiliation>Center for Senory-Motor Interaction, Aalborg University, Aalborg, Denmark</affiliation></author><author xml:id="author-0004"><persName><forename type="first">E-P</forename><surname>Zhang</surname></persName><affiliation>Beijing University of Technology, Beijing, 100022, People's Republic of China</affiliation></author><author xml:id="author-0005"><persName><forename type="first">X-H</forename><surname>Xu</surname></persName><affiliation>Forensic Medicine Department, Medical School, Santou University, Santou, 515031, People's Republic of China</affiliation></author><author xml:id="author-0006"><persName><forename type="first">H</forename><surname>Xu</surname></persName><affiliation>Forensic Medicine Department, Medical School, Santou University, Santou, 515031, People's Republic of China</affiliation></author><idno type="istex">9C71087B426038A100F87B38D7A0CEE929FAD39F</idno><idno type="ark">ark:/67375/0T8-MF98SR87-3</idno><idno type="DOI">10.1088/0967-3334/25/5/011</idno><idno type="PII">S0967-3334(04)80582-3</idno><idno type="article-id">180582</idno><idno type="articleNumber">011</idno></analytic><monogr><title level="j">Physiological Measurement</title><title level="j" type="abbrev">Physiol. Meas.</title><idno type="pISSN">0967-3334</idno><idno type="eISSN">1361-6579</idno><idno type="publisher-id">pm</idno><idno type="CODEN">PMEAE3</idno><idno type="URL">stacks.iop.org/PM</idno><imprint><publisher>Institute of Physics Publishing</publisher><date type="published" when="2004"/><biblScope unit="volume">25</biblScope><biblScope unit="issue">5</biblScope><biblScope unit="page" from="1211">1211</biblScope><biblScope unit="page" to="1221">1221</biblScope><biblScope unit="production">Printed in the UK</biblScope></imprint></monogr></biblStruct></sourceDesc></fileDesc><profileDesc><creation><date>2004</date></creation><langUsage><language ident="en">en</language></langUsage><abstract><p>In this paper the torque of an oesophagus is studied for physiological and diabetic conditions. Since the function of the oesophagus is mainly mechanical, this work is focused on providing quantitative measurement of the passive biomechanical properties of the oesophagus torque. The oesophagus was treated as a membrane when calculating the stress and strain. The torque versus twist-angle relation was approximated to be linear at a specified pressure and longitudinal stretch ratio. Thus, the shear modulus can be computed by the torque, twist angle and polar moment of inertia in this state. The shear modulus varies greatly with the changing inflation pressure and longitudinal stretch ratio. When the longitudinal stretch ratio or transmural pressure is constant, the shear modulus is increased after 28 days of diabetes.</p></abstract><textClass><keywords scheme="keyword"><list><head>keywords</head><item><term>rat oesophagus</term></item><item><term>torque properties</term></item><item><term>shear modulus</term></item><item><term>diabetes</term></item></list></keywords></textClass></profileDesc><revisionDesc><change when="2004">Published</change></revisionDesc></teiHeader><text><body><div><p>
INSTITUTE OF PHYSICS PUBLISHING
Physiol. Meas. 25 (2004) 1211–1221

PHYSIOLOGICAL MEASUREMENT
PII: S0967-3334(04)80582-3

Torque properties of a rat oesophagus for
physiological and diabetic conditions
Y-J Zeng1,2, Y-H Qiao2, J Yang2,3, H Gregersen3, E-P Zhang2, X-H Xu1
and H Xu1
1 Forensic Medicine Department, Medical School, Santou University, Santou, 515031,
People’s Republic of China
2 Beijing University of Technology, Beijing, 100022, People’s Republic of China
3 Center for Senory-Motor Interaction, Aalborg University, Aalborg, Denmark

E-mail: yjzeng@bjut.edu.cn

Received 10 May 2004, accepted for publication 14 June 2004
Published 6 August 2004
Online at stacks.iop.org/PM/25/1211
doi:10.1088/0967-3334/25/5/011

Abstract
In this paper the torque of an oesophagus is studied for physiological and
diabetic conditions. Since the function of the oesophagus is mainly mechanical,
this work is focused on providing quantitative measurement of the passive
biomechanical properties of the oesophagus torque. The oesophagus was
treated as a membrane when calculating the stress and strain. The torque versus
twist-angle relation was approximated to be linear at a speciﬁed pressure and
longitudinal stretch ratio. Thus, the shear modulus can be computed by the
torque, twist angle and polar moment of inertia in this state. The shear modulus
varies greatly with the changing inﬂation pressure and longitudinal stretch ratio.
When the longitudinal stretch ratio or transmural pressure is constant, the shear
modulus is increased after 28 days of diabetes.
Keywords: rat oesophagus, torque properties, shear modulus, diabetes

1. Introduction
The digestive system is a very important organ for a human being. The oesophagus is the
ﬁrst part of the gastrointestinal tract. The oesophagus is a distensible muscular tube that
connects the pharynx to the stomach. The function of the oesophagus is to move food
by peristaltic motion (Grishaw et al 1996, Pouderoux et al 1999), which is the result of the
interaction of the tissue forces in the oesophagus wall with the hydrodynamic forces in the
food bolus. The mechanical properties of the gastrointestinal tract are important for its
function and affect peristalsis and the distensibility of the wall. It is to be expected that
0967-3334/04/051211+11$30.00 © 2004 IOP Publishing Ltd Printed in the UK

1211

1212

Y-J Zeng et al

the mechanical properties are anisotropic because of the layered heterogeneous structure and
the meshwork organization of collagen ﬁbres. With respect to the gastrointestinal tract,
geometric and structural remodelling occurs in response to fasting (Dou et al 2002), refeeding (Dou et al 2001) and obstruction of the digestive system. The oesophagus has been
studied by radiography, concurrent videoﬂuoroscopy and manometry (Narawane et al 1998),
high-frequency ultrasonography (Nicosia et al 2001, Pehlivanov et al 2001, Assentoft et al
2000), and endoscopic sclerotherapy (Juhl et al 1994, Petersen et al 1998). Motility disorders
(Hewson et al 1990), bolus transport (Nicosia and Brasseur 2002, Ren et al 1993), systemic
sclerosis (Villadsen et al 2001), pain (Drewes et al 2002), wall distensibility (Petersen et al
1998), impedance planimetric characterization (Gregersen et al 1996) and the effect of
epidermal growth faction (Vinter-Jensen et al 1995, Yang et al 2003a, 2003b, Liao et al 2003)
on the oesophagus, ileum, small intestine and large intestine have been introduced in many
papers. Recently the collagen ﬁbre angle of the small intestine and the tension and stress
calculation of the gall bladder have been studied by us (Zeng et al 2003, Liao et al 2004).
These studies will help us to study the mechanical properties of the oesophagus.
Many studies have discovered that diabetes can affect the movement of the oesophagus.
Transportation by the oesophagus may be delayed or slowed down, and movement of the
oesophagus may become uncoordinated. This dysfunction of movement can be a result
of muscle and nerve cooperative action (Harris et al 1971, Gregersen and Andersen 1991,
Christensen 1987). Histologic research has proved that diabetes can destroy the vagus nerve
(Tottrup et al 1990). In spite of the fact that many papers exist on the movement and function
of the oesophagus for specimens with diabetes, few data exist on passive mechanical properties
of the oesophagus, especially for torque-related properties. In this paper, we will study the
torque-related properties of the oesophagus for physiological and diabetic conditions.
2. Materials and methods
2.1. Materials
Thirty-ﬁve Wister rats weighing 200–240 g were included in the study. A midline laparotomy
was performed under pentobarbital anaesthesia. The calcium antagonist papaverine was
injected into the lower thoracic aorta through a cannula in order to eliminate any contractile
activity in the gastrointestinal tract. A 20 mm long sample from the oesophagus was excised
after the attainment of muscular relaxation (no visible contraction was observed).
The residual contents of the oesophagus were gently cleared by using saline and the
weights and lengths of the samples in vitro were measured. Then the samples were placed
in a cold Krebs (Elbrønd et al 1991) solution to wait for testing and studied in vitro using a
self-developed biomaterial test machine (ﬁgure 1).
Diabetes was induced by a single injection of streptozotocin (STZ). The form of diabetes
mellitus induced by parenteral STZ administration in rats is insulin-dependent (type I).
27 rats were divided into four groups according to the survival time after STZ treatment:
4 days (n = 7), 7 days (n = 7), 14 days (n = 7), 28 days (n = 6). Another 8 rats were used as
normal controls.
2.2. Method
The oesophagus is essentially a non-uniform, complicated structure and anisotropic soft tube.
It is highly deformable, has a nonlinear stress–strain relationship and has the viscoelasticity
of soft tissue. Mechanical research of any tubular biomaterial can be considered as a

Torque properties of a rat oesophagus for physiological and diabetic conditions

11

1213

10

12

2

3

4

1

6

5

8

7

9

1

Figure 1. Simpliﬁed diagram of the biomaterial test machine. 1: linear stage, 2: torque transducer,
3: organ bath, 4: specimen, 5: force transducer, 6: motor for axial rotation, 7: pressure transducer,
8: infusion channel, 9: motor for linear stage, 10: rails for linear stage, 11: CCD camera, 12:
plastic rod.

two-dimensional thin-wall tube (Fung et al 1979, Bergel 1961, Hayashi 1982,
Tanaka and Fung 1974, Huang et al 2001).
Because biomaterials are heterogeneous and anisotropic, their shear modulus cannot be
calculated from Young’s modulus and the Poisson ratio. A torque test will give independent
material information on tissue; Deng (1994) introduced a new instrument and method to
measure the shear modulus of a blood vessel. The blood vessel is torqued in vitro to measure
the torsional moment and degree under tension and inner pressure. The shear modulus can be
obtained by the formula
θ
(1)
L
in which T is the torque, G is the shear modulus of elasticity, J is the polar moment inertia and
θ /L is the torsional degree.
In addition, Deng advanced the exponential constitutive equation of strain energy,
including the shear modulus
T = GJ

ρ0 W (2) = q + CeQ

(2)

where the exponential parameters of the strain energy equation are given by
2
2
2
Q = a11 Eθθ + a22 Ezz + 2a12 Eθθ Ezz + a5 Ezθ

(3)

q=

(4)

2
b11 Eθθ

+

2
b22 Ezz

+ 2b12 Eθθ Ezz +

2
b5 Ezθ .

There are nine material parameters in this constitutive equation. In his paper, Deng did not
ﬁt experiment data by using the nine parameters. In our paper, the primary instrument is
rebuilt from Deng’s instrument. Shear modulus, stress and strain are calculated based on
Deng’s paper. The linear part q is cancelled from the strain energy equation. We decreased
the number of material parameters to 5, so the resolved equation is greatly simpliﬁed.
The study includes two-dimensional stretch and torque around an axial centre. The ratio
of thickness to radius is very small, so the distribution of stress and strain along the thickness
of the wall is uniform (Nicosia et al 2001).
When the torque is exerted on the thin wall tube, the torsional angle is within 3◦ , so the
stress–strain relationship relates to small deformation. There is a linear relationship between
torque T and torsional angle θ . According to the deﬁnition, the shear strain on the radius r is
as follows:
ezθ = rθ/(2L).

(5)

1214

Y-J Zeng et al

The linear stress–strain relationship means that
σzθ = 2Gezθ = Grθ/L

(6)

where G is the shear modulus, ezθ is the Cauchy strain and σzθ is the Cauchy stress. The
resultant moment (equal to torque T ) is a summation over the entire cross-sectional area of
all such elemental moments where σzθ is the shear stress at radius r; the moment of this
force about the axis of the tube is equal to the force times its distance from the centre, or
r × (σzθ 2π r dr);
ro

T = 2π

G
ri

J =

rθ 2
Gθ π 4
r dr =
r − ri4
L
L 2 o

π 4
r − ri4
2 o

(7)
(8)

where J is the polar moment of inertia for a thin wall tube, so
TL
θ
and
G=
.
(9)
T = GJ
L
Jθ
For two-dimensional stretch and inner pressure, the shear strain energy is added to the strain
energy function; the total strain energy function is given by
C
(10)
ρ0 w = exp(Q)
2
in which
2
∗2
2
∗2
∗
∗
2
∗2
Q = a11 Eθθ − Eθθ + a22 Ezz − Ezz + 2a12 (Eθθ Ezz − Eθθ Ezz ) + a5 Ezθ − Ezθ

(11)

∗
where ρ 0 is the density of the oesophagus, C, a11, a22, a12, a5 are the material parameters, Eθθ ,
∗
∗
Ezz , Ezθ the Green strain which corresponds with anyone stress state in physiological scope
and the Kirchhoff stress is given by
∂(ρ0 w)
.
(12)
sij =
∂Eij

Because it is an inﬁnitesimal deformation, the Cauchy strain is nearly equal to the Green strain
and the Cauchy stress is equal to the Kirchhoff stress.
In order to raise the stability of the ﬁtted parameters and avoid the appearance of negative
values, we selected zero value for a12, and this method had been reported (Liao et al 2003).
3. Results
The samples are taken from a normal oesophagus. Each sample is turned in a clockwise
direction by 30◦ and then in an anti-clockwise direction by 30◦ , three times. When the sample
is torqued, the tensile force and the torque are recorded by a computer. A typical record of
the torque versus rate of twist J (dθ/dL) with λzz as a parameter is shown in ﬁgure 2(a), while
a typical record of the torque versus rate of twist J (dθ/dL) with transmural pressure P as
a parameter is shown in ﬁgure 2(b). The samples are taken from the same rat. Under the
loading and unloading procedures, there is small spindle shape between the torque and the rate
of twist. The relationship between these variables is approximated to be linear with a slope
equal to G. From ﬁgure 2(a) we ﬁnd that G increases with increasing λzz for P = 0.5 kPa.
Also, the greater the difference between the loading and unloading curves, the greater the loss
of energy. From ﬁgure 2(b), G increases with increasing P for λzz = 1.5. Simultaneously,
the difference between the symmetrical loading and unloading curves is evidently increased.

Torque properties of a rat oesophagus for physiological and diabetic conditions

1215

Figure 2. (a) Typical record of torque versus rate of twist J (dθ/dL) with the longitudinal stretch
ratio λzz as a parameter. (b) Typical record of torque versus rate of twist J (dθ/dL) with the
transmural pressure P as a parameter.

The torsional curve in the clockwise direction is basically symmetrical with the curve in the
anti-clockwise direction.
In order to study the relationship between the shear modulus and the pressure and stretch
ratio another method is used to carry out the comparison. The shear modulus of every sample
is calculated under different inner pressure and stretch ratio, then their mean and standard
deviation is determined. Variations of the shear modulus of elasticity of the oesophagus with
longitudinal stretch ratio and transmural pressure are shown in ﬁgures 3(a) and (b).
The relationship between the shear modulus and the stretch ratios under some transmural
pressure is nonlinear. The slope of curve will increase if the longitudinal stretch ratio is
increased, and the curve will become steeper and more precipitous. If the longitudinal stretch
ratio is constant, the shear modulus has a linear relationship with the transmural pressure, and
the slope will increase if the longitudinal stretch ratio is increased. The variation of the shear
modulus of elasticity of the oesophagus with longitudinal strain and stress in the process of
elongation at different transmural pressures are shown in ﬁgures 4(a) and (b), respectively.
The variation of the shear modulus of elasticity of the oesophagus with longitudinal stress,

1216

Y-J Zeng et al
(a) 400
Shear modulus (kPa)

350

transmural pressure(kPa)

300

0

250

0.25

200

0.5

150

1

100

2

50
0
1

1.2

1.4

1.6

1.8

Longitudinal stretch ratio

(b) 400
shear modulus (kPa)

350

zz=1.4

300

zz=1.5

250

zz=1.6

200
150
100
50
0
-50 0

0.5

1

1.5

2

2.5

Transmural pressure (kPa)

Figure 3. (a) Variation of shear modulus of elasticity of the oesophagus with the longitudinal
stretch ratio in the process of elongation at different transmural pressures. (b) Variation of the
shear modulus of elasticity of the oesophagus with transmural pressure in the process of inﬂation
at different longitudinal stretch ratios.

circumferential stress in the process of inﬂation at different longitudinal stretch ratios are
shown in ﬁgures 5(a)–(d).
From ﬁgure 5(b), it can be seen that the shear modulus will change with the alteration
of the circumferential stretch ratio. The relationship curve is different from the slope of
the curve of the shear modulus to longitudinal stretch ratio in ﬁgure 3(a). We can see the
same phenomenon, which is the relationship between the shear modulus and the longitudinal
strain, and circumferential strain, in ﬁgures 4(a) and 5(c). The shear modulus will change
with longitudinal and circumferential strain alteration, and the relationships are nonlinear.
The relative curves between the shear modulus and the two direction strains are obviously
different.
The relationship between the shear modulus and the longitudinal stress can be obtained
in two ways. One way is for the shear modulus to be varied with longitudinal stress under
different transmural pressures (ﬁgure 4(b)). Another way is for the shear modulus to be
varied with longitudinal stress in the process of inﬂation at different longitudinal stretch ratios
(ﬁgure 5(a)). The calculated results are very similar. There is a linear relationship between the
shear modulus and the longitudinal stress, and it is not obviously related to the longitudinal
strain and transmural pressure. A linear relationship can be seen between the shear modulus
and the circumferential stress in the process of inﬂation at different longitudinal stretch
ratios (ﬁgure 5(d)), and the slope for this relationship increases with incremental increases of
longitudinal stretch.

Torque properties of a rat oesophagus for physiological and diabetic conditions

1217

(a) 400
Shear modulus (kPa)

350

transmural pressure (kPa)

300

0

250

0.25

200

0.5
1

150

2

100
50
0
0

Shear modulus (kPa)

(b) 350

0.2

0.4
0.6
0.8
Longitudinal Green strain

1

transmural pressure (kPa)

300

P=0.5kPa
P=1kPa
P=2kPa

250
200
150
100
50
0

0

2

4

6

8

10

12

14

16

Longitudinal Kirchhoff stress (kPa)

Figure 4. (a) Variation of the shear modulus of elasticity of the oesophagus with longitudinal strain
in the process of elongation at different transmural pressures. (b) Variation of the shear modulus of
elasticity of oesophagus with longitudinal stress in the process of elongation at different transmural
pressures.
Table 1. Material constants of an intact oesophagus.
Mean ± SEM

Normal

a11
a22
a12
a5
C (kPa)

2.2446 ± 0.3931
12.2434 ± 0.7838
0
374.8 ± 36.352
0.07212 ± 0.0188

28 day diabetes
1.7520 ± 0.2183
13.6066 ± 1.3787
0
363.1091 ± 60.7677
0.2089 ± 0.0839

P value
0.299
0.410
0
0.872
0.143

Variations in the elastic shear moduli over the course of a few days in diabetes development
at longitudinal stretch ratio λzz = 1.5 and various transmural pressures are shown in ﬁgure 6(a).
The elastic shear modulus rises with increased transmural pressure, in particular, when the
transmural pressure is more than 0.25 kPa, the shear moduli for various transmural pressures
were remarkably different. Diabetes has a notable affect on the shear modulus. This effect
shows that the shear moduli are obviously increased after 28 days.
Variation in the elastic shear modulus in the course of diabetes development at transmural
pressure p = 1 kPa and various longitudinal stretch ratios are pictured in ﬁgure 6(b).
The stress–strain data were ﬁtted by using the proposed exponential strain energy function.
For an intact oesophagus, the material constants of normal and 28 day diabetes are obtained
from the ﬁtted curves. The results of the material constants are listed in table 1. The ﬁtting
results show that a11 is smaller than a22 in an intact oesophagus ( p &lt; 0.001).

1218

Y-J Zeng et al

400

400

(a)
shear modulus (kPa)

Shear Modulus (kPa)

350
300
250
zz=1.4

200

zz=1.5

150
100

zz=1.6

50

(b)

350
300
250

zz=1.4

200

zz=1.5

150

zz=1.6

100
50
0

0
0

5

10

15

0

20

0.5

Longitudinal Kirchhoff stress (kPa)
400

400

(c)

1.5

2

2.5

300

zz=1.5

250

zz=1.6

200
150
100
50

(d)

350

zz=1.4

Shear Modulus (kPa)

350
shear modulus (kPa)

1

Circumferential stretch ratio

zz=1.4

zz=1.5

300
250

zz=1.6

200
150
100
50

0
-0.5

0

0. 5
1
1.5
Circumferential Green strain

2

2.5

0
-50

0

1
2
3
Circumferential Kirchhoff stress (kPa)

4

Figure 5. (a) Variation of the shear modulus of elasticity of the oesophagus with longitudinal
stress in the process of inﬂation at different longitudinal stretch ratios. (b) Variation of the shear
modulus of elasticity of the oesophagus with circumferential stretch ratio in the process of inﬂation
at different longitudinal stretch ratios. (c) Variation of the shear modulus of elasticity of the
oesophagus with circumferential strain in the process of inﬂation at different longitudinal stretch
ratios. (d) Variation of the shear modulus of elasticity of the oesophagus with circumferential
stress in the process of inﬂation at different longitudinal stretch ratios.

4. Discussion
Research on passive biomechanical properties for soft tissues with tube shape is mainly used in
elongated and inﬂated tests in two dimensions (Petersen et al 1999, Gregersen and Christensen
1996). Few tests of torque have been used for this purpose, but the torque test is extremely
necessary to understand such tissues as the gastrointestinal tract and blood vessels, which have
nonlinear and anisotropic properties. The shear modulus cannot be directly obtained from
a linear constitutive equation involving circumferential and longitudinal moduli, and so the
torque test is necessary to give independent material information on tissues.
Although the torque test is very important, only a few studies have been reported. The
reason is that these soft tissues have large deformation and are very supple, which makes
it difﬁcult to measure the torque using an appropriate instrument. If the deformation of a
tissue is very small, the instrument introduced by Chen and Lakes (1989) can be used. If
electromagnetic torque is exerted on the sample, then the deformation can be measured by a
laser interferometer. If the tissue is a little hard, such as a large artery, it can be measured
using the instrument used by Humphrey (1993). Deng et al (1994) reported the elastic shear
moduli of a blood vessel, and presented a new method of measuring the torque properties of
tubular soft tissue. The instrument introduced in the current paper is based upon the design
idea of Deng. The instrument can measure gastrointestinal tract tissue which is softer than

Torque properties of a rat oesophagus for physiological and diabetic conditions

1219

zz=1.5

shear modulus (kPa)

300

(a)

250

P=2kPa

200
P=1kPa

150
100

P=0.5kPa
P=0.25kPa
P=0kPa

50
0

0

10

20

30

Days

Shear modulus (kPa)

300

(b)

P=1kPa

zz=1.6

250
200

zz=1.5

150
100
50
0

zz=1.4

0

10

20

30

Days
Figure 6. Variation in the elastic shear modulus in the process of diabetes development. (a)
Variation at λzz = 1.5 and various transmural pressures. (b) Variation at P = 1 kPa and various
longitudinal stretch ratios.

blood vessel tissue. While the design of Deng is vertical, the instrument built for the present
study is horizontal and can dispel the effect of gravity and water pressure on the sample.
Diabetes has a notable affect on the shear modulus, with shear moduli increasing after
28 days of STZ treatment. The elastic shear modulus, over the course of 28 days of diabetes
development at longitudinal stretch ratio λzz = 1.5 and transmural pressure P = 2 kPa, rises
remarkably. The elastic shear modulus after 28 days of STZ treatment is 1.6 times that of the
normal. The elastic shear modulus over the course of a few days of diabetes development at
transmural pressure p = 1 kPa and longitudinal stretch ratio λzz = 1.6 is also rises remarkably.
The elastic shear modulus after 28 days of STZ treatment is 1.37 times that of the normal.
The material constants a11 and C of normal and 28 day diabetes are signiﬁcantly different. It
is concluded that torque properties may have a future role in identifying diabetes.
References
Assentoft J E, Gregersen H and O’Brien W D 2000 Determination of biomechanical properties in guinea pig esophagus
by means of high frequency ultrasound and impedance planimetry Dig. Dis. Sci. 4 1260–6
Bergel D H 1961 The static elastic properties of arterial wall. The dynamic elastic properties of arterial wall J. Physiol.
Lond. 156 445–69
Chen C P and Lakes R S 1989 Apparatus for determining the viscoelastic properties of material over ten decades of
frequency and time J. Rheol. 3 1131–249
Christensen J 1987 Motility of the esophagus Physiology of the Gastrointestinal Tract 2nd edn, ed L R Johnson,
J Christensen, M J Jackson, E D Jacobson and J H Walsh (NewYork: Raven Press) pp 211–20
Deng S X, Tomioka J, Debes J C and Fung Y C 1994 New experiments on shear modulus of elasticity of arteries Am.
J. Phys. 266 H1–H10

1220

Y-J Zeng et al

Dou Y, Gregersen S, Zhao J, Zhuang F and Gregersen H 2001 Effect of re-feeding after starvation on biomechanical
properties in rat small intestine Med. Eng. Phys. 23 557–66
Dou Y, Gregersen S, Zhao J, Zhuang F and Gregersen H 2002 Morphometric and biomechanical intestinal remodeling
induced by fasting in rats Dig. Dis. Sci. 47 1158–68
Drewes A M, Schipper K P, Dimcevski G, Petersen P, Andersen O K, Gregersen H and Arendt-Nielsen L 2002
Multimodal assessment of pain in the esophagus: a new experimental model Am. J. Physiol. Gastrointest. Liver
Physiol. 283 G95–103
Elbrønd H, Tøttrup A and Forman A 1991 Mechanical properties of isolated smooth muscle from rabbit sphincter of
oddi and duodenum Scand. J. Gastroenterol. 26 289–94
Fung Y C, Fronek K and Patitucci P 1979 Pseudoelasticity of arteries and the choice of its mathematical expression
J. Physiol. 237 620–31
Gregersen H and Andersen M B 1991 Impedance measurement system for quantiﬁcation of cross-sectional area in
the gastrointestinal tract Med. Biol. Eng. Comput. 29 108–10
Gregersen H and Christensen L L 1996 Pressure-cross-sectional area relations and elasticity in the rabbit oesophagus
in vivo Digestion 57 174–9
Grishaw E K, Ott D J, Frederick M G, Gelfand D W and Chen M Y 1996 Functional abnormalities of the esophagus:
a prospective analysis of radiographic ﬁndings relative to age and symptoms Am. J. Roentgenol. 167 719–23
Gregersen H, Vinter-Jensen L, Juhl C O and Dajani E Z 1996 Impedance planimetric characterization of the distal
oesophagus in the Goettingen minipig J. Biomech. 29 63–8
Harris J H, Therkelsen E E and Zinner N R 1971 Electrical Measurement of Ureteral Flow ed S Boyarsky,
E A Tanagho, C W Gottschalk and P D Zimskind (London: Academic) pp 465–72
Hayashi K 1982 Fundamental and applied studies of mechanical properties of cardiovascular tissues Biorheology 19
425–36
Hewson E G, Ott D J, Dalton C B, Chen Y M, Wu W C and Richter J E 1990 Manometry and radiology. Complementary
studies in the assessment of esophageal motility disorders Gastroenterology 98 626–32
Huang W, Delgado-West D, Wu J T and Fung Y C 2001 Tissue remodeling of rat pulmonary artery in hypoxic
breathing. II. Course of change of mechanical properties Ann. Biomed. Eng. 29 552–56
Humphrey J D, Kang Sakarda T and Anjanappa M 1993 Computer-aided vascular experimentation: a new
electromechanical test system Ann. Biomed. Eng. 21 33–43
Juhl C O, Vinter-Jensen L, Djurhuus J C, Gregersen H and Dajani E Z 1994 Biomechanical properties of the oesophagus
damaged by endoscopic sclerotherapy. An impedance planimetric study in minipigs Scand. J. Gastroenterol. 29
867–73
Liao D, Duch B U, Stodklide-Jorgensen H, Zeng Y J, Gregersen H and Kassab G S 2004 Tension and stress calculation
in a 3-D Fourier model of gall bladder geometry obtained from MR images Annu. Biomed. Eng. 32 774–55
Liao D H et al 2003 The effect of epidermal growth factor on the incremental Young’s moduli in the rat small intestine
Med. Eng. Phys. 25 413–8
Narawane N M, Bhatia S J, Mistry F P, Abraham P and Dherai A J 1998 Manometric mapping of normal esophagus
and deﬁnition of the transition zone Indian J. Gastroenterol. 17 55–7
Nicosia M A and Brasseur J G 2002 A mathematical model for estimating muscle tension in vivo during esophageal
bolus transport J. Theor. Biol. 219 235–55
Nicosia M A, Brasseur J G, Liu J B and Miller L S 2001 Local longitudinal muscle shortening of the human esophagus
from high-frequency ultrasonography Am. J. Physiol. Gastrointest Liver Physiol. 281 G1022–33
Petersen J A, Djurhuus C, Koff J, Vinter-Jensen L and Gregersen H 1998 Endoscopic sclerotherapy in porcine
esophagus changes luminal cross-sectional area and wall distensibility dose- and time-dependently Dig. Dis.
Sci. 43 521–8
Petersen J A, Duch B U and Gregersen H 1999 Luminal cross-sectional area and wall distensibility in the isolated
porcine oesophagus Int. J. Surg. Investig. 1 23–8
Pehlivanov N, Liu J, Kassab G S, Puckett J L and Mittal R K 2001 Relationship between esophageal muscle thickness
and intraluminal pressure: an ultrasonographic study Am. J. Physiol. Gastrointest. Liver Physiol. 280 G1093–8
Pouderoux P, Shi G, Tatum R P and Kahrilas P J 1999 Esophageal solid bolus transit: studies using concurrent
videoﬂuoroscopy and manometry Am. J. Gastroenterol. 94 1457–63
Ren J, Massey B T, Dodds W J, Kern M K, Brasseur J G, Shaker R, Harrington S S, Hogan W J and
Arndorfer R C 1993 Determinants of intrabolus pressure during esophageal peristaltic bolus transport Am.
J. Phys. 264 G407–13
Tanaka T T and Fung Y C 1974 Elastic and inelastic properties of the canine aorta and their variation along the aortic
tree J. Bimech. 7 357–70
Tottrup A, Forman A, Uldbjerg N, Funch-Jensen P and Andersson K E 1990 Mechanical properties of isolated human
esophageal smooth muscle Am. J. Phys. 258 G338–43

Torque properties of a rat oesophagus for physiological and diabetic conditions

1221

Villadsen G E, Storkholm J, Zachariae H, Hendel L, Bendtsen F and Gregersen H 2001 Oesophageal pressurecross-sectional area distributions and secondary peristalsis in relation to subclassiﬁcation of systemic sclerosis
Neurogastroenterol. Moti 13 199–210
Vinter-Jensen L, Juhl C O, Eika B, Gregersen H and Dajani E Z 1995 Epidermal growth factor attenuates the
sclerotherapy-induced biomechanical properties of the oesophagus. An experimental study in minipigs Scand.
J. Gastroenterol. 30 614–9
Yang J, Zhao J-B, Zeng Y-J and Gregersen H 2003a Biomechanical properties of ileum after systemic treatment with
epithelial growth factor World J. Gastroenterol. 9 2278–83
Yang J, Zhao J-B, Zeng Y-J, Vinter-Jensen L and Gregersen H 2003b Morphological properties of Zero-stress state
in rat large intestine during systemic EGF treatment Dig. Dis. Sci. 48 442–8
Zeng Y-J, Qiao A-K, Yu J-D, Zhao J-B, Liao D-H, Xu X-H and Gregersen H 2003 Collagen ﬁber angel in the
submucosa of small intestine and its application in gastroenterology World J. Gastroenterol. 9 804–7

</p></div></body><back><div><listBibl type="references"><biblStruct xml:id="pm180582bib01" type="article"><analytic><title level="a">Determination of biomechanical properties in guinea pig esophagus by means of high frequency ultrasound and impedance planimetry</title><author><persName><forename type="first">J E</forename><surname>Assentoft</surname></persName></author><author><persName><forename type="first">H</forename><surname>Gregersen</surname></persName></author><author><persName><forename type="first">W D</forename><surname>O'Brien</surname></persName></author></analytic><monogr><title level="j">Dig. Dis. Sci.</title><imprint><date type="published">2000</date><biblScope unit="volume">4</biblScope><biblScope unit="range">12606</biblScope></imprint></monogr></biblStruct><biblStruct xml:id="pm180582bib02" type="article"><analytic><title level="a">The static elastic properties of arterial wall. The dynamic elastic properties of arterial wall</title><author><persName><forename type="first">D H</forename><surname>Bergel</surname></persName></author></analytic><monogr><title level="j">J. Physiol. Lond.</title><imprint><date type="published">1961</date><biblScope unit="volume">156</biblScope><biblScope unit="range">44569</biblScope></imprint></monogr></biblStruct><biblStruct xml:id="pm180582bib03" type="article"><analytic><title level="a">Apparatus for determining the viscoelastic properties of material over ten decades of frequency and time</title><author><persName><forename type="first">C P</forename><surname>Chen</surname></persName></author><author><persName><forename type="first">R S</forename><surname>Lakes</surname></persName></author></analytic><monogr><title level="j">J. Rheol.</title><imprint><date type="published">1989</date><biblScope unit="volume">3</biblScope><biblScope unit="range">1131249</biblScope></imprint></monogr></biblStruct><biblStruct xml:id="pm180582bib04" type="article"><analytic><title level="a">Motility of the esophagus</title><author><persName><forename type="first">J</forename><surname>Christensen</surname></persName></author></analytic><monogr><title level="j">Physiology of the Gastrointestinal Tract</title><editor><persName><forename type="first">L R</forename><surname>Johnson</surname></persName></editor><editor><persName><forename type="first">J</forename><surname>Christensen</surname></persName></editor><editor><persName><forename type="first">M J</forename><surname>Jackson</surname></persName></editor><editor><persName><forename type="first">E D</forename><surname>Jacobson</surname></persName></editor><editor><persName><forename type="first">J H</forename><surname>Walsh</surname></persName></editor><imprint><date type="published">1987</date><publisher>Raven Press</publisher><pubPlace>NewYork</pubPlace><biblScope unit="range">pp 21120</biblScope></imprint></monogr></biblStruct><biblStruct xml:id="pm180582bib05" type="article"><analytic><title level="a">New experiments on shear modulus of elasticity of arteries</title><author><persName><forename type="first">S X</forename><surname>Deng</surname></persName></author><author><persName><forename type="first">J</forename><surname>Tomioka</surname></persName></author><author><persName><forename type="first">J C</forename><surname>Debes</surname></persName></author><author><persName><forename type="first">Y C</forename><surname>Fung</surname></persName></author></analytic><monogr><title level="j">Am. J. Phys.</title><imprint><date type="published">1994</date><biblScope unit="volume">266</biblScope><biblScope unit="range">H1H10</biblScope></imprint></monogr></biblStruct><biblStruct xml:id="pm180582bib06" type="article"><analytic><title level="a">Effect of re-feeding after starvation on biomechanical properties in rat small intestine</title><author><persName><forename type="first">Y</forename><surname>Dou</surname></persName></author><author><persName><forename type="first">S</forename><surname>Gregersen</surname></persName></author><author><persName><forename type="first">J</forename><surname>Zhao</surname></persName></author><author><persName><forename type="first">F</forename><surname>Zhuang</surname></persName></author><author><persName><forename type="first">H</forename><surname>Gregersen</surname></persName></author></analytic><monogr><title level="j">Med. Eng. Phys.</title><imprint><date type="published">2001</date><biblScope unit="volume">23</biblScope><biblScope unit="range">55766</biblScope></imprint></monogr></biblStruct><biblStruct xml:id="pm180582bib07" type="article"><analytic><title level="a">Morphometric and biomechanical intestinal remodeling induced by fasting in rats</title><author><persName><forename type="first">Y</forename><surname>Dou</surname></persName></author><author><persName><forename type="first">S</forename><surname>Gregersen</surname></persName></author><author><persName><forename type="first">J</forename><surname>Zhao</surname></persName></author><author><persName><forename type="first">F</forename><surname>Zhuang</surname></persName></author><author><persName><forename type="first">H</forename><surname>Gregersen</surname></persName></author></analytic><monogr><title level="j">Dig. Dis. Sci.</title><imprint><date type="published">2002</date><biblScope unit="volume">47</biblScope><biblScope unit="range">115868</biblScope></imprint></monogr></biblStruct><biblStruct xml:id="pm180582bib08" type="article"><analytic><title level="a">Multimodal assessment of pain in the esophagus: a new experimental model</title><author><persName><forename type="first">A M</forename><surname>Drewes</surname></persName></author><author><persName><forename type="first">K P</forename><surname>Schipper</surname></persName></author><author><persName><forename type="first">G</forename><surname>Dimcevski</surname></persName></author><author><persName><forename type="first">P</forename><surname>Petersen</surname></persName></author><author><persName><forename type="first">O K</forename><surname>Andersen</surname></persName></author><author><persName><forename type="first">H</forename><surname>Gregersen</surname></persName></author><author><persName><forename type="first">L</forename><surname>Arendt-Nielsen</surname></persName></author></analytic><monogr><title level="j">Am. J. Physiol. Gastrointest. Liver Physiol.</title><imprint><date type="published">2002</date><biblScope unit="volume">283</biblScope><biblScope unit="range">G95103</biblScope></imprint></monogr></biblStruct><biblStruct xml:id="pm180582bib09" type="article"><analytic><title level="a">Mechanical properties of isolated smooth muscle from rabbit sphincter of oddi and duodenum</title><author><persName><forename type="first">H</forename><surname>Elbrnd</surname></persName></author><author><persName><forename type="first">A</forename><surname>Tttrup</surname></persName></author><author><persName><forename type="first">A</forename><surname>Forman</surname></persName></author></analytic><monogr><title level="j">Scand. J. Gastroenterol.</title><imprint><date type="published">1991</date><biblScope unit="volume">26</biblScope><biblScope unit="range">28994</biblScope></imprint></monogr></biblStruct><biblStruct xml:id="pm180582bib10" type="article"><analytic><title level="a">Pseudoelasticity of arteries and the choice of its mathematical expression</title><author><persName><forename type="first">Y C</forename><surname>Fung</surname></persName></author><author><persName><forename type="first">K</forename><surname>Fronek</surname></persName></author><author><persName><forename type="first">P</forename><surname>Patitucci</surname></persName></author></analytic><monogr><title level="j">J. Physiol.</title><imprint><date type="published">1979</date><biblScope unit="volume">237</biblScope><biblScope unit="range">62031</biblScope></imprint></monogr></biblStruct><biblStruct xml:id="pm180582bib11" type="article"><analytic><title level="a">Impedance measurement system for quantification of cross-sectional area in the gastrointestinal tract</title><author><persName><forename type="first">H</forename><surname>Gregersen</surname></persName></author><author><persName><forename type="first">M B</forename><surname>Andersen</surname></persName></author></analytic><monogr><title level="j">Med. Biol. Eng. Comput.</title><imprint><date type="published">1991</date><biblScope unit="volume">29</biblScope><biblScope unit="range">10810</biblScope></imprint></monogr></biblStruct><biblStruct xml:id="pm180582bib12" type="article"><analytic><title level="a">Pressure-cross-sectional area relations and elasticity in the rabbit oesophagus in vivo</title><author><persName><forename type="first">H</forename><surname>Gregersen</surname></persName></author><author><persName><forename type="first">L L</forename><surname>Christensen</surname></persName></author></analytic><monogr><title level="j">Digestion</title><imprint><date type="published">1996</date><biblScope unit="volume">57</biblScope><biblScope unit="range">1749</biblScope></imprint></monogr></biblStruct><biblStruct xml:id="pm180582bib13" type="article"><analytic><title level="a">Functional abnormalities of the esophagus: a prospective analysis of radiographic findings relative to age and symptoms</title><author><persName><forename type="first">E K</forename><surname>Grishaw</surname></persName></author><author><persName><forename type="first">D J</forename><surname>Ott</surname></persName></author><author><persName><forename type="first">M G</forename><surname>Frederick</surname></persName></author><author><persName><forename type="first">D W</forename><surname>Gelfand</surname></persName></author><author><persName><forename type="first">M Y</forename><surname>Chen</surname></persName></author></analytic><monogr><title level="j">Am. J. Roentgenol.</title><imprint><date type="published">1996</date><biblScope unit="volume">167</biblScope><biblScope unit="range">71923</biblScope></imprint></monogr></biblStruct><biblStruct xml:id="pm180582bib14" type="article"><analytic><title level="a">Impedance planimetric characterization of the distal oesophagus in the Goettingen minipig</title><author><persName><forename type="first">H</forename><surname>Gregersen</surname></persName></author><author><persName><forename type="first">L</forename><surname>Vinter-Jensen</surname></persName></author><author><persName><forename type="first">C O</forename><surname>Juhl</surname></persName></author><author><persName><forename type="first">E Z</forename><surname>Dajani</surname></persName></author></analytic><monogr><title level="j">J. Biomech.</title><imprint><date type="published">1996</date><biblScope unit="volume">29</biblScope><biblScope unit="range">638</biblScope></imprint></monogr></biblStruct><biblStruct xml:id="pm180582bib15" type="inbook"><monogr><title level="m">Electrical Measurement of Ureteral Flow</title><editor><persName><forename type="first">J H</forename><surname>Harris</surname></persName></editor><editor><persName><forename type="first">E E</forename><surname>Therkelsen</surname></persName></editor><editor><persName><forename type="first">N R</forename><surname>Zinner</surname></persName></editor><editor><persName><forename type="first">S</forename><surname>Boyarsky</surname></persName></editor><editor><persName><forename type="first">E A</forename><surname>Tanagho</surname></persName></editor><editor><persName><forename type="first">C W</forename><surname>Gottschalk</surname></persName></editor><editor><persName><forename type="first">P D</forename><surname>Zimskind</surname></persName></editor><idno type="ref-id">pm180582bib15</idno><imprint><publisher>Academic</publisher><pubPlace>London</pubPlace><date type="published">1971</date><biblScope unit="page">pp 46572</biblScope></imprint></monogr></biblStruct><biblStruct xml:id="pm180582bib16" type="article"><analytic><title level="a">Fundamental and applied studies of mechanical properties of cardiovascular tissues</title><author><persName><forename type="first">K</forename><surname>Hayashi</surname></persName></author></analytic><monogr><title level="j">Biorheology</title><imprint><date type="published">1982</date><biblScope unit="volume">19</biblScope><biblScope unit="range">42536</biblScope></imprint></monogr></biblStruct><biblStruct xml:id="pm180582bib17" type="article"><analytic><title level="a">Manometry and radiology. Complementary studies in the assessment of esophageal motility disorders</title><author><persName><forename type="first">E G</forename><surname>Hewson</surname></persName></author><author><persName><forename type="first">D J</forename><surname>Ott</surname></persName></author><author><persName><forename type="first">C B</forename><surname>Dalton</surname></persName></author><author><persName><forename type="first">Y M</forename><surname>Chen</surname></persName></author><author><persName><forename type="first">W C</forename><surname>Wu</surname></persName></author><author><persName><forename type="first">J E</forename><surname>Richter</surname></persName></author></analytic><monogr><title level="j">Gastroenterology</title><imprint><date type="published">1990</date><biblScope unit="volume">98</biblScope><biblScope unit="range">62632</biblScope></imprint></monogr></biblStruct><biblStruct xml:id="pm180582bib18" type="article"><analytic><title level="a">Tissue remodeling of rat pulmonary artery in hypoxic breathing. II. Course of change of mechanical properties</title><author><persName><forename type="first">W</forename><surname>Huang</surname></persName></author><author><persName><forename type="first">D</forename><surname>Delgado-West</surname></persName></author><author><persName><forename type="first">J T</forename><surname>Wu</surname></persName></author><author><persName><forename type="first">Y C</forename><surname>Fung</surname></persName></author></analytic><monogr><title level="j">Ann. Biomed. Eng.</title><imprint><date type="published">2001</date><biblScope unit="volume">29</biblScope><biblScope unit="range">55256</biblScope></imprint></monogr></biblStruct><biblStruct xml:id="pm180582bib19" type="article"><analytic><title level="a">Computer-aided vascular experimentation: a new electromechanical test system</title><author><persName><forename type="first">J D</forename><surname>Humphrey</surname></persName></author><author><persName><forename type="first">T</forename><surname>Kang Sakarda</surname></persName></author><author><persName><forename type="first">M</forename><surname>Anjanappa</surname></persName></author></analytic><monogr><title level="j">Ann. Biomed. Eng.</title><imprint><date type="published">1993</date><biblScope unit="volume">21</biblScope><biblScope unit="range">3343</biblScope></imprint></monogr></biblStruct><biblStruct xml:id="pm180582bib20" type="article"><analytic><title level="a">Biomechanical properties of the oesophagus damaged by endoscopic sclerotherapy. An impedance planimetric study in minipigs</title><author><persName><forename type="first">C O</forename><surname>Juhl</surname></persName></author><author><persName><forename type="first">L</forename><surname>Vinter-Jensen</surname></persName></author><author><persName><forename type="first">J C</forename><surname>Djurhuus</surname></persName></author><author><persName><forename type="first">H</forename><surname>Gregersen</surname></persName></author><author><persName><forename type="first">E Z</forename><surname>Dajani</surname></persName></author></analytic><monogr><title level="j">Scand. J. Gastroenterol.</title><imprint><date type="published">1994</date><biblScope unit="volume">29</biblScope><biblScope unit="range">86773</biblScope></imprint></monogr></biblStruct><biblStruct xml:id="pm180582bib21" type="article"><analytic><title level="a">Tension and stress calculation in a 3-D Fourier model of gall bladder geometry obtained from MR images</title><author><persName><forename type="first">D</forename><surname>Liao</surname></persName></author><author><persName><forename type="first">B U</forename><surname>Duch</surname></persName></author><author><persName><forename type="first">H</forename><surname>Stodklide-Jorgensen</surname></persName></author><author><persName><forename type="first">Y J</forename><surname>Zeng</surname></persName></author><author><persName><forename type="first">H</forename><surname>Gregersen</surname></persName></author><author><persName><forename type="first">G S</forename><surname>Kassab</surname></persName></author></analytic><monogr><title level="j">Annu. Biomed. Eng.</title><imprint><date type="published">2004</date><biblScope unit="volume">32</biblScope><biblScope unit="range">77455</biblScope></imprint></monogr></biblStruct><biblStruct xml:id="pm180582bib22" type="article"><analytic><title level="a">The effect of epidermal growth factor on the incremental Young's moduli in the rat small intestine</title><author><persName><forename type="first">D H</forename><surname>Liao</surname></persName></author></analytic><monogr><title level="j">Med. Eng. Phys.</title><imprint><date type="published">2003</date><biblScope unit="volume">25</biblScope><biblScope unit="range">4138</biblScope></imprint></monogr></biblStruct><biblStruct xml:id="pm180582bib23" type="article"><analytic><title level="a">Manometric mapping of normal esophagus and definition of the transition zone</title><author><persName><forename type="first">N M</forename><surname>Narawane</surname></persName></author><author><persName><forename type="first">S J</forename><surname>Bhatia</surname></persName></author><author><persName><forename type="first">F P</forename><surname>Mistry</surname></persName></author><author><persName><forename type="first">P</forename><surname>Abraham</surname></persName></author><author><persName><forename type="first">A J</forename><surname>Dherai</surname></persName></author></analytic><monogr><title level="j">Indian J. Gastroenterol.</title><imprint><date type="published">1998</date><biblScope unit="volume">17</biblScope><biblScope unit="range">557</biblScope></imprint></monogr></biblStruct><biblStruct xml:id="pm180582bib24" type="article"><analytic><title level="a">A mathematical model for estimating muscle tension in vivo during esophageal bolus transport</title><author><persName><forename type="first">M A</forename><surname>Nicosia</surname></persName></author><author><persName><forename type="first">J G</forename><surname>Brasseur</surname></persName></author></analytic><monogr><title level="j">J. Theor. Biol.</title><imprint><date type="published">2002</date><biblScope unit="volume">219</biblScope><biblScope unit="range">23555</biblScope></imprint></monogr></biblStruct><biblStruct xml:id="pm180582bib25" type="article"><analytic><title level="a">Local longitudinal muscle shortening of the human esophagus from high-frequency ultrasonography</title><author><persName><forename type="first">M A</forename><surname>Nicosia</surname></persName></author><author><persName><forename type="first">J G</forename><surname>Brasseur</surname></persName></author><author><persName><forename type="first">J B</forename><surname>Liu</surname></persName></author><author><persName><forename type="first">L S</forename><surname>Miller</surname></persName></author></analytic><monogr><title level="j">Am. J. Physiol. Gastrointest Liver Physiol.</title><imprint><date type="published">2001</date><biblScope unit="volume">281</biblScope><biblScope unit="range">G102233</biblScope></imprint></monogr></biblStruct><biblStruct xml:id="pm180582bib26" type="article"><analytic><title level="a">Endoscopic sclerotherapy in porcine esophagus changes luminal cross-sectional area and wall distensibility dose- and time-dependently</title><author><persName><forename type="first">J A</forename><surname>Petersen</surname></persName></author><author><persName><forename type="first">C</forename><surname>Djurhuus</surname></persName></author><author><persName><forename type="first">J</forename><surname>Koff</surname></persName></author><author><persName><forename type="first">L</forename><surname>Vinter-Jensen</surname></persName></author><author><persName><forename type="first">H</forename><surname>Gregersen</surname></persName></author></analytic><monogr><title level="j">Dig. Dis. Sci.</title><imprint><date type="published">1998</date><biblScope unit="volume">43</biblScope><biblScope unit="range">5218</biblScope></imprint></monogr></biblStruct><biblStruct xml:id="pm180582bib27" type="article"><analytic><title level="a">Luminal cross-sectional area and wall distensibility in the isolated porcine oesophagus</title><author><persName><forename type="first">J A</forename><surname>Petersen</surname></persName></author><author><persName><forename type="first">B U</forename><surname>Duch</surname></persName></author><author><persName><forename type="first">H</forename><surname>Gregersen</surname></persName></author></analytic><monogr><title level="j">Int. J. Surg. Investig.</title><imprint><date type="published">1999</date><biblScope unit="volume">1</biblScope><biblScope unit="range">238</biblScope></imprint></monogr></biblStruct><biblStruct xml:id="pm180582bib28" type="article"><analytic><title level="a">Relationship between esophageal muscle thickness and intraluminal pressure: an ultrasonographic study</title><author><persName><forename type="first">N</forename><surname>Pehlivanov</surname></persName></author><author><persName><forename type="first">J</forename><surname>Liu</surname></persName></author><author><persName><forename type="first">G S</forename><surname>Kassab</surname></persName></author><author><persName><forename type="first">J L</forename><surname>Puckett</surname></persName></author><author><persName><forename type="first">R K</forename><surname>Mittal</surname></persName></author></analytic><monogr><title level="j">Am. J. Physiol. Gastrointest. Liver Physiol.</title><imprint><date type="published">2001</date><biblScope unit="volume">280</biblScope><biblScope unit="range">G10938</biblScope></imprint></monogr></biblStruct><biblStruct xml:id="pm180582bib29" type="article"><analytic><title level="a">Esophageal solid bolus transit: studies using concurrent videofluoroscopy and manometry</title><author><persName><forename type="first">P</forename><surname>Pouderoux</surname></persName></author><author><persName><forename type="first">G</forename><surname>Shi</surname></persName></author><author><persName><forename type="first">R P</forename><surname>Tatum</surname></persName></author><author><persName><forename type="first">P J</forename><surname>Kahrilas</surname></persName></author></analytic><monogr><title level="j">Am. J. Gastroenterol.</title><imprint><date type="published">1999</date><biblScope unit="volume">94</biblScope><biblScope unit="range">145763</biblScope></imprint></monogr></biblStruct><biblStruct xml:id="pm180582bib30" type="article"><analytic><title level="a">Determinants of intrabolus pressure during esophageal peristaltic bolus transport</title><author><persName><forename type="first">J</forename><surname>Ren</surname></persName></author><author><persName><forename type="first">B T</forename><surname>Massey</surname></persName></author><author><persName><forename type="first">W J</forename><surname>Dodds</surname></persName></author><author><persName><forename type="first">M K</forename><surname>Kern</surname></persName></author><author><persName><forename type="first">J G</forename><surname>Brasseur</surname></persName></author><author><persName><forename type="first">R</forename><surname>Shaker</surname></persName></author><author><persName><forename type="first">S S</forename><surname>Harrington</surname></persName></author><author><persName><forename type="first">W J</forename><surname>Hogan</surname></persName></author><author><persName><forename type="first">R C</forename><surname>Arndorfer</surname></persName></author></analytic><monogr><title level="j">Am. J. Phys.</title><imprint><date type="published">1993</date><biblScope unit="volume">264</biblScope><biblScope unit="range">G40713</biblScope></imprint></monogr></biblStruct><biblStruct xml:id="pm180582bib31" type="article"><analytic><title level="a">Elastic and inelastic properties of the canine aorta and their variation along the aortic tree</title><author><persName><forename type="first">T T</forename><surname>Tanaka</surname></persName></author><author><persName><forename type="first">Y C</forename><surname>Fung</surname></persName></author></analytic><monogr><title level="j">J. Bimech.</title><imprint><date type="published">1974</date><biblScope unit="volume">7</biblScope><biblScope unit="range">35770</biblScope></imprint></monogr></biblStruct><biblStruct xml:id="pm180582bib32" type="article"><analytic><title level="a">Mechanical properties of isolated human esophageal smooth muscle</title><author><persName><forename type="first">A</forename><surname>Tottrup</surname></persName></author><author><persName><forename type="first">A</forename><surname>Forman</surname></persName></author><author><persName><forename type="first">N</forename><surname>Uldbjerg</surname></persName></author><author><persName><forename type="first">P</forename><surname>Funch-Jensen</surname></persName></author><author><persName><forename type="first">K E</forename><surname>Andersson</surname></persName></author></analytic><monogr><title level="j">Am. J. Phys.</title><imprint><date type="published">1990</date><biblScope unit="volume">258</biblScope><biblScope unit="range">G33843</biblScope></imprint></monogr></biblStruct><biblStruct xml:id="pm180582bib33" type="article"><analytic><title level="a">Oesophageal pressure-cross-sectional area distributions and secondary peristalsis in relation to subclassification of systemic sclerosis</title><author><persName><forename type="first">G E</forename><surname>Villadsen</surname></persName></author><author><persName><forename type="first">J</forename><surname>Storkholm</surname></persName></author><author><persName><forename type="first">H</forename><surname>Zachariae</surname></persName></author><author><persName><forename type="first">L</forename><surname>Hendel</surname></persName></author><author><persName><forename type="first">F</forename><surname>Bendtsen</surname></persName></author><author><persName><forename type="first">H</forename><surname>Gregersen</surname></persName></author></analytic><monogr><title level="j">Neurogastroenterol. Moti</title><imprint><date type="published">2001</date><biblScope unit="volume">13</biblScope><biblScope unit="range">199210</biblScope></imprint></monogr></biblStruct><biblStruct xml:id="pm180582bib34" type="article"><analytic><title level="a">Epidermal growth factor attenuates the sclerotherapy-induced biomechanical properties of the oesophagus. An experimental study in minipigs</title><author><persName><forename type="first">L</forename><surname>Vinter-Jensen</surname></persName></author><author><persName><forename type="first">C O</forename><surname>Juhl</surname></persName></author><author><persName><forename type="first">B</forename><surname>Eika</surname></persName></author><author><persName><forename type="first">H</forename><surname>Gregersen</surname></persName></author><author><persName><forename type="first">E Z</forename><surname>Dajani</surname></persName></author></analytic><monogr><title level="j">Scand. J. Gastroenterol.</title><imprint><date type="published">1995</date><biblScope unit="volume">30</biblScope><biblScope unit="range">6149</biblScope></imprint></monogr></biblStruct><biblStruct xml:id="pm180582bib35" type="article"><analytic><title level="a">Biomechanical properties of ileum after systemic treatment with epithelial growth factor</title><author><persName><forename type="first">J</forename><surname>Yang</surname></persName></author><author><persName><forename type="first">J-B</forename><surname>Zhao</surname></persName></author><author><persName><forename type="first">Y-J</forename><surname>Zeng</surname></persName></author><author><persName><forename type="first">H</forename><surname>Gregersen</surname></persName></author></analytic><monogr><title level="j">World J. Gastroenterol.</title><imprint><date type="published">2003a</date><biblScope unit="volume">9</biblScope><biblScope unit="range">227883</biblScope></imprint></monogr></biblStruct><biblStruct xml:id="pm180582bib36" type="article"><analytic><title level="a">Morphological properties of Zero-stress state in rat large intestine during systemic EGF treatment</title><author><persName><forename type="first">J</forename><surname>Yang</surname></persName></author><author><persName><forename type="first">J-B</forename><surname>Zhao</surname></persName></author><author><persName><forename type="first">Y-J</forename><surname>Zeng</surname></persName></author><author><persName><forename type="first">L</forename><surname>Vinter-Jensen</surname></persName></author><author><persName><forename type="first">H</forename><surname>Gregersen</surname></persName></author></analytic><monogr><title level="j">Dig. Dis. Sci.</title><imprint><date type="published">2003b</date><biblScope unit="volume">48</biblScope><biblScope unit="range">4428</biblScope></imprint></monogr></biblStruct><biblStruct xml:id="pm180582bib37" type="article"><analytic><title level="a">Collagen fiber angel in the submucosa of small intestine and its application in gastroenterology</title><author><persName><forename type="first">Y-J</forename><surname>Zeng</surname></persName></author><author><persName><forename type="first">A-K</forename><surname>Qiao</surname></persName></author><author><persName><forename type="first">J-D</forename><surname>Yu</surname></persName></author><author><persName><forename type="first">J-B</forename><surname>Zhao</surname></persName></author><author><persName><forename type="first">D-H</forename><surname>Liao</surname></persName></author><author><persName><forename type="first">X-H</forename><surname>Xu</surname></persName></author><author><persName><forename type="first">H</forename><surname>Gregersen</surname></persName></author></analytic><monogr><title level="j">World J. Gastroenterol.</title><imprint><date type="published">2003</date><biblScope unit="volume">9</biblScope><biblScope unit="range">8047</biblScope></imprint></monogr></biblStruct></listBibl></div></back></text></TEI>