{
  "arkIstex": "ark:/67375/56L-1LCCSMFC-9",
  "title": "A mechanical enquiry into the nature, causes, seat, and cure of the diabetes. With an explication of the most remarkable symptoms.",
  "language": [
    "eng"
  ],
  "publicationDate": "1745",
  "ark": [
    "ark:/67375/56L-1LCCSMFC-9"
  ],
  "genre": [
    "other"
  ],
  "originalGenre": [
    "diabetes"
  ],
  "subject": [
    {
      "lang": [
        "eng"
      ],
      "value": "Diabetes"
    }
  ],
  "host": {
    "title": "A mechanical enquiry into the nature, causes, seat, and cure of the diabetes. With an explication of the most remarkable symptoms.",
    "language": [
      "unknown"
    ],
    "publicationDate": "1745",
    "genre": [
      "database"
    ],
    "subject": [
      {
        "value": "Medicine, Science and Technology"
      }
    ]
  },
  "corpusName": "ecco",
  "qualityIndicators": {
    "score": 0.062,
    "refBibsNative": false,
    "keywordCount": 1,
    "abstractCharCount": 0,
    "abstractWordCount": 1
  }
}