{
  "arkIstex": "ark:/67375/0T8-8TVV41SG-1",
  "title": "A comparative study of the analysis of human urine headspace using gas chromatographymass spectrometry",
  "abstract": "First-void urine samples were obtained from 24 elderly, asymptomatic men (median age 62.9 years). The headspace above pH adjusted urine samples were extracted using a carboxen/polydimethylsiloxane solid phase micro-extraction fibre and the volatile organic compounds analysed by gas chromatography/mass spectrometry. A total of 147 compounds were identified in the headspace of urine. The acidified samples recorded a total of 92 compounds, 27 of which were ubiquitous, basified samples 70 compounds, with 12 ubiquitous and unmodified pH samples 49, with 6 ubiquitous. Five compounds were ubiquitous irrespective of pH: acetone, methylene chloride, 4-heptanone, 2-pentanone and 2-butanone. A comparative analysis of unfrozen and frozenthawed urine (stored at room temperature for 0, 1 and 8 h) showed that samples retained the same number of compounds although variations in the peak areas for some compounds were observed.",
  "language": [
    "eng"
  ],
  "publicationDate": "2008",
  "copyrightDate": "2008",
  "doi": [
    "10.1088/1752-7155/2/3/037022"
  ],
  "ark": [
    "ark:/67375/0T8-8TVV41SG-1"
  ],
  "pii": [
    "S1752-7155(08)71956-6"
  ],
  "articleId": [
    "271956"
  ],
  "genre": [
    "research-article"
  ],
  "originalGenre": [
    "paper"
  ],
  "author": [
    {
      "name": "S Smith",
      "affiliations": [
        "Centre for Research in Analytical, Materials, and Sensor Sciences, University of the West of England, Bristol, BS16 1QY, UK"
      ]
    },
    {
      "name": "H Burden",
      "affiliations": [
        "Clinical Science at South Bristol, Bristol Royal Infirmary, Bristol, BS2 8HW, UK",
        "Bristol Royal Infirmary, Bristol, BS1 3NU, UK"
      ]
    },
    {
      "name": "R Persad",
      "affiliations": [
        "Bristol Royal Infirmary, Bristol, BS1 3NU, UK"
      ]
    },
    {
      "name": "K Whittington",
      "affiliations": [
        "Clinical Science at South Bristol, Bristol Royal Infirmary, Bristol, BS2 8HW, UK"
      ]
    },
    {
      "name": "B de Lacy Costello",
      "affiliations": [
        "Centre for Research in Analytical, Materials, and Sensor Sciences, University of the West of England, Bristol, BS16 1QY, UK"
      ]
    },
    {
      "name": "N M Ratcliffe",
      "affiliations": [
        "Centre for Research in Analytical, Materials, and Sensor Sciences, University of the West of England, Bristol, BS16 1QY, UK",
        "E-mail: Norman.Ratcliffe@UWE.ac.uk"
      ]
    },
    {
      "name": "C S Probert",
      "affiliations": [
        "Clinical Science at South Bristol, Bristol Royal Infirmary, Bristol, BS2 8HW, UK"
      ]
    }
  ],
  "pmid": [
    "21386182"
  ],
  "host": {
    "title": "Journal of Breath Research",
    "language": [
      "unknown"
    ],
    "issn": [
      "1752-7155"
    ],
    "publisherId": [
      "jbr"
    ],
    "volume": "2",
    "issue": "3",
    "pages": {
      "first": "1",
      "last": "10",
      "total": "10"
    },
    "genre": [
      "journal"
    ]
  },
  "corpusName": "iop",
  "qualityIndicators": {
    "score": 7.283,
    "pdfWordCount": 3687,
    "pdfCharCount": 29059,
    "pdfVersion": 1.4,
    "pdfPageCount": 10,
    "pdfPageSize": "595 x 842 pts (A4)",
    "refBibsNative": true,
    "abstractWordCount": 133,
    "abstractCharCount": 923,
    "keywordCount": 0
  },
  "categories": {
    "wos": [
      "1 - science",
      "2 - respiratory system",
      "2 - biochemical research methods"
    ],
    "scienceMetrix": [],
    "scopus": [
      "1 - Health Sciences",
      "2 - Medicine",
      "3 - Pulmonary and Respiratory Medicine"
    ],
    "inist": [
      "1 - sciences appliquees, technologies et medecines",
      "2 - sciences biologiques et medicales",
      "3 - sciences biologiques fondamentales et appliquees. psychologie"
    ]
  },
  "keywords": {
    "teeft": [
      "urine",
      "headspace",
      "urine samples",
      "aldehyde",
      "gure",
      "volatile compounds",
      "total count reference",
      "acid base compound name",
      "peak areas",
      "retention time",
      "methyl salicylate",
      "human urine",
      "deionized water",
      "injection port",
      "volatile",
      "compound",
      "unfrozen",
      "ubiquitous",
      "acidic compounds",
      "eumelanin precursor metabolites",
      "volatile composition",
      "water bath",
      "room temperature",
      "environmental sources",
      "metabolic disorders",
      "methylene chloride",
      "urinary tract infections",
      "basic compounds",
      "diseased patients",
      "headspace vials",
      "unsaturated aldehydes",
      "dietary sources",
      "cyclic compounds",
      "breast cancer",
      "solid phase",
      "faecal samples",
      "metabolic investigations",
      "volatile metabolites",
      "storage time"
    ]
  },
  "namedEntities": {
    "unitex": {
      "date": [],
      "geogName": [],
      "orgName": [],
      "orgName_funder": [],
      "orgName_provider": [],
      "persName": [],
      "placeName": [],
      "ref_url": [],
      "ref_bibl": [],
      "bibl": []
    }
  },
  "enrichments": {
    "type": [
      "multicat",
      "nb",
      "teeft",
      "unitex"
    ]
  },
  "refBibs": [
    {
      "title": "Uroscopy by Hippocrates and Theophilus: prognosis versus diagnosis",
      "author": [
        {
          "name": "E Kouba"
        },
        {
          "name": "E M Wallen"
        },
        {
          "name": "R S Pruthi"
        }
      ],
      "host": {
        "title": "J. Urol.",
        "author": [],
        "volume": "177"
      }
    },
    {
      "title": "Measurement of eumelanin precursor metabolites in the urine as a new marker for melanoma metastases",
      "author": [
        {
          "name": "K Yamada"
        },
        {
          "name": "N Walsh"
        },
        {
          "name": "H Hara"
        },
        {
          "name": "K Jimbow"
        },
        {
          "name": "H Chen"
        },
        {
          "name": "S Ito"
        }
      ],
      "host": {
        "title": "Arch. Dermatol.",
        "author": [],
        "volume": "128"
      }
    },
    {
      "title": "Volatile organic compounds in breath as markers of lung cancer: a cross-sectional study",
      "author": [
        {
          "name": "M Phillips"
        },
        {
          "name": "K Gleeson"
        },
        {
          "name": "J M Hughes"
        },
        {
          "name": "J Greenberg"
        },
        {
          "name": "R N Cataneo"
        },
        {
          "name": "L Baker"
        },
        {
          "name": "W P McVay"
        }
      ],
      "host": {
        "title": "Lancet",
        "author": [],
        "volume": "353"
      }
    },
    {
      "title": "Volatile markers of breast cancer in the breath",
      "author": [
        {
          "name": "M Phillips"
        },
        {
          "name": "R N Cataneo"
        },
        {
          "name": "B A Ditkoff"
        },
        {
          "name": "P Fisher"
        },
        {
          "name": "J Greenberg"
        },
        {
          "name": "R Gunawardena"
        },
        {
          "name": "C S Kwon"
        },
        {
          "name": "F Rahbari-Oskoui"
        },
        {
          "name": "C Wong"
        }
      ],
      "host": {
        "title": "Breast J.",
        "author": [],
        "volume": "9"
      }
    },
    {
      "title": "Analysis of formaldehyde in the headspace of urine from bladder and prostate cancer patients using selected ion flow tube mass spectrometry",
      "author": [
        {
          "name": "P Spanel"
        },
        {
          "name": "D Smith"
        },
        {
          "name": "T A Holland"
        },
        {
          "name": "W Al Singary"
        },
        {
          "name": "J B Elder"
        }
      ],
      "host": {
        "title": "Rapid Commun. Mass Spectrom.",
        "author": [],
        "volume": "13"
      }
    },
    {
      "title": "Headspace solid-phase microextraction profiling of volatile compounds in urine: application to metabolic investigations",
      "author": [
        {
          "name": "G A Mills"
        },
        {
          "name": "V Walker"
        }
      ],
      "host": {
        "title": "J. Chromatogr. B: Biomed. Sci. Appl.",
        "author": [],
        "volume": "753"
      }
    },
    {
      "title": "Excretion of urinary volatile metabolites in response to alloxan induced diabetes of short duration in rats",
      "author": [
        {
          "name": "G Rhodes"
        },
        {
          "name": "M L Holland"
        },
        {
          "name": "D Wiesler"
        },
        {
          "name": "M Novotny"
        },
        {
          "name": "S A Moore"
        },
        {
          "name": "R G Peterson"
        },
        {
          "name": "D L Felten"
        }
      ],
      "host": {
        "title": "J. Chromatogr.",
        "author": [],
        "volume": "228"
      }
    },
    {
      "title": "Specific detection of volatile metabolites in urines of normal subjects and patients with diabetes-mellitus using computerized mass fragmentography",
      "author": [
        {
          "name": "H M Liebich"
        }
      ],
      "host": {
        "title": "J. Chromatogr.",
        "author": [],
        "volume": "112"
      }
    },
    {
      "title": "Gas chromatographic-mass spectrometric study of volatile organic metabolites in urines of patients with diabetes-mellitus",
      "author": [
        {
          "name": "H M Liebich"
        },
        {
          "name": "O Albabbili"
        }
      ],
      "host": {
        "title": "J. Chromatogr.",
        "author": [],
        "volume": "112"
      }
    },
    {
      "title": "Gas-chromatographic and mass-spectrometric detection of low-molecular-weight aliphatic-Alcohols in Urine of Normal Individuals and patients with diabetes-mellitus",
      "author": [
        {
          "name": "H M Liebich"
        },
        {
          "name": "O Albabbili"
        },
        {
          "name": "A Zlatkis"
        },
        {
          "name": "K Kim"
        }
      ],
      "host": {
        "title": "Clin. Chem.",
        "author": [],
        "volume": "21"
      }
    },
    {
      "title": "Identifying bacteria in human urine: current practice and the potential for rapid, near-patient diagnosis by sensing volatile organic compounds",
      "author": [
        {
          "name": "N Guernion"
        },
        {
          "name": "N M Ratcliffe"
        },
        {
          "name": "P T Spencer-Phillips"
        },
        {
          "name": "R A Howe"
        }
      ],
      "host": {
        "title": "Clin. Chem. Lab Med.",
        "author": [],
        "volume": "39"
      }
    },
    {
      "title": "Diagnosis of bacteriuria by detection of volatile organic compounds in urine using an automated headspace analyzer with multiple conducting polymer sensors",
      "author": [
        {
          "name": "S Aathithan"
        },
        {
          "name": "J C Plant"
        },
        {
          "name": "A N Chaudry"
        },
        {
          "name": "G L French"
        }
      ],
      "host": {
        "title": "J. Clin. Microbiol.",
        "author": [],
        "volume": "39"
      }
    },
    {
      "title": "Monitoring urinary tract infections and bacterial vaginosis",
      "author": [
        {
          "name": "K C Persaud"
        },
        {
          "name": "A M Pisanelli"
        },
        {
          "name": "P Evans"
        },
        {
          "name": "P J Travers"
        }
      ],
      "host": {
        "title": "Sensors Actuators",
        "author": [],
        "volume": "116"
      }
    },
    {
      "title": "Profile of volatile metabolites in urine by gas-chromatographymass-spectrometry",
      "author": [
        {
          "name": "A Zlatkis"
        },
        {
          "name": "W Bertsch"
        },
        {
          "name": "Ha Lichtens"
        },
        {
          "name": "A Tishbee"
        },
        {
          "name": "F Shunbo"
        },
        {
          "name": "H M Liebich"
        },
        {
          "name": "A M Coscia"
        },
        {
          "name": "N Fleische"
        }
      ],
      "host": {
        "title": "Anal. Chem.",
        "author": [],
        "volume": "45"
      }
    },
    {
      "title": "The role of organic volatile profiles in clinical-diagnosis",
      "author": [
        {
          "name": "A Zlatkis"
        },
        {
          "name": "R S Brazell"
        },
        {
          "name": "C F Poole"
        }
      ],
      "host": {
        "title": "Clin. Chem.",
        "author": [],
        "volume": "27"
      }
    },
    {
      "title": "Analysis of volatile organic compounds in human urine by headspace gas chromatography-mass spectrometry with a multipurpose sampler",
      "author": [
        {
          "name": "H G Wahl"
        },
        {
          "name": "A Hoffmann"
        },
        {
          "name": "D Luft"
        },
        {
          "name": "H M Liebich"
        }
      ],
      "host": {
        "title": "J. Chromatog.",
        "author": [],
        "volume": "847"
      }
    },
    {
      "title": "Urine 4-heptanone: a [beta]-oxidation product of 2-ethylhexanoic acid from plasticisers",
      "author": [
        {
          "name": "V Walker"
        },
        {
          "name": "G A Mills"
        }
      ],
      "host": {
        "title": "Clin. Chim. Acta",
        "author": [],
        "volume": "306"
      }
    },
    {
      "title": "Volatile organic compounds from feces and their potential for diagnosis of gastrointestinal disease",
      "author": [
        {
          "name": "C E Garner"
        },
        {
          "name": "S Smith"
        },
        {
          "name": "B D Costello"
        },
        {
          "name": "P White"
        },
        {
          "name": "R Spencer"
        },
        {
          "name": "C S J Probert"
        },
        {
          "name": "N M Ratcliffe"
        }
      ],
      "host": {
        "title": "Faseb J.",
        "author": [],
        "volume": "21"
      }
    },
    {
      "title": "Volatile compounds of oxidized pork phospholipids",
      "author": [
        {
          "name": "A Meynier"
        },
        {
          "name": "C Genot"
        },
        {
          "name": "G Gandemer"
        }
      ],
      "host": {
        "title": "J. Am. Oil Chemists Soc.",
        "author": [],
        "volume": "75"
      }
    },
    {
      "title": "Rapid headspace gas-chromatographic method for assessment of oxidative stability of cooked chicken meat",
      "author": [
        {
          "name": "C Y W Ang"
        },
        {
          "name": "L L Young"
        }
      ],
      "host": {
        "title": "J. Assoc. Off. Anal. Chem.",
        "author": [],
        "volume": "72"
      }
    },
    {
      "title": "Use of volatiles as indicators of lipid oxidation in muscle foods",
      "author": [
        {
          "name": "C F Ross"
        },
        {
          "name": "D M Smith"
        }
      ],
      "host": {
        "title": "Compr. Rev. Food Sci. Food Saf.",
        "author": [],
        "volume": "5"
      }
    },
    {
      "title": "Dissimilatory amino acid metabolism in human colonic bacteria",
      "author": [
        {
          "name": "E A Smith"
        },
        {
          "name": "G T Macfarlane"
        }
      ],
      "host": {
        "title": "Anaerobe",
        "author": [],
        "volume": "3"
      }
    },
    {
      "title": "D-limonene in citrus fruit with anticarcinogenic action",
      "author": [
        {
          "name": "H Schmandke"
        }
      ],
      "host": {
        "title": "Ernahr. Umsch.",
        "author": [],
        "volume": "50"
      }
    },
    {
      "title": "Carvone-rich essential oils from Mentha longifolia (L.) Huds. ssp schimperi Briq. and Mentha spicata L. grown in Sudan",
      "author": [
        {
          "name": "Y M H Younis"
        },
        {
          "name": "S M Beshir"
        }
      ],
      "host": {
        "title": "J. Essent. Oil Res.",
        "author": [],
        "volume": "16"
      }
    },
    {
      "title": "Note: safranal content in Spanish saffron",
      "author": [
        {
          "name": "G L Alonso"
        },
        {
          "name": "M R Salinas"
        },
        {
          "name": "M A Sanchez-Fernandez"
        },
        {
          "name": "J Garijo"
        }
      ],
      "host": {
        "title": "Food Sci. Technol. Int.",
        "author": [],
        "volume": "7"
      }
    },
    {
      "title": "Gas-chromatographic and mass-spectrometric analysis of the odor of human feces",
      "author": [
        {
          "name": "J G Moore"
        },
        {
          "name": "L D Jessop"
        },
        {
          "name": "D N Osborne"
        }
      ],
      "host": {
        "title": "Gastroenterology",
        "author": [],
        "volume": "93"
      }
    },
    {
      "title": "Evaluation of antioxidant activity of parsley (Petroselinum crispum) essential oil and identification of its antioxidant constituents",
      "author": [
        {
          "name": "H Zhang"
        },
        {
          "name": "F Chen"
        },
        {
          "name": "X Wang"
        },
        {
          "name": "H-Y Yao"
        }
      ],
      "host": {
        "title": "Food Res. Int.",
        "author": [],
        "volume": "39"
      }
    },
    {
      "title": "Furan in food: headspace method and product survey",
      "author": [
        {
          "name": "O Zoller"
        },
        {
          "name": "F Sager"
        },
        {
          "name": "H Reinhard"
        }
      ],
      "host": {
        "title": "Food Addit. Contam. A",
        "author": [],
        "volume": "24"
      }
    },
    {
      "title": "Rapid analysis of essential oil from Fructus Amomi by pressurized hot water extraction followed by solid phase microextraction and gas chromatography-mass spectrometry",
      "author": [
        {
          "name": "C Deng"
        },
        {
          "name": "A Wang"
        },
        {
          "name": "S Shen"
        },
        {
          "name": "D Fu"
        },
        {
          "name": "J Chen"
        },
        {
          "name": "X Zhang"
        }
      ],
      "host": {
        "title": "J. Pharm. Biomed. Anal.",
        "author": [],
        "volume": "38"
      }
    },
    {
      "title": "Analysis of pulgeone and its enantiomeric distribution in mint-flavoured food products",
      "author": [
        {
          "name": "F Siano"
        },
        {
          "name": "M Catalfamo"
        },
        {
          "name": "D Cautela"
        },
        {
          "name": "L Servillo"
        },
        {
          "name": "D Castaldo"
        }
      ],
      "host": {
        "title": "Food Addit. Contam.",
        "author": [],
        "volume": "22"
      }
    },
    {
      "title": "Relationships among simple phenol, flavonoid and anthocyanin in apple fruit peel at harvest and scald susceptibility",
      "author": [
        {
          "name": "A P Coleman"
        },
        {
          "name": "H N Rutt"
        },
        {
          "name": "J Zhiguo"
        },
        {
          "name": "Y Yongbird"
        },
        {
          "name": "L Chenglian"
        },
        {
          "name": "Z Shumin"
        },
        {
          "name": "W Mingxiang"
        }
      ],
      "host": {
        "title": "Postharvest Biol. Technol.",
        "author": [],
        "volume": "8"
      }
    },
    {
      "title": "Study on the mutagenicity and animutagenicity of ionone in the Salmonella/microsome assay",
      "author": [
        {
          "name": "M R Gomes-Carneiro"
        },
        {
          "name": "D M M Dias"
        },
        {
          "name": "F J R Paumgartten"
        }
      ],
      "host": {
        "title": "Food Chem. Toxicol.",
        "author": [],
        "volume": "44"
      }
    },
    {
      "title": "Dimethyl disulphide in the blood of cattle fed on brassicas",
      "author": [
        {
          "name": "C R Earl"
        },
        {
          "name": "R H Smith"
        }
      ],
      "host": {
        "title": "J. Sci. Food Agric.",
        "author": [],
        "volume": "34"
      }
    },
    {
      "title": "Menthol, methyl salicylate and menthol cream and ointment",
      "author": [
        {
          "name": "S K Niazi"
        }
      ],
      "host": {
        "title": "Handbook of Pharmaceutical Manufacturing Formulations",
        "author": [],
        "volume": "vol 1"
      }
    }
  ],
  "fulltext": "IOP PUBLISHING  JOURNAL OF BREATH RESEARCH  doi:10.1088/1752-7155/2/3/037022  J. Breath Res. 2 (2008) 037022 (10pp)  A comparative study of the analysis of human urine headspace using gas chromatography–mass spectrometry S Smith1, H Burden2,3, R Persad3, K Whittington2, B de Lacy Costello1, N M Ratcliffe1 and C S Probert2 1  Centre for Research in Analytical, Materials, and Sensor Sciences, University of the West of England, Bristol, BS16 1QY, UK 2 Clinical Science at South Bristol, Bristol Royal Inﬁrmary, Bristol, BS2 8HW, UK 3 Bristol Royal Inﬁrmary, Bristol, BS1 3NU, UK E-mail: Norman.Ratcliffe@UWE.ac.uk  Received 31 January 2008 Accepted for publication 31 July 2008 Published 8 September 2008 Online at stacks.iop.org/JBR/2/037022 Abstract First-void urine samples were obtained from 24 elderly, asymptomatic men (median age 62.9 years). The headspace above pH adjusted urine samples were extracted using a carboxen/polydimethylsiloxane solid phase micro-extraction ﬁbre and the volatile organic compounds analysed by gas chromatography/mass spectrometry. A total of 147 compounds were identiﬁed in the headspace of urine. The acidiﬁed samples recorded a total of 92 compounds, 27 of which were ubiquitous, basiﬁed samples 70 compounds, with 12 ubiquitous and unmodiﬁed pH samples 49, with 6 ubiquitous. Five compounds were ubiquitous irrespective of pH: acetone, methylene chloride, 4-heptanone, 2-pentanone and 2-butanone. A comparative analysis of unfrozen and frozen–thawed urine (stored at room temperature for 0, 1 and 8 h) showed that samples retained the same number of compounds although variations in the peak areas for some compounds were observed.  casts, bacteria, yeast and a number of crystals including oxalate, triple phosphate and cystine. High-performance liquid chromatography has also been applied to analysing urine and the measurement of eumelanin precursor metabolites as a marker for melanoma metastases [2]. The analyses of volatiles from urine has received little attention, in contrast to breath, where for instance bio-markers for lung [3] and breast cancer [4] have been sought in exhaled breath. Spanel et al [5] has investigated formaldehyde concentrations in the urinary headspace gases of patients with both bladder and prostate cancer but this work was targeted speciﬁcally at the one compound rather than the full range of VOCs present. Mills and Walker [6] used solid phase micro-extraction in conjunction with GC–MS to investigate the effect that a range of metabolic disorders had on the VOCs recorded in the headspace of urine. They reported 103 volatile compounds associated with urine and analysed urine from ﬁve patients with metabolic conditions. Their work has been the most comprehensive so far in terms of compounds identiﬁed,  1. Introduction Urinalysis as we know it today has its roots back in 400 BC when Hippocrates, among others, used the visual appearance of urine as a prognostic indicator for disease [1]. Examination of urine as a diagnostic test however dates back to the middle ages. In a time when direct examination of a patient was socially unacceptable, uroscopy—the examination of a patient’s urine for colour, cloudiness, precipitates and particulates as well as in some cases the taste—was used to diagnose all forms of illness. Urinalysis is routinely used for a great number of tests. This can reveal conditions that have gone unnoticed due to there being no outward signs or symptoms, for instance diabetes mellitus and urinary tract infections. Dipstick analysis is routinely performed for pH measurement, speciﬁc gravity, protein content, glucose, ketones, nitrite, leukocyte esterase and pregnancy testing. Microscopic analysis is undertaken for red and white blood cells, epithelial cells, 1752-7155/08/037022+10$30.00  1  © 2008 IOP Publishing Ltd Printed in the UK  S Smith et al  J. Breath Res. 2 (2008) 037022  although for the ten control subjects their age, sex and the time of urine voiding was not reported. Rhodes et al [7] analysed urine from alloxan-diabetic rats and found that levels of a number of aliphatic ketones, but predominantly 4-heptanone and 2-heptanone, are increased in the urine, corroborating previous human studies [8–10] on diabetes mellitus. The volatiles from urine have also been reviewed for detection of bacteria [11] and also investigated using electronic nose technology for diagnosing urinary tract infections [12]. More recent work using GC/MS has shown that ammonia and acetic acid in the urine headspace are of value as biomarkers for detecting infection [13]. The aim of this research was to further the knowledge of volatile compounds associated with urine from elderly, apparently healthy, males in order to allow future diagnosis of disease or metabolic disorders based on volatile proﬁles from urine, by comparison with volatile proﬁles from the urine of diseased patients.  A ﬁrst pass urine sample was collected and aliquoted into 0.75 ml portions and sealed in headspace vials. Sample 1 was acidiﬁed immediately and analysed using the SPME method outlined above. Sample 2 was placed in a freezer at −25 ◦ C immediately after aliquoting. Five further samples were kept in dark conditions in the laboratory at 22 ◦ C, and placed in the freezer at −25 ◦ C after 1, 2, 4, 6 and 8 h intervals. After three days in the freezer samples were analysed as outlined above following the acidiﬁcation with 0.75 ml of 1 M H2SO4.  2. Methods  2.4. GC/MS analytical conditions  Urine pH measurements were taken using a Mettler Delta 320 pH meter (Mettler-Toledo Ltd, Halstead, UK). Urine was measured after acidiﬁcation, basiﬁcation and the addition of deionized water. 2.3. Effect of length of storage time before freezing on the volatile composition in the headspace of unfrozen and frozen–thawed urine  GC–MS analyses were performed using a Perkin Elmer Clarus 500 GC-MS (PerkinElmer, Maryland, USA) quadrupole bench top system ﬁtted with a 1 mm quartz liner. The analytical column was a ZB-624 fused-silica capillary column, 60 m × 0.25 mm ID × 1.40 μm ﬁlm thickness (Phenomenex, Macclesﬁeld, UK). The carrier gas was 99.9995% pure helium (BOC, Guilford, UK), passed through an excelasorbTM helium puriﬁcation system (Sigma-Aldrich Ltd, Dorset, UK) at 1.0 ml min−1. The GC was operated under the following conditions: temperature programme, 40 ◦ C (2 min), ramp of 5 ◦ C min−1 to 250 ◦ C and then held at 250 ◦ C for 4 min, giving a total run time of 48 min. The MS was operated in EI mode scanning from mass charge ratio 10–350 (3.5–48 min), scan time 0.2 s, inter-scan delay 0.05 s.  2.1. Sample collection Following ethical approval and written informed consent, urine samples were obtained from 24 male asymptomatic subjects (mean age 62.9 years, SD ± 5.5). Volunteers were able to partake of an ad lib diet. Participants were asked to supply a portion of morning urine, ﬁrst pass, in glass vials (SigmaAldrich Ltd, Dorset, UK). Urine samples were divided into 0.75 ml aliquots in 10 ml septum topped headspace vials (Sigma-Aldrich Ltd, Dorset, UK) and frozen at −25 ◦ C, no less than 2 h and no longer than 4 h post production until required for analysis. 2.2. Sample analysis Urine in sample vials were defrosted by immersion in a water bath, with agitation (until no visible ice crystals remained) held at 60 ◦ C and either 0.75 ml of 1 M H2SO4, 1 M NaOH or deionized water added depending on the required ﬁnal pH. The sample vial was then equilibrated, without agitation, at 60 ◦ C in a water bath, positioned in the bath so that only the portion of the vial containing the sample was immersed, for 30 min. Following the equilibration, static headspace extraction was performed for 20 min, using an 85 μm carboxen/polydimethylsiloxane (CAR/PDMS) StableFlex SPME, ﬁbre (Sigma-Aldrich Ltd, Dorset, UK). Following the extraction, the ﬁbre assembly was transferred to the GC injection port for desorption at 260 ◦ C with the split valve closed. Prior to the ﬁrst extraction ﬁbres were conditioned for 2 h in the injection port of the gas chromatograph at 280 ◦ C in a ﬂow of clean helium (ﬂow rate 1.0 ml min−1). To ensure that no carryover of analytes or contamination from environmental sources ﬁbres were conditioned before extraction for 10 min at 280 ◦ C in the injection port of the GC. The deionized water, sodium hydroxide solution and sulphuric acid used were also analysed by the above SPME extraction method to ensure no contamination from external sources.  2.5. Identiﬁcation of VOCs emitted from urine Compounds were assigned an identiﬁcation using the NIST mass spectral search program (version 2d, build Apr 26 2005) (National Institute of Standards and Technology, Maryland, USA), where available standard compounds were analysed using the above GC–MS method and the retention time compared to those identiﬁed using the NIST library.  3. Results and discussion 3.1. Effect of length of storage time before freezing on the volatile composition in the headspace of unfrozen and frozen–thawed urine An important consideration for our study was to assess any effect on urine samples from being produced at ﬁrst pass to being frozen later that same day. Figure 1 shows a comparison of the results obtained for the time-spaced analyses of unfrozen and frozen–thawed urine samples (m/z 30–350, 5–32.5 min). Table 1 shows the integration results for 11 of the major peaks seen in ﬁgure 1, retention times quoted 2  S Smith et al  J. Breath Res. 2 (2008) 037022  Figure 1. Comparison of the headspace of unfrozen and frozen–thawed urine samples with time. (A) unfrozen, T = 0 h; (B) frozen, T = 0 h; (C) frozen, T = 1 h; (D) frozen, T = 8 h. Table 1. Integration ﬁgures for 11 peaks in ﬁgure 1 (RTs quoted from chromatogram A) calculated using Perkin Elmer Turbomass software Version 5.4.0.1569. (Peak area ×107) c Compounda  RTb  T = 0 unfrozen  T = 0 frozen  T = 1 frozen  T = 8 frozen  Methanethiol Acetoned Furan 2-butanoned and 2-methyl furand 2-pentanoned Dimethyl disulﬁded 4-heptanoned o-cymene p,α-dimethylstyrene Ionone Phenold  5.35 7.19 7.21 9.91 12.57 15.12 17.92 22.33 24.72 28.76 30.22  9.27 4.53 7.02 10.99 31.12 43.00 26.20 93.39 40.04 33.82 62.88  8.16 5.07 6.62 11.86 28.42 14.36 28.14 96.45 39.22 33.32 30.82  8.86 4.77 5.94 11.19 26.90 13.55 26.49 77.80 42.70 32.64 33.39  9.95 4.42 6.89 13.33 32.22 16.71 27.22 110.80 48.24 34.97 55.05  a  Identiﬁed as best match to the NIST 2005 database. Quoted in decimal minutes. c Peak areas quoted in arbitrary units. d Matched to retention time of standard compound. b  ﬁgures 1 and 2, was seen to reduce from the unfrozen T = 0 sample to the frozen T = 0 sample. However, in the subsequent frozen-thawed samples the peak areas remain visibly consistent. In ﬁgure 2, the larger of the twin peaks RT ∼ 16 min is a siloxane-based impurity whereas the smaller  from chromatogram A, and ﬁgure 2 shows an expanded view, 14–18.5 min, of the chromatograms in ﬁgure 1. The general proﬁles of the chromatograms in ﬁgure 1 remain constant, peak sizes of most compounds were within ±15%. The dimethyldisulﬁde peak, retention time (RT) ∼15.12 min, 3  S Smith et al  J. Breath Res. 2 (2008) 037022 100  volatile compounds identiﬁed in urine. The pHs of the acidiﬁed, alkaline and unmodiﬁed urine were <2, >14 and 5–8 respectively. The acidiﬁed samples recorded a total of 92 compounds, 27 of which were ubiquitous, basiﬁed samples 70 compounds, with 12 ubiquitous and unmodiﬁed pH samples 49, with 6 ubiquitous. Five compounds were ubiquitous independent of pH, acetone, methylene chloride, 4-heptanone and 2pentanone and 2-butanone. It would be expected that neutral compounds would be found in both the acidiﬁed and basiﬁed samples and this is indeed the case. Also as expected were the acid solutions promoting the presence of acidic compounds in the headspace, while suppressing the basic compounds and basic solutions suppressing acidic compounds while promoting basic compounds. 4-heptanone may be expected to be ubiquitous as Walker and Mills [17] identiﬁed the plasticizer 2-ethylhexanol and its metabolic intermediate 2-ethylhexanoic acid, as a likely source. Garner et al [18] identiﬁed 4heptanone, 2-ethylhexanoic acid and 2-ethylhexanol as present in stool samples from asymptomatic controls and patients with infectious and non-infectious gastrointestinal conditions. However, the percentage of samples positive for 4-heptanone, 9%, was far below that of 2-ethylhexanoic acid, 42%, and 2-ethylhexanol, 47%. At the high concentrations of acid and base used in the analyses some compounds may be expected to hydrolyse to some extent. Aldehydes and to a lesser extent ketones, in particular, would be expected to ionize and then be capable of possible further reactions in the urine to produce secondary volatile and non-volatile compounds. Although there is the possibility of compounds in the urine reacting at the elevated sampling temperatures and altered pH levels, the strict sampling regime ensures that all samples are exposed to the same conditions during analysis so any side reactions have the same chance of occurring for all samples. Esters would be expected to hydrolyse to a greater extent in basic conditions exempliﬁed by compounds such as methyl salicylate being found solely in the acidiﬁed samples. With the exception of butanal a homologous series of aldehydes was found from ethanal to nonanal, as well as branched aldehydes, 2-methyl propanal, 2-methyl butanal and 3-methyl butanal, and unsaturated aldehydes, 2-propenal and 2-methyl-2-butenal. Volatile aldehydes are common products of lipid peroxidation. Alkanals and 2-alkenals can be formed from the oxidation of their respective fatty acid, hexanal from n6-fatty acid and 2-pentenal from n3-fatty acid [19]. Ang et al [20] found a series of aldehydes from pentanal to nonanal in the headspace above cooked chicken therefore a contribution to the aldehyde pool could be assumed to be from dietary sources. Aldehydes are biosynthesized by some bacteria species and their source could also be from the gut. It is evident that aldehydes can be produced by bacteria as it is well known that they contribute to the rancid off ﬂavour in foods [21]. Unsaturated aldehydes may also undergo further changes by auto-oxidation to produce further volatile compounds. A diverse range of cyclic compounds were found. Benzene-based aromatic systems (mono-, di-, tri- and tetrasubstituted) were numerous as well those based on furan  (D )  %  0 100  (C )  %  0 100  (B )  %  0 100  (A )  %  0  14.25  15.25  16.25 Time minutes  17.25  18.25  Figure 2. Enlarged view of ﬁgure 1 showing retention time 14–18.5 min. (A) unfrozen, T = 0 h; (B) frozen, T = 0 h; (C) frozen, T = 1 h; (D) frozen, T = 8 h.  peak which is preserved throughout the analysis is 3-penten2-one. This preliminary study showed that urine samples from asymptomatic individuals remained sufﬁciently stable, for up to 8 h when stored in the dark at room temperature (22 ◦ C) prior to being frozen. This conclusion was reached as the time of storage prior to samples being frozen had a negligible effect on the number of analytes detected. The differences in peak areas that were observed could be due to microbial production or utilization of urine components and therefore further work would be undertaken to determine an appropriate method for storing urine samples particularly where a higher microbial loading would be expected. Some of the other differences observed can be attributed to errors inherent in using SPME ﬁbre technology in a complex matrix. Therefore, we conclude that caution must be exercised when freezing urine samples prior to analysis and work is continuing to ascertain the best storage protocol especially for longer-term storage of samples. 3.2. Volatile compounds detected in the headspace above urine samples A total of 147 compounds was identiﬁed in the headspace of the urine from elderly men with an incidence greater than 1 and is listed in table 2 in an alphabetical order. This study combined with the literature gives a total of 232 4  S Smith et al  J. Breath Res. 2 (2008) 037022  Table 2. Compounds identiﬁed in the headspace of urine samples with incidence ﬁgures divided into groups for pH. Compounds are sorted by total incidence rates across all pH ranges. (u.m. = unmodiﬁed, ∗ = compound assignment veriﬁed by analysis of standard, p = present, columns 6 onwards are a review of volatiles previously found in the literature. Acid  Base  u.m.  Compound name  /24  /24  /23  Total count  Reference [6]  Reference [14]  Reference [15]  Reference [16]  Reference [11]  Acetaldehyde Acetic acid Acetone ∗ Acetophenone ∗ Allyl mercaptan Allyl methylsulﬁde Allylisothiocyanate Benzaldehyde Benzene 3-butanal 2,3-butanediol 2,3-butanedione 1-butanol 2-butanone ∗ Butylisocyanate 1-butylpyrrole α-calacorene Carbon disulﬁde Carbon tetrachloride (+)-4-Carene Chlorocyclohexane Chloroform cis-linaloloxide Cresol Cyclohexane Cyclohexanol Cyclohexanone Cyclopentanone 1-cyclopropylethanone Diallyl disulphide 1,4-dichlorobenzene Dichlorobenzene 3,6-dihydro-4-methyl-2-(2methyl-1-propenyl)-2H-pyran 2,3-dihydropyran 1,2-dihydro-1,1,6-trimethylnaphthalene Diisopropylether Dimethyl sulfone Dimethylamine (Dimethylamino) acetonitrile Dimethylbenzene 4,7-dimethylbenzofuran, 3,3-dimethyl-2-butanone Dimethylcyclopentane Dimethyldisulﬁde ∗ 5,5-dimethyl-1-ethyl-1,3cyclopentadiene 1-(1,1-dimethylethyl)-2-methyl1,3-propanediyl ester-2-methylpropanoic acid 2,3-dimethylfuran 2,4-dimethylfuran 2,5-dimethylfuran 3,3-dimethyl-2-hexanone 1-(1,5-dimethyl-4-hexenyl)-4methyl-benzene 6,6-dimethyl-2-methylenebicyclo[2.2.1]heptan-3-one 2,6-dimethyl-7-octen-2-ol 2,2-dimethyl-3-pentanone 2,3-dimethylpyrazine Dimethylpyrrole  24 – 24 – 7 – 9 23 – – – – – 24 – – 23 – – – – – 14 – – – – – 19 – – – 7  – – 24 13 – 8 – 24 – – – – 3 24 – – – – – – – – – – – – – – – 4 – – –  16 – 23 – – – 18 9 – – – 12 – 23 – – – – – 2 – – – – – – – – – – – – –  40 – 71 13 7 8 27 56 – – – 12 3 71 – – 23 – – 2 – – 14 – – – – – 19 4 – – 7  p – p – – – p p – – – – p p – – – – – – – – – – – – – – – – – – –  – – p – – – p p – – – p p p – – – – – – – – – – – – – – – – – – –  p – p – – – p p p – – p p p – – – – p – – p – – – – – – – – – p –  – – p – – – p – p – – – – p – – – – – – – p – – p p – – – p p – –  p p p – – – – p p p p p p p p p – p – – p – – p – – p p – – – – –  – 24  – –  – –  – 24  – –  – –  – –  – –  p –  – – – – – 20 16 – 24 7  – – 18 6 – 3 – – 24 –  – – – – – – – – –  – 9 18 6 – 23 16 – 48 7  – – p – – – – – p –  – – – – – – – – p –  – – – – p – – p p –  – – – – – – – – – –  p – – – – – – – p –  18  18  18  54  –  –  –  –  –  – – 24 – –  – – – – 5  – – – – 6  – – 24 – 11  – – p – –  – – p – –  – – p – –  – – p – –  p p p p –  –  20  –  20  –  –  –  –  –  20 – – –  – – – –  – 9 – –  20 9 – –  – – – –  – – – –  – – – –  – – – –  – – p p  9  5  S Smith et al  J. Breath Res. 2 (2008) 037022  Table 2. (Continued.) Acid  Base  u.m.  Compound name  /24  /24  /23  Total count  Reference [6]  Reference [14]  Reference [15]  Reference [16]  Reference [11]  Dimethylsulfone Dimethylsulfoxide Dimethyltetrasulﬁde 2,4-dimethylthiophene 3,4-dimethylthiophene Dimethyltrisulﬁde ∗ (E,E)-1,3,5-heptatriene (E)-3-penten-2-one Ethanol ∗ 2-ethenyltetrahydro-2,6,6trimethyl-2H-pyran 4-ethoxy-2-pentanone Ethylamine Ethylbenzene 2-ethyl-2-butanal 3-ethylcyclopentanone 2-ethylfuran 1-ethyl-1H-pyrrole 2-ethyl-5-methylfuran 3-furaldehyde Furan 1-(2-furanyl)ethanone Furfural Heptanal ∗ 2-heptanone ∗ 3-heptanone ∗ 4-heptanone ∗ δ-hexalactone γ -hexalactone Hexanal ∗ Hexane 2-hexanone ∗ 3-hexanone ∗ 1-(1H-pyrazol-4-yl)-ethanone 5-(4H)-thiazolone Indole Ionone Isobornyl acetate Isopentanol Isothiocyanato cyclopropane 4-isothiocyanato-1-butene Limonene Methacrolein Methallyl cyanide Methanethiol 2-methoxyphenol 2-methoxythiophene, 3-methyl butanal 2-methylbutanal 2-methyl-1-butanol 3-methyl-1-butanol 3-methyl-2-butanol 3-methyl-2-butanone 2-methyl-2-butenal 3-methyl-3-buten-2-one 3-methyl-1butyne 1-methyl-1,4-cyclohexadiene 3-methyl-2-cyclohexen-1-one Methylene chloride ∗ 1,1-methylene-bis(thio)bisehtane 4-(1-methylethyl)-benzaldehyde 4-(1-methylethyl)-1cyclohexene-1-carboxaldehyde 2-methylfuran ∗  – – – 6 8 23 8 – 16 22  – – – – – – – – 9 –  – – – – – – – 2 5 –  – – – 6 8 23 8 2 30 22  – – – – – p – – – –  – – – – – – – p p –  – – – – – – – p p –  – – – p – p – – – –  p p p p – p – – p –  – – – – 12 22 – 24 – 24 24 24 22 23 – 24 – – 24 – 17 24 11 – 15 24 – – – – 19 – – 24 24 – 18 22 – – – – – – 18 13 – 24 –  –  – – – – 9 – – – – 8 – – – 19 – 23 – – – – 4 21 – – – – 8 – 14 7 23 – – 10 – 5 4 4 – – – – – – – – – 23 –  –  5 – – 7 – 11 – 12 – 7 7 23 24 21 24 – – – – 24 24 – – – – – – – – 22 6 14 – – – 14 16 – – – 9 3 14 – – 8 24 –  5 – – 28 22 11 24 12 32 31 31 45 66 21 71 – – 24 – 45 69 11 – 15 24 8 – 14 7 64 6 14 34 24 5 36 42 – – – 9 3 14 18 13 8 71 –  – – – – – – – p – p – – – p – p – – p – – p – – – p – – – – – – – p – – – – – – – – – – – – – – –  – – – – – – – p – p – p – p – p – – – – – p – – – – – – – – – – – – – – – – – – – p – – – – – – –  – – p – – – – p – – – p – p – p – – – – p p – – – – – – – – p – – – – – p p – – – p – – – – – – –  – – – – – – – p – – – – – p p p – – – – – p – – – – – – – – – – – – – – – – – p – – – – – – – – –  p – – p – p – p – – – p – p p – p p – p p p – p – – – p – – p – – p – – p p p p p p – – – – – – p  – 18  – –  –  4 18  – –  – –  – –  – –  – –  24  –  –  24  p  –  –  –  –  4  6  S Smith et al  J. Breath Res. 2 (2008) 037022  Table 2. (Continued.) Acid  Base  u.m.  Compound name  /24  /24  /23  Total count  Reference [6]  Reference [14]  Reference [15]  Reference [16]  Reference [11]  3-methylfuran ∗ 5-methyl-2-furancarboxaldehyde 2-methyl-4-heptanone 3-methyl-2-heptanone 6-methyl-3-heptanone 6-methyl-5-hepten-2-one 3-methylhexan-2-one 4-methyl-3-hexanone 5-methyl-3-hexanone 2-methyl-1-hexene 1-methyl-1H-pyrrole 2-methyl-1H-pyrrole Methyl-(methylene)methylsulﬁde 1-methyl-4-(1-methylethenyl)benzene 4-methyl-1-(1methylethenyl)cyclohexene 1-methyl-3-(1-methylethyl)benzene 1-methyl-4-(1-methylethyl)benzene 1-methyl-4-(1-methylethyl)-1,3cyclohexadiene 3-methyl-6-(1-methylethyl)-2cyclohexen-1-one 1-methyl-2-(1methylethyl)benzene 1-methyl-4-(1-methylethyl)-1,4cyclohexadiene 5-methyl-2-(1methylethyl)cyclohexanol 1-methyl-4-(1methylethylidene)-cyclohexene 2-methyl-2-[(1methylethyl)thio]-propane 2-methyl-5-(methylthio) furan 2-methyl-1-nitropropane 4-methyl-2-pentanol 2-methyl-3-pentanone 3-methyl-2-pentanone 3-methyl-2-pentanone 4-methyl-2pentanone 4-methyl-3-penten-2-one 4-methylphenol 2-methylpropanal 2-methyl-2-propanethiol 2-methyl-1-propanol Methyl-2-propenyldisulﬁde Methylpropyldisulﬁde Methylpyrazine 3-methylpyridine Methylsalicylate 2-methyltetrahydrofuran-3-one Methylthiirane 4-methylthiobutanitrile Methylthiocyanate 2-n-butylacrolein N-methylformamide N,N-dimethylformamide N,N-dimethylurea Nonanal 4-nonanone 2-nonanone ∗ Octanal ∗  9 23 – – – – – 23 24 – – – –  – 1 22 – 20 22 – – 23 – 21 6 –  – – – – – – – – – – – – –  9 24 22 – 20 22 – 23 47 – 21 6 –  – – – – – – – – – – p – –  – – – – – – – – p – p p –  – – – – – – – – p p – – –  – – – p – – p – p – – – –  – – – – – p p – p – – – p  24  –  32  –  –  –  –  –  13  –  –  13  –  –  –  –  –  24  15  –  39  –  –  –  –  –  –  –  15  15  –  –  –  –  –  23  –  –  23  p  –  –  –  –  11  23  36  –  p  p  –  –  –  –  –  –  –  –  –  p  p  16  –  –  16  –  –  –  –  –  29  p  –  –  –  –  9  –  –  –  –  –  19 9  6  8  2  4  –  –  –  –  –  –  –  –  –  –  p  24 – – 21 22 – – – 24 13 – – – – – – 19 – 5 – – – – – – 23 – – 22  – – – – – – – – – 24 – – – 12 18 5 – – – – – 9 2 9 8 – 17 23 –  – – – 2 15 – – – 2 1 – – – – – – – – – – – – – – – 21 – – –  24 – – 23 37 – – – 26 38 – – – 12 18 5 19 – 5 – – 9 2 9 8 44 17 23 22  – – – – p – – – – – – – – p p p – – – – – – – – – – – – –  – – – – p – – – – – – – – – p – – – – – – – – – – – – p –  – – – p p – – – – – – – – – p – – – – – – – – – – – – p –  – – – – – – – – p – – – p p – – – – – – – – – – – – – – –  – p p p p p p p p p p p p p p – – p – p p – – – – – – p –  7  S Smith et al  J. Breath Res. 2 (2008) 037022  Table 2. (Continued.) Acid  Base  u.m.  Compound name  /24  /24  /23  Total count  Reference [6]  Reference [14]  Reference [15]  Reference [16]  Reference [11]  Octanol 2-octanone 3-octanone 4-octanone Pentanal ∗ 2,3-pentanedione 3-pentanethiol Pentanol 2-pentanone ∗ 3-pentanone ∗ 3-penten-2-one Pentylbenzene 2-pentylfuran Alpha-phellandrene Beta-phellandrene Phenol 2-phenyl-4-(phenylmethylene)1,3-propanethiol Picoline Beta-pinene Piperidone p-methylpropylbenzene Propanal 1-propanethiol 2-propanol 1-propanol ∗ 2-propenal Propylenesulﬁde Pulegone Pyrazine Pyridine ∗ Pyrrole Safranal (S)-carvone (S)-2-methyl-5-(1methylethenyl)-2-cyclohexen-1one Styrene Alpha-terpinene Alpha-terpineol Alpha-terpinolene Tetrachloroethane Tetrachloroethylene Tetradecane 4,5,6,7-tetrahydro-3,6dimethylbenzofuran tetrahydro-2,2-dimethyl-5-(1methyl-1-propenyl)-furan 1,2,4,5-tetramethyl benzene 1,2,3,5-tetramethylbenzene 2,6,10,10-tetramethyl-1-oxaspiro[4.5]dec-6-ene Thioacetic acid Thiolan2-one Thiophene Toluene ∗ trans-linaloloxide 2,2,6-trimethyl cyclohexanone Trimethylamine 1,2,4-trimethylbenzene 2,6,6-trimethyl-2,4cycloheptadien-1-one 4-(2,6,6-trimethylcyclohexa-1,3dienyl)but-3-en-2-one 2,3,5-trimethylfuran  – – – – 24 – – – 24 17 17 – 23 – 6 24 –  – 5 – – 20 – – – 24 9 – – – – – – –  – – – – 3 – – – 23 7 – – – 3 3 – –  – 5 – – 47 – – – 71 33 17 – 23 3 9 24 –  – – – – – – – – p – – – – – – p –  – – – – – – – – p – p – p – – – –  – p – – – – – – p – p p p – – – –  – – – – – – – – p – – – – – p p –  p p p p – p p p p p – – p p p p p  – – – – 24 10 – 2 – – 3 – – – – 7 –  – – – – – – – – – – 16 – 15 18 24 15 –  – – – – 3 – – – 8 – – – – 22 – – 11  – – – – 27 10 – 2 8 – 19 – 15 40 24 22 11  – – – – – – – – – – p – p p – – –  – – – – p – – – – – – – – p – p –  – – – – p – – p – – – – – p – p –  – – – – – – – – – – – – – – – – –  p p p p p – p p – p – p p p – p –  – – – – – –  – – – – – – – –  – – – – – –  –  – – – – – – – 4  6 4  – – – – – – – –  – – – – – – – –  p – – – p – – –  – p – p – p – –  – p p p – – – –  24  –  –  24  –  –  –  –  –  13 9 23  – – –  – – –  13 9 23  – – –  – – –  – – –  – – –  – – –  – – – 19 21 18 – 23 –  – – – – – – 7 – 19  – – – 8 – – – – –  – – – 27 21 18 7 23 19  – – – p p – p – p  – – – p – – – – –  – – – p – – – – –  – – – p – – – – –  p p p p – – – – –  –  21  –  21  –  –  –  –  –  22  –  24  –  p  p  –  p  6  2  8  S Smith et al  J. Breath Res. 2 (2008) 037022  Table 2. (Continued.) Acid  Base  u.m.  Compound name  /24  /24  /23  Total count  Reference [6]  Reference [14]  Reference [15]  Reference [16]  Reference [11]  -valerolactone Vinylfuran vinylpyrazine  – 14 –  – – –  – – –  – 14 –  – – –  – – –  – – –  – – –  p – p  (mono-, di- and tri-substituted), indole, thiophene (mono- and di-substituted), pyridine (mono-substituted), pyrrole (monosubstituted) and phenol (mono-, di- and tri-substituted). Smith and MacFarlane [22] studied amino acid fermentation by faecal bacteria and reported that phenolic and indole compounds could arise from the metabolism of the aromatic amino acids tyrosine, phenylalanine and tryptophan. Another possible source for cyclic compounds are terpenoids from dietary sources, for example limonene (citrus fruits) [23], carvone (toothpaste and chewing gum) [24] and safranal [25]. A range of sulphur containing compounds were identiﬁed, 13 in total (7 straight chain and 6 cyclic) in the headspace of urine samples. There is some evidence from work conducted on faecal samples that some of the shorter chain sulphur compounds can be formed as a result of the metabolism of dietary compounds by bacteria in the gut. Moore et al [26] concluded that the primary malodorous compounds found from the analysis of faeces were attributable to organic sulphur compounds of bacterial origin, namely methanethiol, dimethyl disulﬁde and dimethyl trisulﬁde, all of which were identiﬁed in the headspace of urine. There are numerous compounds in urine that are also found in natural dietary sources, food additives and from environmental sources. Some are listed here: 1,3,8-pmenthatriene found in parsley [27], furan found in canned and jarred food that is heated or cooked in a sealed container [28], cis- and trans-linaloloxide found in many natural oils [29], pulegone found in mint-ﬂavoured food [30], limonene found in citrus juice and rinds [23], phenol found in coloured fruits such as tomatoes, red grapes and apples [31], ionone as a food additive [32], dimethyl disulﬁde commonly found in plants from the brassica family [33], methyl salicylate found in creams and ointments [34]. A number of the compounds identiﬁed in urine have also been reported previously from the headspace of faecal samples [18].  comparison with the volatiles from urine of diseased patients, in order to identify biomarkers of disease.  Acknowledgments The authors would like to thank the University of the West of England and the University of Bristol for their support of this research.  References [1] Kouba E, Wallen E M and Pruthi R S 2007 Uroscopy by Hippocrates and Theophilus: prognosis versus diagnosis J. Urol. 177 50–2 [2] Yamada K, Walsh N, Hara H, Jimbow K, Chen H and Ito S 1992 Measurement of eumelanin precursor metabolites in the urine as a new marker for melanoma metastases Arch. Dermatol. 128 491–4 [3] Phillips M, Gleeson K, Hughes J M, Greenberg J, Cataneo R N, Baker L and McVay W P 1999 Volatile organic compounds in breath as markers of lung cancer: a cross-sectional study Lancet 353 1930–3 [4] Phillips M, Cataneo R N, Ditkoff B A, Fisher P, Greenberg J, Gunawardena R, Kwon C S, Rahbari-Oskoui F and Wong C 2003 Volatile markers of breast cancer in the breath Breast J. 9 184–91 [5] Spanel P, Smith D, Holland T A, Al Singary W and Elder J B 1999 Analysis of formaldehyde in the headspace of urine from bladder and prostate cancer patients using selected ion ﬂow tube mass spectrometry Rapid Commun. Mass Spectrom. 13 1354–9 [6] Mills G A and Walker V 2001 Headspace solid-phase microextraction proﬁling of volatile compounds in urine: application to metabolic investigations J. Chromatogr. B: Biomed. Sci. Appl. 753 259–68 [7] Rhodes G, Holland M L, Wiesler D, Novotny M, Moore S A, Peterson R G and Felten D L 1982 Excretion of urinary volatile metabolites in response to alloxan induced diabetes of short duration in rats J. Chromatogr. 228 33–42 [8] Liebich H M 1975 Speciﬁc detection of volatile metabolites in urines of normal subjects and patients with diabetes-mellitus using computerized mass fragmentography J. Chromatogr. 112 551–7 [9] Liebich H M and Albabbili O 1975 Gas chromatographic-mass spectrometric study of volatile organic metabolites in urines of patients with diabetes-mellitus J. Chromatogr. 112 539–50 [10] Liebich H M, Albabbili O, Zlatkis A and Kim K 1975 Gas-chromatographic and mass-spectrometric detection of low-molecular-weight aliphatic-Alcohols in Urine of Normal Individuals and patients with diabetes-mellitus Clin. Chem. 21 1294–6 [11] Guernion N, Ratcliffe N M, Spencer-Phillips P T and Howe R A 2001 Identifying bacteria in human urine: current practice and the potential for rapid, near-patient diagnosis by sensing volatile organic compounds Clin. Chem. Lab Med. 39 893–906  4. Conclusion This study has identiﬁed 81 compounds in total that have not previously been reported in the headspace of human urine. The highest number of volatile compounds was recorded from highly acidiﬁed urine. The deep freezing of samples was found to be a suitable method for short-term storage of urine without appreciable loss of volatiles. It was also found that the time between the sample being produced and subsequently frozen did not affect the volatile proﬁle. However, changes in the peak areas of certain compounds were recorded and work is continuing to ﬁnd more appropriate methods of storage. The data of volatiles analysed from the urine of elderly men should be of value for non-invasive metabolic investigations and for 9  S Smith et al  J. Breath Res. 2 (2008) 037022  [12] Aathithan S, Plant J C, Chaudry A N and French G L 2001 Diagnosis of bacteriuria by detection of volatile organic compounds in urine using an automated headspace analyzer with multiple conducting polymer sensors J. Clin. Microbiol. 39 2590–3 [13] Persaud K C, Pisanelli A M, Evans P and Travers P J 2006 Monitoring urinary tract infections and bacterial vaginosis Sensors Actuators B 116 116–20 [14] Zlatkis A, Bertsch W, Lichtens Ha, Tishbee A, Shunbo F, Liebich H M, Coscia A M and Fleische N 1973 Proﬁle of volatile metabolites in urine by gas-chromatography—mass-spectrometry Anal. Chem. 45 763–7 [15] Zlatkis A, Brazell R S and Poole C F 1981 The role of organic volatile proﬁles in clinical-diagnosis Clin. Chem. 27 789–97 [16] Wahl H G, Hoffmann A, Luft D and Liebich H M 1999 Analysis of volatile organic compounds in human urine by headspace gas chromatography-mass spectrometry with a multipurpose sampler J. Chromatog. A 847 117–25 [17] Walker V and Mills G A 2001 Urine 4-heptanone: a [beta]-oxidation product of 2-ethylhexanoic acid from plasticisers Clin. Chim. Acta 306 51–61 [18] Garner C E, Smith S, Costello B D, White P, Spencer R, Probert C S J and Ratcliffe N M 2007 Volatile organic compounds from feces and their potential for diagnosis of gastrointestinal disease Faseb J. 21 1675–88 [19] Meynier A, Genot C and Gandemer G 1998 Volatile compounds of oxidized pork phospholipids J. Am. Oil Chemists Soc. 75 1–7 [20] Ang C Y W and Young L L 1989 Rapid headspace gas-chromatographic method for assessment of oxidative stability of cooked chicken meat J. Assoc. Off. Anal. Chem. 72 277–81 [21] Ross C F and Smith D M 2006 Use of volatiles as indicators of lipid oxidation in muscle foods Compr. Rev. Food Sci. Food Saf. 5 18–25 [22] Smith E A and Macfarlane G T 1997 Dissimilatory amino acid metabolism in human colonic bacteria Anaerobe 3 327–37 [23] Schmandke H 2003 D-limonene in citrus fruit with anticarcinogenic action Ernahr. Umsch. 50 264  [24] Younis Y M H and Beshir S M 2004 Carvone-rich essential oils from Mentha longifolia (L.) Huds. ssp schimperi Briq. and Mentha spicata L. grown in Sudan J. Essent. Oil Res. 16 539–41 [25] Alonso G L, Salinas M R, Sanchez-Fernandez M A and Garijo J 2001 Note: safranal content in Spanish saffron Food Sci. Technol. Int. 7 225–9 [26] Moore J G, Jessop L D and Osborne D N 1987 Gas-chromatographic and mass-spectrometric analysis of the odor of human feces Gastroenterology 93 1321–9 [27] Zhang H, Chen F, Wang X and Yao H-Y 2006 Evaluation of antioxidant activity of parsley (Petroselinum crispum) essential oil and identiﬁcation of its antioxidant constituents Food Res. Int. 39 833–9 [28] Zoller O, Sager F and Reinhard H 2007 Furan in food: headspace method and product survey Food Addit. Contam. A 24 91–107 [29] Deng C, Wang A, Shen S, Fu D, Chen J and Zhang X 2005 Rapid analysis of essential oil from Fructus Amomi by pressurized hot water extraction followed by solid phase microextraction and gas chromatography-mass spectrometry J. Pharm. Biomed. Anal. 38 326–331 [30] Siano F, Catalfamo M, Cautela D, Servillo L and Castaldo D 2005 Analysis of pulgeone and its enantiomeric distribution in mint-ﬂavoured food products Food Addit. Contam. 22 197–203 [31] Coleman A P, Rutt H N, Zhiguo J, Yongbird Y, Chenglian L, Shumin Z and Mingxiang W 1996 Relationships among simple phenol, ﬂavonoid and anthocyanin in apple fruit peel at harvest and scald susceptibility Postharvest Biol. Technol. 8 83–93 [32] Gomes-Carneiro M R, Dias D M M and Paumgartten F J R 2006 Study on the mutagenicity and animutagenicity of ionone in the Salmonella/microsome assay Food Chem. Toxicol. 44 522–527 [33] Earl C R and Smith R H 1983 Dimethyl disulphide in the blood of cattle fed on brassicas J. Sci. Food Agric. 34 23–28 [34] Niazi S K 2004 Menthol, methyl salicylate and menthol cream and ointment Handbook of Pharmaceutical Manufacturing Formulations vol 1 (Boca Raton, FL: CRC Press) p 192  10  "
}