<?xml version="1.0" encoding="UTF-8"?>
<!--Version 0.1 générée le 31-01-2018-->
<TEI xmlns="http://www.tei-c.org/ns/1.0"
     xmlns:xsi="http://www.w3.org/2001/XMLSchema-instance"
     xsi:noNamespaceSchemaLocation="https://istex.github.io/odd-istex/out/istex.xsd"
     xml:lang="fr">
   <teiHeader>
      <fileDesc>
         <titleStmt>
            <title level="a" type="main">Diabète de type 2 cétonurique et virus de l’herpès humain de type 8</title>
         </titleStmt>
         <publicationStmt>
            <authority>ISTEX</authority>
            <publisher>EDK</publisher>
            <date when="2008">2008</date>
            <availability>
               <licence>© 2008 médecine/sciences - Inserm / SRMS</licence>
               <p>médecine/sciences - Inserm / SRMS</p>
            </availability>
         </publicationStmt>
         <notesStmt>
            <note type="content-type"
                  source="research-article"
                  scheme="https://content-type.data.istex.fr/ark:/67375/XTP-7474895G-0">research-article</note>
            <note type="publication-type"
                  scheme="https://publication-type.data.istex.fr/ark:/67375/JMC-0GLKJH51-B">journal</note>
         </notesStmt>
         <sourceDesc>
            <biblStruct type="article">
               <analytic>
                  <title level="a" type="main" xml:lang="fr">Diabète de type 2 cétonurique et virus de l’herpès humain de type 8</title>
                  <title level="a" type="alt" xml:lang="en">Ketosis-prone type 2 diabetes mellitus in sub-saharan Africans: possible contribution of human herpes virus 8 infection</title>
                  <author xml:id="author-0000" role="corresp">
                     <persName>
                        <surname>Gautier</surname>
                        <forename type="first">Jean-François</forename>
                     </persName>
                     <email>jean-francois.gautier@sls.aphp.fr</email>
                  </author>
                  <idno type="istex">20D63FD3390423F719E18D1F0844F6473AD4AA37</idno>
                  <idno type="ark">ark:/67375/80W-7Q6DRSPT-Z</idno>
                  <idno type="DOI">10.1051/medsci/20082467665</idno>
                  <idno type="publisher-id">medsci2008246-7p665</idno>
                  <idno type="dkey">10.1051/medsci/20082467665</idno>
               </analytic>
               <monogr>
                  <title level="j" type="main">médecine/sciences</title>
                  <title level="j" type="abbrev">Med Sci (Paris)</title>
                  <title level="j" type="publisher-id">medsci</title>
                  <title level="j" type="url">http://www.medecinesciences.org</title>
                  <idno type="pISSN">0767-0974</idno>
                  <idno type="eISSN">1958-5381</idno>
                  <imprint>
                     <publisher>EDK</publisher>
                     <date type="Final-Published" when="2010-12-17"/>
                     <date type="Published" when="2008-06"/>
                     <date type="ePublished" when="2008-06-15"/>
                     <date type="Published" when="2008-06-15"/>
                     <biblScope unit="vol">24</biblScope>
                     <biblScope unit="issue">6-7</biblScope>
                     <biblScope unit="page" from="665">665</biblScope>
                     <biblScope unit="page" to="666">666</biblScope>
                     <biblScope unit="page-count">2</biblScope>
                     <biblScope unit="ref-count">11</biblScope>
                     <biblScope unit="fig-count">2</biblScope>
                     <biblScope unit="table-count">0</biblScope>
                  </imprint>
               </monogr>
            </biblStruct>
         </sourceDesc>
      </fileDesc>
      <profileDesc>
         <textClass ana="subject">
            <keywords scheme="section">
               <term>Dernière Heure</term>
            </keywords>
         </textClass>
         <langUsage>
            <language ident="fr"/>
         </langUsage>
      </profileDesc>
   </teiHeader>
   <text>
      <body>
         <div xml:id="S1">
            <head>Le diabète de type 2 cétonurique</head>
            <p>Il a été décrit il y a une vingtaine d’années, une forme atypique de diabète chez des individus originaires d’Afrique sub-saharienne. Cette forme est caractérisée par un début bruyant associant hyperglycémie sévère et cétose (production de corps cétoniques par le foie), voire acidocétose, nécessitant une insulinothérapie [<ref type="bib" target="#"/>
               <ref type="bibr" target="#R1">1</ref>–<ref type="bib" target="#"/>
               <ref type="bibr" target="#R4">4</ref>]. L’insulinothérapie peut ensuite être arrêtée car il existe une rémission qui peut durer plusieurs années (jusqu’à 12 ans) au cours de laquelle le patient reste très bien contrôlé sous régime seul ou avec des hypoglycémiants oraux. L’évolution est marquée par des rechutes cétosiques qui nécessitent de nouveau une insulinothérapie transitoire. Compte tenu de son début aigu, qui ressemble à celui d’un diabète de type 1 mais qui n’est pas associé aux marqueurs d’auto-immunité habituels, cette forme atypique de dia des patients prédisposés au diabète de type 2. Les facteurs classiques qui précipitent ou aggravent une hyperglycémie tels qu’une infection bactérienne, un traitement par les glucocorticoïdes, la consommation massive d’alcool, ont été exclus dans la majorité des cohortes décrivant cette forme atypique de diabète. Compte tenu de la situation géographique de l’hôpital Saint-Louis, nous sommes amenés à prendre en charge des patients diabétiques originaire d’Afrique sub-saharienne et nous étudions la physiopathologie de ce type de diabète.</p>
         </div>
         <div xml:id="S2">
            <head>L’herpès virus humain de type 8 (HHV-8)</head>
            <p>HHV-8 est présent à l’état endémique en Afrique Sub-Saharienne où 30 % à 60 % des adultes ont des marqueurs de l’infection HHV-8 sans avoir eu de manifestations cliniques dans fection par le virus HHV-8 pourrait être un facteur participant au déficit transitoire de l’insulinosécrétion. Le VIH n’a pas été considéré car les premiers cas de diabète de type 2 cétonurique décrits en Afrique ont été rapportés à partir des années 1960, bien avant la survenue de l’infection par le VIH. Le virus de l’hépatite C qui a parfois été associé au diabète de type 2 n’a également pas été considéré car il est associé à une insulinorésistance et non pas à un déficit de l’insulinosécrétion [<ref type="bib" target="#"/>
               <ref type="bibr" target="#R10">10</ref>, <ref type="bib" target="#"/>
               <ref type="bibr" target="#R11">11</ref>].</p>
         </div>
         <div xml:id="S3">
            <head>Les marqueurs d’infection par le HHV-8 dans le diabète de type 2 cétonurique</head>
            <p>Afin de tester notre hypothèse, nous avons recherché d’une part la présence d’anticorps anti-HHV-8 chez des patients diabétiques ayant migré en France à l’âge adulte et d’autre part l’existence d’ADN viral dans le sang total chez des patients hospitalisés pour décompensation hyperglycémique, inaugurale ou non, du diabète.</p>
            <p>Nous avons recherché la présence d’anticorps anti-HHV-8 chez des patients diabétiques d’origine d’Afrique subsaharienne hospitalisés pour ajustement thérapeutique, bilan du diabète ou éducation ; 187 patients consécutifs ont été vus pendant cette période (81 patients diabétiques de type 2 cétonurique et 106 patients ayant un diabète de type 2 classique). Ces patients ont été comparés à 90 africains normoglycémiques témoins, d’âge et de sexe comparables. Les anticorps anti-HHV-8 ont été retrouvés chez 87,7 % des patients diabétiques de type 2 cétonurique mais seulement 15 % des patients diabétiques de type 2 non cétonurique et 40 % des sujets témoins <hi rend="italic">(Figure 1)</hi>.
<figure xml:id="F1">
                  <head type="label">Figure 1.</head>
                  <figDesc>
                     <hi rend="bold">
                        <hi rend="italic">Prévalence des anticorps anti-HHV-8 chez les patients diabétiques de type 2 cétonuriques (KPD), les patients diabétiques de type 2 (T2D) et les sujets témoins</hi>
                     </hi>
                  </figDesc>
                  <graphic url="medsci2008246-7p665-fig1.jpg"/>
               </figure>
            </p>
            <p>Nous avons pu mettre en évidence de l’ADN viral (signant un état actif d’infection) dans le sang total de patients hospitalisés pour épisode cétosique chez 6/13 diabétiques de type 2 cétonurique testés. En revanche, de l’ADN viral n’a été retrouvé chez aucun des 9 patients diabétiques de type 2 non cétonurique hospitalisés pour hyperglycémie.</p>
         </div>
         <div xml:id="S4">
            <head>HHV-8 peut infecter des cellules humaines β cultivées <hi rend="italic">in vitro</hi>
            </head>
            <p>Dans le cadre du programme de greffe d’îlots de l’Hôpital St-Louis, nous avons pu obtenir des îlots de Langerhans isolés à partir d’un donneur en état de mort cérébrale. Après 4 jours de culture en présence d’un surnageant contenant du HHV-8, nous avons observé au microscope confocal après immunomarquage, des cellules marquées pour l’insuline et marquées pour une protéine virale HHV-8. L’existence de ces cellules « doublement marquées » signe la capacité du virus à pénétrer les cellules β sécrétrices d’insuline.</p>
         </div>
         <div type="conclusion" xml:id="S5">
            <head>Conclusion et perspectives</head>
            <p>Cette étude [<ref type="bibr" target="#R11">11</ref>] suggère donc que le phénotype diabète de type 2 cétonurique est associé à l’infection par le HHV- 8 sur 3 arguments :<list type="order">
                  <item>
                     <p>Près de 90 % des patients présentant le phénotype sont séropositifs.</p>
                  </item>
                  <item>
                     <p>La moitié des individus qui ont été testés au moment d’une décompensation cétosique ont de l’ADN viral dans le sang.</p>
                  </item>
                  <item>
                     <p>Le virus est capable d’infecter les cellules β pancréatiques <hi rend="italic">in vitro</hi>.</p>
                  </item>
               </list>
            </p>
            <p>La plus faible prévalence de la séropositivité chez les patients diabétiques de type 2 comparativement au diabète de type 2 cétonurique mais également par rapport aux sujets contrôles suggère que HHV-8 est le facteur qui ferait basculer le phénotype classique de diabète de type 2 vers le phénotype cétonurique <hi rend="italic">(Figure 2)</hi>. Autrement dit, des individus prédisposés au diabète de type 2 qui sont exposés au HHV-8 débuteraient la maladie sur un mode cétosique. Parmi les mécanismes invoqués, il est logique de s’orienter vers une atteinte de la cellule β par l’infection directe de la cellule par le virus. Cela reste à démontrer de même que les mécanismes de toxicité cellulaire utilisés par le virus.
<figure xml:id="F2">
                  <head type="label">Figure 2.</head>
                  <figDesc>
                     <hi rend="bold">
                        <hi rend="italic">Hypothèse étiopathogénique du diabète de type 2 cétonurique</hi>
                     </hi>
                  </figDesc>
                  <graphic url="medsci2008246-7p665-fig2.jpg"/>
               </figure>
            </p>
         </div>
      </body>
      <back>
         <div type="references">
            <listBibl>
               <bibl type="other" xml:id="R1">Mauvais-Jarvis F, Sobngwi E, Porcher R, <hi rend="italic">et al.</hi>Ketosis-prone type 2 diabetes in patients of sub- Saharan African origin: clinical pathophysiology and natural history of beta-cell dysfunction and insulin resistance. <hi rend="italic">Diabetes</hi> 2004; 53 : 645–53.</bibl>
               <bibl type="other" xml:id="R2">Sobngwi E, Mauvais-Jarvis F, Vexiau P, <hi rend="italic">et al.</hi>Diabetes in Africans. Part 1: epidemiology and clinical specificities. <hi rend="italic">Diabetes Metab</hi> 2001; 27 : 628–34.</bibl>
               <bibl type="other" xml:id="R3">Sobngwi E, Mauvais-Jarvis F, Vexiau P, <hi rend="italic">et al.</hi>Diabetes in africans. Part 2 : ketosis prone atypical diabetes mellitus. <hi rend="italic">Diabetes Metab</hi> 2002; 28 : 5–12.</bibl>
               <bibl type="other" xml:id="R4">Umpierrez GE, Smiley D, Kitabchi AE. Narrative review: ketosis-prone type 2 diabetes mellitus. <hi rend="italic">Ann Intern Med</hi> 2006; 144 : 350–7.</bibl>
               <bibl type="other" xml:id="R5">Sobngwi E, Gautier JF. Adult-onset idiopathic type I or ketosis-prone type II diabetes: evidence to revisit diabetes classification. <hi rend="italic">Diabetologia</hi> 2002; 45 : 283–5.</bibl>
               <bibl type="other" xml:id="R6">Umpaichitra V, Bastian W, Taha D, <hi rend="italic">et al.</hi>C-peptide and glucagon profiles in minority children with type 2 diabetes mellitus. <hi rend="italic">J Clin Endocrinol Metab</hi> 2001; 86 : 1605–9.</bibl>
               <bibl type="other" xml:id="R7">Umpierrez GE, Casals MM, Gebhart SP, <hi rend="italic">et al.</hi>Diabetic ketoacidosis in obese African-Americans. <hi rend="italic">Diabetes</hi> 1995; 44 : 790–5.</bibl>
               <bibl type="other" xml:id="R8">Schulz TF. Kaposi’s sarcoma-associated herpesvirus (human herpesvirus 8): epidemiology and pathogenesis. <hi rend="italic">J Antimicrob Chemother</hi> 2000; 45 (suppl 3) : 15–27.</bibl>
               <bibl type="other" xml:id="R9">Crispo A, Tamburini M, De Marco MR, <hi rend="italic">et al.</hi>HHV- 8 prevalence, immunosuppression and Kaposi’s sarcoma in South Italy. <hi rend="italic">Int J Mol Med</hi> 2001; 7 : 535–8.</bibl>
               <bibl type="other" xml:id="R10">Weissmann A, Linn S, Weltfriend S, Friedman- Birnbaum R. Epidemiological study of classic Kaposi’s sarcoma: a retrospective review of 125 cases from Northern Israel. <hi rend="italic">J Eur Acad Dermatol Venereol</hi> 2000; 14 : 91–5.</bibl>
               <bibl type="other" xml:id="R11">Sobngwi E, Choukem SP, Agbalika F, <hi rend="italic">et al.</hi>Ketosis prone type 2 diabetes and human herpes virus 8 infection in sub-Saharan Africans. <hi rend="italic">JAMA</hi> 2008; 299 : 2770–6.</bibl>
            </listBibl>
         </div>
      </back>
   </text>
</TEI>
