{
  "arkIstex": "ark:/67375/0T8-148GZB0V-Z",
  "title": "Criterion validity of the NC-stat automated nerve conduction measurement instrument",
  "abstract": "The purpose of this study is to assess the criterion validity of peroneal and posterior tibial nerve conduction measurements obtained with the NC-stat system. Sixty patients referred to the Boston VA EMG laboratory were enrolled. Each subject had a full study of the lower extremity performed using traditional EMG equipment prior to obtaining the NC-stat measurements. These included peroneal and posterior tibial distal motor latency (DML), amplitude (AMP) and F-wave latency (FLAT) measurements. Excellent criterion validity was demonstrated for the peroneal and posterior tibial FLATs and the peroneal AMP. Acceptable criterion validity was identified in the peroneal DML and the posterior tibial AMP. The validity of the posterior tibial DML could not be demonstrated. With the exception of the peroneal DML, criterion validity was maintained in a sub-group analysis of the 50 most abnormal parameter values. The comparability of NCS performed with the NC-stat and in traditional settings has been demonstrated for motor studies of the median and ulnar nerves in previous studies. This study shows that the technology used by the NC-stat for studying the peroneal and posterior tibial nerves compares favorably as well with that obtained with traditional EMG equipment used under neurologist supervision.",
  "language": [
    "eng"
  ],
  "publicationDate": "2007",
  "copyrightDate": "2007",
  "doi": [
    "10.1088/0967-3334/28/1/009"
  ],
  "ark": [
    "ark:/67375/0T8-148GZB0V-Z"
  ],
  "pii": [
    "S0967-3334(07)28714-3"
  ],
  "articleId": [
    "228714"
  ],
  "genre": [
    "research-article"
  ],
  "originalGenre": [
    "paper"
  ],
  "author": [
    {
      "name": "Joe F Jabre",
      "affiliations": [
        "Neurology Service, Boston VA Healthcare System, Boston, MA, USA",
        "Department of Neurology, Boston University School of Medicine, Boston, MA, USA",
        "Department of Neurology, Harvard Medical School, Boston, MA, USA",
        "E-mail: jfj@bu.edu"
      ]
    },
    {
      "name": "Byron T Salzsieder",
      "affiliations": [
        "Neurology Service, Boston VA Healthcare System, Boston, MA, USA",
        "Department of Neurology, Boston University School of Medicine, Boston, MA, USA"
      ]
    },
    {
      "name": "Kenneth E Gnemi",
      "affiliations": [
        "Neurology Service, Boston VA Healthcare System, Boston, MA, USA"
      ]
    }
  ],
  "subject": [
    {
      "lang": [
        "eng"
      ],
      "value": "EMG"
    },
    {
      "lang": [
        "eng"
      ],
      "value": "nerve conduction"
    },
    {
      "lang": [
        "eng"
      ],
      "value": "peroneal"
    },
    {
      "lang": [
        "eng"
      ],
      "value": "posterior tibial"
    },
    {
      "lang": [
        "eng"
      ],
      "value": "NC-stat"
    },
    {
      "lang": [
        "eng"
      ],
      "value": "criterion"
    },
    {
      "lang": [
        "eng"
      ],
      "value": "validity"
    }
  ],
  "pmid": [
    "17151423"
  ],
  "host": {
    "title": "Physiological Measurement",
    "language": [
      "unknown"
    ],
    "issn": [
      "0967-3334"
    ],
    "eissn": [
      "1361-6579"
    ],
    "publisherId": [
      "pm"
    ],
    "volume": "28",
    "issue": "1",
    "pages": {
      "first": "95",
      "last": "104",
      "total": "10"
    },
    "genre": [
      "journal"
    ]
  },
  "corpusName": "iop",
  "qualityIndicators": {
    "score": 8.85,
    "pdfWordCount": 4498,
    "pdfCharCount": 27971,
    "pdfVersion": 1.4,
    "pdfPageCount": 10,
    "pdfPageSize": "595 x 842 pts (A4)",
    "refBibsNative": true,
    "abstractWordCount": 196,
    "abstractCharCount": 1309,
    "keywordCount": 7
  },
  "categories": {
    "wos": [
      "1 - science",
      "2 - physiology",
      "2 - engineering, biomedical",
      "2 - biophysics"
    ],
    "scienceMetrix": [
      "1 - applied sciences",
      "2 - engineering",
      "3 - biomedical engineering"
    ],
    "scopus": [
      "1 - Health Sciences",
      "2 - Medicine",
      "3 - Physiology (medical)",
      "1 - Physical Sciences",
      "2 - Engineering",
      "3 - Biomedical Engineering",
      "1 - Life Sciences",
      "2 - Biochemistry, Genetics and Molecular Biology",
      "3 - Physiology",
      "1 - Life Sciences",
      "2 - Biochemistry, Genetics and Molecular Biology",
      "3 - Biophysics"
    ],
    "inist": [
      "1 - sciences appliquees, technologies et medecines",
      "2 - sciences biologiques et medicales",
      "3 - sciences medicales"
    ]
  },
  "keywords": {
    "teeft": [
      "tibial",
      "peroneal",
      "latency",
      "synergy",
      "posterior tibial",
      "criterion validity",
      "clin",
      "ulnar",
      "spearman",
      "neuropathy",
      "gozani",
      "biosensor",
      "cmap",
      "conduction",
      "active electrode",
      "median",
      "reference measurements",
      "spearman correlation",
      "excellent criterion validity",
      "motor point",
      "medial malleolus",
      "acceptable criterion validity",
      "nerve conduction measurements",
      "nerve conduction studies",
      "posterior",
      "neurologist",
      "ulnar nerves",
      "reference peroneal",
      "posterior tibial nerves",
      "posterior tibial nerve",
      "posterior tibial flats",
      "analogous measurements",
      "cmap amplitude",
      "recording electrodes",
      "neurologist supervision",
      "wide spectrum",
      "reference tibial",
      "nerve conduction parameters",
      "electrode",
      "peroneal biosensor",
      "computational algorithms",
      "posterior tibial biosensor",
      "technical steps",
      "detector array",
      "surface electrode",
      "stimulation intensity",
      "motor response",
      "healthcare system",
      "motor latency",
      "deep peroneal nerve",
      "traditional settings",
      "reference ranges",
      "lower extremity",
      "distal motor latency",
      "temperature correction",
      "synergy machine",
      "posterior tibial studies",
      "compound muscle action",
      "anatomical landmarks",
      "proprietary algorithms",
      "neurometrix computer servers",
      "same patient",
      "board neurologist",
      "study design",
      "abnormal quartiles",
      "reference measurement",
      "reference value",
      "clinical relevance",
      "standard deviation",
      "scatter plots",
      "temperature measurement",
      "academic electromyography laboratory",
      "sural measurements",
      "minimum latency",
      "further study",
      "boston university",
      "nerve",
      "reliability"
    ]
  },
  "namedEntities": {
    "unitex": {
      "date": [],
      "geogName": [],
      "orgName": [],
      "orgName_funder": [],
      "orgName_provider": [],
      "persName": [],
      "placeName": [],
      "ref_url": [],
      "ref_bibl": [],
      "bibl": []
    }
  },
  "enrichments": {
    "type": [
      "multicat",
      "nb",
      "teeft",
      "unitex"
    ]
  },
  "refBibs": [
    {
      "title": "Standards of instrumentation of EMG",
      "author": [
        {
          "name": "C Bischoff"
        },
        {
          "name": "A Fuglsang-Fredriksen"
        },
        {
          "name": " Vendelbo"
        },
        {
          "name": "A Sumner"
        }
      ],
      "host": {
        "title": "Recommendations for the Practice of Clinical Neurophsyiology: Guidelines of the International Federation of Clinical Physiology (EEG Suppl. 52)",
        "author": []
      }
    },
    {
      "title": "Electrophysiology monitoring in clinical trials",
      "author": [
        {
          "name": "V Bril"
        }
      ],
      "host": {
        "title": "Muscle Nerve",
        "author": [],
        "volume": "21"
      }
    },
    {
      "title": "The influence of active electrode placement on CMAP amplitude",
      "author": [
        {
          "name": "M B Bromberg"
        },
        {
          "name": "T Spiegelberg"
        }
      ],
      "host": {
        "title": "Electroencephalogr. Clin. Neurophysiol.",
        "author": [],
        "volume": "105"
      }
    },
    {
      "title": "Indexes and boundaries for quantitative significance in statistical decisions",
      "author": [
        {
          "name": "B Burnand"
        },
        {
          "name": "W N Kernan"
        },
        {
          "name": "A R Feinstein"
        }
      ],
      "host": {
        "title": "J. Clin. Epidemiol.",
        "author": [],
        "volume": "43"
      }
    },
    {
      "title": "Inter- and intra-examiner reliability of nerve conduction measurements in normal subjects",
      "author": [
        {
          "name": "V Chaudhry"
        }
      ],
      "host": {
        "title": "Ann. Neurol.",
        "author": [],
        "volume": "30"
      }
    },
    {
      "title": "Inter- and intraexaminer reliability of nerve conduction measurements in patients with diabetic neuropathy",
      "author": [
        {
          "name": "V Chaudhry"
        }
      ],
      "host": {
        "title": "Neurology",
        "author": [],
        "volume": "44"
      }
    },
    {
      "title": "Far-field potentials in muscles",
      "author": [
        {
          "name": "D Dumitru"
        },
        {
          "name": "J C King"
        }
      ],
      "host": {
        "title": "Muscle Nerve",
        "author": [],
        "volume": "14"
      }
    },
    {
      "title": "The Rochester Diabetic Neuropathy Study: design, criteria for types of neuropathy, selection bias, and reproducibility of neuropathic tests",
      "author": [
        {
          "name": "P J Dyck"
        }
      ],
      "host": {
        "title": "Neurology",
        "author": [],
        "volume": "41"
      }
    },
    {
      "title": "Clinical utility of portable versus traditional electrodiagnostic testing for diagnosing, evaluating, and treating carpal tunnel syndrome",
      "author": [
        {
          "name": "S Elkowitz"
        },
        {
          "name": "N Dubin"
        },
        {
          "name": "B Richards"
        },
        {
          "name": "E F Wilgis"
        }
      ],
      "host": {
        "title": "Am. J. Orthop.",
        "author": [],
        "volume": "34"
      }
    },
    {
      "title": "Distal symmetrical polyneuropathy: definition for clinical research",
      "author": [
        {
          "name": "J D England"
        }
      ],
      "host": {
        "title": "Muscle Nerve",
        "author": [],
        "volume": "31"
      }
    },
    {
      "title": "H reflexes and F waves. Fundamentals, normal and abnormal patterns",
      "author": [
        {
          "name": "M A Fisher"
        }
      ],
      "host": {
        "title": "Neurol. Clin. N. Am.",
        "author": [],
        "volume": "22"
      }
    },
    {
      "title": "Comparison of automated and manual F-wave latency measurements",
      "author": [
        {
          "name": "M A Fisher"
        }
      ],
      "host": {
        "title": "Clin. Neurophys.",
        "author": [],
        "volume": "116"
      }
    },
    {
      "title": "Test-retest reliability of the ulnar F-wave minimum latency in normal adults",
      "author": [
        {
          "name": "N W 3rd Gill"
        },
        {
          "name": "T M Ruediger"
        },
        {
          "name": "R D Gochis"
        },
        {
          "name": "W C Werling"
        },
        {
          "name": "J H Moore"
        },
        {
          "name": "S C Allison"
        },
        {
          "name": "S Shaffer"
        },
        {
          "name": "F B Underwood"
        }
      ],
      "host": {
        "title": "Electromyogr. Clin. Neurophysiol.",
        "author": [],
        "volume": "39"
      }
    },
    {
      "title": "Electrodiagnostic automation: principles and practice",
      "author": [
        {
          "name": "S N Gozani"
        },
        {
          "name": "M A Fisher"
        },
        {
          "name": "X Kong"
        },
        {
          "name": "J T Megerian"
        },
        {
          "name": "S B Rutkove"
        }
      ],
      "host": {
        "title": "Phys. Med. Rehabil. Clin. N. Am.",
        "author": [],
        "volume": "16"
      }
    },
    {
      "title": "Reproducibility of different nerve conduction velocity measurements in healthy test subjects and patients suffering from diabetic neuropathy",
      "author": [
        {
          "name": "I W Husstedt"
        },
        {
          "name": "S T Evers"
        },
        {
          "name": "K H Grotemyer"
        }
      ],
      "host": {
        "title": "Electromyogr. Clin. Neurophysiol.",
        "author": [],
        "volume": "37"
      }
    },
    {
      "title": "Inter- and intraobserver variation in the interpretation of electromyographic tests",
      "author": [
        {
          "name": "B Johnsen"
        },
        {
          "name": "A Fuglsang-Frederiksen"
        },
        {
          "name": "S Vingtoft"
        },
        {
          "name": "P Fawcett"
        },
        {
          "name": "R Liguori"
        },
        {
          "name": "W Nix"
        },
        {
          "name": "G Otte"
        },
        {
          "name": "I Schofield"
        },
        {
          "name": "M Veloso"
        },
        {
          "name": "A Vila"
        }
      ],
      "host": {
        "title": "Electroencephalogr. Clin. Neurophysiol.",
        "author": [],
        "volume": "97"
      }
    },
    {
      "title": "NC-stat sensory nerve conduction studies in the median and ulnar nerves of symptomatic patients",
      "author": [
        {
          "name": "X Kong"
        },
        {
          "name": "S N Gozani"
        },
        {
          "name": "M T Hayes"
        },
        {
          "name": "D H Weinberg"
        }
      ],
      "host": {
        "title": "Clin. Neurophysiol.",
        "author": [],
        "volume": "117"
      }
    },
    {
      "title": "Repeatability of nerve conduction measurements using automation",
      "author": [
        {
          "name": "X Kong"
        },
        {
          "name": "E A Lesser"
        },
        {
          "name": "J T Megerian"
        },
        {
          "name": "S N Gozani"
        }
      ],
      "host": {
        "title": "J. Clin. Monit. Comput.",
        "author": []
      }
    },
    {
      "title": "Median neuropathy at the wrist: diagnostic utility of clinical findings and an automated electrodiagnostic device",
      "author": [
        {
          "name": "C T Leffler"
        },
        {
          "name": "S N Gozani"
        },
        {
          "name": "D Cros"
        }
      ],
      "host": {
        "title": "J. Occup. Environ. Med.",
        "author": [],
        "volume": "42"
      }
    },
    {
      "title": "Test-retest reliability of the ulnar F-wave minimum latency versus ulnar distal motor latency in healthy adults",
      "author": [
        {
          "name": "V B McNulty"
        },
        {
          "name": "K D McBride"
        },
        {
          "name": "T A Moreland"
        },
        {
          "name": "S C Allison"
        },
        {
          "name": "J H Moore"
        },
        {
          "name": "G P Ernst"
        }
      ],
      "host": {
        "title": "Electromyogr. Clin. Neurophysiol.",
        "author": [],
        "volume": "41"
      }
    },
    {
      "title": "Validation of a novel point-of-care nerve conduction device for the detection of diabetic sensorimotor polyneuropathy",
      "author": [
        {
          "name": "B A Perkins"
        },
        {
          "name": "J Grewal"
        },
        {
          "name": "E Ng"
        },
        {
          "name": "M Ngo"
        },
        {
          "name": "V Bril"
        }
      ],
      "host": {
        "title": "Diabetes Care",
        "author": [],
        "volume": "29"
      }
    },
    {
      "title": "Time course and predictors of Median nerve conduction after carpal tunnel release",
      "author": [
        {
          "name": "M B Rotman"
        },
        {
          "name": "B V Enkvetchakul"
        },
        {
          "name": "J T Megerian"
        },
        {
          "name": "S N Gozani"
        }
      ],
      "host": {
        "title": "J. Hand. Surg. (Am.)",
        "author": [],
        "volume": "29"
      }
    },
    {
      "title": "Effect of temperature on neuromuscular electrophysiology",
      "author": [
        {
          "name": "S B Rutkove"
        }
      ],
      "host": {
        "title": "Muscle Nerve",
        "author": [],
        "volume": "24"
      }
    },
    {
      "title": "Reliability of nerve conduction studies among active workers",
      "author": [
        {
          "name": "D F Salerno"
        },
        {
          "name": "R A Werner"
        },
        {
          "name": "J W Albers"
        },
        {
          "name": "M P Becker"
        },
        {
          "name": "T J Armstrong"
        },
        {
          "name": "A Franzblau"
        }
      ],
      "host": {
        "title": "Muscle Nerve",
        "author": [],
        "volume": "22"
      }
    },
    {
      "title": "Near- and far-field source characteristics and the conducting medium in neurophysiology",
      "author": [
        {
          "name": "D F Stegman"
        },
        {
          "name": "D Dumitru"
        },
        {
          "name": "J C King"
        },
        {
          "name": "K Roeleveld"
        }
      ],
      "host": {
        "title": "J. Clin. Neurophys.",
        "author": [],
        "volume": "14"
      }
    },
    {
      "title": "Reproducibility of parameters for assessment of diabetic neuropathy",
      "author": [
        {
          "name": "P Valensi"
        }
      ],
      "host": {
        "title": "Diabetes Med.",
        "author": [],
        "volume": "10"
      }
    },
    {
      "title": "Influence of recording site on CMAP amplitude on its variation over a length of nerve",
      "author": [
        {
          "name": "J G Van Dijk"
        },
        {
          "name": "W Van Der Kamp"
        },
        {
          "name": "B J van Hilten"
        },
        {
          "name": "P van Someren"
        }
      ],
      "host": {
        "title": "Muscle Nerve",
        "author": [],
        "volume": "17"
      }
    },
    {
      "title": "CMAP amplitude cartography of muscles innervated by the median, ulnar, peroneal, and tibial nerves",
      "author": [
        {
          "name": "J G Van Dijk"
        },
        {
          "name": "I van Benten"
        },
        {
          "name": "C G Kramer"
        },
        {
          "name": "D F Stegeman"
        }
      ],
      "host": {
        "title": "Muscle Nerve",
        "author": [],
        "volume": "22"
      }
    },
    {
      "title": "Median and Ulnar nerve conduction measurements in patients with symptoms of diabetic peripheral neuropathy using the NC-stat system",
      "author": [
        {
          "name": "A I Vinik"
        },
        {
          "name": "M S Emley"
        },
        {
          "name": "J T Megerian"
        },
        {
          "name": "S N Gozani"
        }
      ],
      "host": {
        "title": "Diabetes Technol. Ther.",
        "author": [],
        "volume": "6"
      }
    },
    {
      "title": "Diabetic nerve conduction abnormalities in the primary care setting",
      "author": [
        {
          "name": "A I Vinik"
        },
        {
          "name": "X Kong"
        },
        {
          "name": "J T Megerian"
        },
        {
          "name": "S N Gozani"
        }
      ],
      "host": {
        "title": "Diabetes Technol. Ther.",
        "author": [],
        "volume": "8"
      }
    },
    {
      "title": "Detection of lumbosacral nerve root compression with a novel composite nerve conduction measurement",
      "author": [
        {
          "name": "M D Wells"
        },
        {
          "name": "A P Myers"
        },
        {
          "name": "M Emley"
        },
        {
          "name": "X Kong"
        },
        {
          "name": "R Sanchez"
        },
        {
          "name": "S N Gozani"
        }
      ],
      "host": {
        "title": "Spine",
        "author": [],
        "volume": "27"
      }
    }
  ],
  "fulltext": "INSTITUTE OF PHYSICS PUBLISHING  PHYSIOLOGICAL MEASUREMENT  Physiol. Meas. 28 (2007) 95–104  doi:10.1088/0967-3334/28/1/009  Criterion validity of the NC-stat automated nerve conduction measurement instrument Joe F Jabre1,2,3, Byron T Salzsieder1,2 and Kenneth E Gnemi1 1 2 3  Neurology Service, Boston VA Healthcare System, Boston, MA, USA Department of Neurology, Boston University School of Medicine, Boston, MA, USA Department of Neurology, Harvard Medical School, Boston, MA, USA  E-mail: jfj@bu.edu  Received 13 July 2006, accepted for publication 9 November 2006 Published 30 November 2006 Online at stacks.iop.org/PM/28/95 Abstract The purpose of this study is to assess the criterion validity of peroneal and posterior tibial nerve conduction measurements obtained with the NC-stat system. Sixty patients referred to the Boston VA EMG laboratory were enrolled. Each subject had a full study of the lower extremity performed using traditional EMG equipment prior to obtaining the NC-stat measurements. These included peroneal and posterior tibial distal motor latency (DML), amplitude (AMP) and F-wave latency (FLAT) measurements. Excellent criterion validity was demonstrated for the peroneal and posterior tibial FLATs and the peroneal AMP. Acceptable criterion validity was identiﬁed in the peroneal DML and the posterior tibial AMP. The validity of the posterior tibial DML could not be demonstrated. With the exception of the peroneal DML, criterion validity was maintained in a sub-group analysis of the 50% most abnormal parameter values. The comparability of NCS performed with the NC-stat and in traditional settings has been demonstrated for motor studies of the median and ulnar nerves in previous studies. This study shows that the technology used by the NC-stat for studying the peroneal and posterior tibial nerves compares favorably as well with that obtained with traditional EMG equipment used under neurologist supervision. Keywords: EMG, nerve conduction, peroneal, posterior tibial, NC-stat, criterion, validity  1. Introduction Recent studies have argued that expanded access to nerve conduction studies (NCS) through point-of-service testing has the potential to improve outcomes through earlier and more 0967-3334/07/010095+10$30.00 © 2007 IOP Publishing Ltd Printed in the UK  95  96  J F Jabre et al  accurate detection of neuropathies in clinical settings (Lefﬂer et al 2000, Vinik et al 2006). Their use has also been documented in the objective monitoring of therapeutic interventions (Bril et al 1998). The NC-stat R (Neurometrix, Inc, Waltham, MA) is a NCS instrument that utilizes pre-fabricated electrode conﬁgurations, electronic temperature measurement and computational algorithms to automate the technical steps of NCS testing (Gozani et al 2005). By standardizing and automating NCS, this instrument may expand the number and type of physicians who integrate this diagnostic modality into their clinical practice. The comparability of NCS performed with the NC-stat and in traditional settings has been demonstrated for motor and sensory studies of the median and ulnar nerves (Lefﬂer et al 2000, Rotman et al 2004, Vinik et al 2004, Elkowitz et al 2005, Kong et al 2006) and the sural nerve in individuals with diabetes (Perkins et al 2006). Although the reliability of NC-stat F-wave latency assignments in the deep peroneal nerve has been demonstrated (Fisher 2005), validation of NC-stat performance in lower extremity nerves has been limited. The purpose of this study was to assess the criterion validity of lower extremity motor NCS measurements with the NC-stat by comparison to analogous measurements with traditional electrodiagnostic equipment supervised by a neurologist with sub-specialty certiﬁcation in electromyography. The two devices used were the NC-stat and the Synergy R EMG Machine (Viasys Corporation, Madison, WI). For the purpose of this study, the comparison was made between NCS and F-wave measurements obtained from the peroneal and posterior tibial motor nerves. The data collected consisted of measurements of peroneal and posterior tibial DMLs (distal motor latency), AMPs (compound muscle action potential amplitude) and FLATs (F-wave latency) obtained in the same patient with each equipment. 2. Materials and methods 2.1. Study overview and subject selection All patients referred to our EMG laboratory, from 1 August 2004 to 15 January 2005, whose referral included a lower extremity study were offered the opportunity to participate. The EMG laboratory is within the Boston VA Healthcare System, a tertiary care hospital, and is run by a board certiﬁed neurologist with specialty boarding in electrodiagnostic medicine (JFJ). No referral diagnosis was excluded when enrolling patients in this study. If they agreed and signed informed consent, they were enrolled. Each subject had a full NCS and EMG performed on them with the Synergy EMG machine prior to obtaining the NC-stat measurements. Our study design met the deﬁnition for class I evidence (England et al 2005) because it was prospective, utilized subjects over a broad age and disease range (as demonstrated by the wide spectrum of electrophysiological results), and the device was compared against an academic electromyography laboratory as an independent reference standard. This study was approved and monitored by the Boston University and Boston VA Healthcare System’s Institutional Review Boards. 2.2. Nerve conduction study techniques The NC-stat study was performed by placing a peroneal or posterior tibial biosensor over the ankle and foot per the manufacturer’s instructions (see ﬁgure 1). These biosensors are a combination of stimulation, recording and ground electrodes. The peroneal biosensor is placed using the extensor hallucis longus (EHL) for orientation and proximal-distal positioning determined by a line between the two malleoli. Once on the patient, this biosensor places  Criterion validity of the NC-stat  97  Peroneal  Posterior Tibial  a c t x d d t  a  c  x  Figure 1. Diagram of peroneal and posterior tibial biosensors placed on the left limb. Figure labels are as follows: (a) stimulator anode; (c) stimulator cathode; (t) skin surface digital thermometer microchip (immediately to right of label); (d) detector array (peroneal) or active detector (posterior tibial); (x) integrated connector to the NC-stat device.  a stimulating cathode (surface electrode approximately 2 cm wide by 1 cm long) over the deep peroneal nerve with a similarly sized anode about 2 cm proximal. The detector array is placed on a line between the lateral malleolus and the third toe. This biosensor has an array of four electrodes. Each array element is spaced about 1.5 cm apart. The integrated array is placed over the vicinity of the extensor digitorum brevis (EDB) muscle using directions provided by the manufacturer. Stimulation intensity is automatically determined by the device through a ramp-up of stimulus intensity with simultaneous monitoring of the motor response. Stimulation ceases when a stable motor response is obtained. During the determination of this supramaximal response the NC-stat samples all four electrodes, by measuring differential signals from the two interspersed pairs of electrodes, and determines which one is directly over the motor point (Van Dijk et al 1999), and then uses that one for subsequent M-wave and F-wave acquisition. The posterior tibial biosensor is placed using the medial malleolus with rotational alignment along the long axis of the leg. Once on the patient, this biosensor places a stimulating cathode (surface electrode approximately 2 cm wide by 1 cm long) over the posterior tibial nerve just posterior to the medial malleolus with a similarly sized anode about 2 cm proximal. Both the active and inactive electrodes are located just distal to the medial malleolus. The active electrode is anterior and the reference electrode is posterior. In this conﬁguration, the biosensor records the intermediate/far-ﬁeld potential from non-moving dipole sources in tibial innervated foot muscles (Dumitru and King 1991, Stegman et al 1997). The resulting motor response is similar in shape and magnitude to those recorded directly over the foot and may avoid much of the variability found in conventional tibial motor response recordings (Van Dijk et al 1999). In theory, using this conﬁguration, all the posterior tibial nerve innervated foot muscles will be recorded, although the signal is probably dominated by the abductor hallucis (AH) muscle (Van Dijk et al 1999). Stimulation intensity is determined as for the peroneal biosensor. The NC-stat reference ranges for these parameters were developed by the manufacturer with this same methodology. All NC-stat latencies are temperature corrected to 30 ◦ C based on the skin surface temperature recorded by the biosensor at the ankle. These linear correct  98  J F Jabre et al  factors, determined in a separate study of 228 asymptomatic subjects, were 0.18 ms ◦ C−1 and 0.19 ms ◦ C−1 for the peroneal DML and posterior tibial DML, respectively. The mean F-wave latency correction factors were 0.38 ms ◦ C−1 and 0.63 ms ◦ C−1 for the peroneal and posterior tibial nerve, respectively. AMP (CMAP amplitude) temperature correction is not performed because temperature was not found to be a statistically signiﬁcant covariate of AMP. If the limb is very cold (<23 ◦ C), the study does not proceed until the temperature is brought up to this level through warming of the limb. All nerve conduction studies using the NC-stat were performed by a technician trained in NCS who explicitly followed manufacturer instructions. Nerve conduction studies using the Synergy machine were performed by the same technician and the procedure was supervised by a board certiﬁed neurologist. Standard peroneal and posterior tibial stimulation and recording techniques used in our laboratory are as follows. For peroneal studies, the active electrode of a bar electrode is placed over the motor point of the EDB muscle, and the peroneal nerve is stimulated over the ankle at a distance 7 cm proximal to the active electrode. For posterior tibial studies, the active electrode of a bar electrode is placed over the motor point of the AH muscle, and the posterior tibial nerve is stimulated behind the medial malleolus 14 cm proximal to the active electrode. A maximal response is gradually sought during each recording. Latency and amplitude cursors are automatically placed by the Synergy, subject to override by the technician. Limb temperature was maintained over 30 ◦ C throughout the study and no temperature correction was used for recordings obtained with the Synergy. F-wave studies with the Synergy were performed in the same recording electrode position described above but with the stimulator electrodes reversed, i.e. the anode distal, and cathode proximal. Ten repetitive stimuli were applied to the nerve without asking the subject to perform any facilitation maneuvers. Unlike the NC-stat (see below), the shortest latency F-wave was selected for measurement. When no response was obtained using the above techniques, an absent response was noted. For the NC-stat, F-wave parameters are automatically determined based on 20 distinct F-wave responses. However, a maximum of 40 (peroneal) and 24 (posterior tibial) stimuli are delivered to the patient. The NC-stat system reports the mean F-wave latency in real time. The full report includes the following F-wave parameters (Fisher, 2002): mean latency, chronodispersion, duration, persistence, presence of A-waves and a composite F-wave score optimized for the detection of lumbosacral radiculopathy (Wells et al 2002). For the NC-stat, response parameters including latencies and amplitudes are displayed on the device LCD screen in real-time. The device itself does not display waveforms during the study and the recording electrodes were not adjusted to optimize or maximize the response as was done with the Synergy when needed, though placement of the NC-stat biosensors followed anatomical landmarks as described above. The NC-stat used its own parameters and proprietary algorithms to stimulate and record the peroneal and posterior tibial responses, as well as to identify take-offs for cursor placement. Once done, the unit is placed in a cradle and the study sent via a high-speed modem to the Neurometrix computer servers for hard-copy report generation. The report, which contains the waveforms and other study results is either automatically faxed back to the lab, typically within minutes, or sent back to the physician as an e-mail attachment. The NC-stat report contains the patient’s demographics, the studies performed, all the waveforms of the nerves studied and their measurements as well as the cursor positioning chosen by the NC-stat’s algorithms (over which the technician had no control) and a decision support analysis of the study, automatically performed by the Neurometrix computer servers, using proprietary algorithms.  Criterion validity of the NC-stat  99  2.3. Statistical analysis NC-stat measurements of peroneal and posterior tibial nerve conduction were statistically compared against analogous measurements performed by a trained technician (using the Synergy instrument) under the supervision of a neurologist with sub-specialty certiﬁcation in electromyography. The latter measurements were justiﬁably deﬁned as the reference because they were performed in an academic electromyography laboratory and employed standardized and reproducible techniques. Although similar nerve conduction measurements were made by both the NC-stat and the reference, identical electrode placement and data acquisition methods were not enforced. This would have disrupted the normal testing paradigms. Systematic bias between the NC-stat and the reference was evaluated by comparing the mean DMLs, AMPs and FLATs of the peroneal and posterior tibial nerves using a paired t-test. The criterion validity of the NC-stat was assessed by calculation of the Spearman rank-order correlation coefﬁcient (ρ) between the NC-stat and reference measurements. The robustness of this validity determination to pathology was assessed by also calculating the Spearman coefﬁcient for subgroups comprised of the two most abnormal quartiles as indexed by the reference measurement (i.e. DML, FLAT > median reference value; AMP < median reference value). The Spearman correlation is a non-parametric measure of correlation that does not assume a linear relationship between variables. This later property was important because of the absence of precise methodological equivalence between the NC-stat and reference measurements. Although a statistically signiﬁcant positive Spearman coefﬁcient would conﬁrm a minimal level of criterion validity, clinical relevance required a suitably high value. Burnand and colleagues recommended a generic deﬁnition of high correlation as ρ > 0.60 (Burnand et al 1990). This range was further partitioned into acceptable (0.60 > ρ < 0.79) and excellent (ρ 0.80) criterion validity based on published Pearson and intraclass correlation coefﬁcients between two physician electromyographers evaluating the same patient at a single visit (Salerno et al 1999) and derived from short term (generally under one week) reproducibility studies (Dyck et al 1991, Gill et al 1999, McNulty et al 2001). Statistical analyses including calculation of mean values, paired t-test and Spearman rank-order correlation coefﬁcients were performed using SYSAT Version 10 (SPSS Inc., Chicago, IL). 3. Results A total of 60 patients, all with lower extremity symptoms and/or physical ﬁndings suggestive of neuropathy, were evaluated by the NC-stat and by traditional EMG equipment under neurologist supervision (reference measurement). The mean age of the study group was 54.3 years (standard deviation 16.3, range 17 to 83, 17.2% over 69) and 52 (86.7%) were male. The mean and standard deviation of the NC-stat and reference measurements are listed in table 1. Statistically signiﬁcant differences, by a paired t-test, were observed between the mean values of all parameters except for the peroneal AMP and posterior tibial FLAT. The largest difference was observed for the tibial DML. Scatter plots between NC-stat and reference measurements are shown in ﬁgure 2. All nerve conduction parameters exhibited a wide range of values from normal to highly abnormal. Statistically signiﬁcant Spearman rank-order correlations were observed between all peroneal and posterior tibial parameters obtained with the NC-stat and their reference counterparts (see table 1). In descending order, correlations were strongest between the FLATs, followed by the AMPs and the DMLs. Excellent criterion validity was demonstrated for the peroneal and posterior tibial FLATs and the peroneal AMP. Acceptable criterion validity was identiﬁed for  100  J F Jabre et al Table 1. Comparison of NC-stat and reference NCS measurements. Parametera Peroneal nerve DML AMP FLAT Post Tibial Nerve DML AMP FLAT  NC-statb  Referenceb  t-testc  Spearmand  4.52 (0.7) 2.98 (2.1) 58.9 (8.2)  4.92 (1.0) 3.02 (1.9) 56.7 (8.1)  <0.001 NS <0.001  0.70, 0.10 0.86, 0.62 0.91, 0.71  4.15 (0.7) 3.66 (2.9) 57.6 (7.9)  6.36 (1.0) 4.99 (3.8) 57.3 (6.6)  <0.001 <0.001 NS  0.45, 0.32 0.73, 0.69 0.90, 0.72  a DML, distal motor latency (measured in milliseconds). AMP, compound muscle action potential amplitude (measured in millivolts) from baseline to negative peak. FLAT, mean latency NC-stat and minimum latency Reference. b Mean (standard deviation). c t-test, paired t-test signiﬁcance, NS not signiﬁcant. d Spearman, Spearman rank-order correlation coefﬁcient. First coefﬁcient is rank-order correlation for entire range of values. Second coefﬁcient is rank-order correlation for sub-group comprised of 50% most severely affected nerves, deﬁned as all nerves for which reference parameter was above its median value (DML: >4.8 peroneal, >6.2 post. tibial; FLAT: >55.4 peroneal, >57.4 post. tibial) or below (AMP: <2.5 peroneal, <4 post. tibial).  the peroneal DML and the posterior tibial AMP. Criterion validity could not be demonstrated for the posterior tibial DML. In the pathological subgroup analysis (i.e. two most abnormal quartiles), all the parameters with excellent criterion validity dropped to the acceptable level. The posterior tibial AMP was relatively unaffected and criterion validity was lost for the peroneal DML. 4. Discussion NCS parameter values depend on recording electrode conﬁguration (Van Dijk et al 1994, Bromberg and Spiegelberg 1997), temperature (Rutkove 2001), instrumentation settings (Bischoff et al 1990), and other factors. These methodological issues may impact the consistency of NCS parameters measured by different electromyographers or the same electromyographer at different times. Inter-examiner correlation and agreement of NCS parameters measured by multiple electromyographers has been evaluated with a variety of study designs and statistical techniques (Chaudhry et al 1991, Valensi et al 1993, Chaudhry et al 1994, Husstedt et al 1997, Salerno et al 1999, Gill et al 1999, McNulty et al 2001, Johnsen et al 1985). Indeed the interpretation of our results and ﬁndings must also take into account several methodological disparities between the two methods of collecting and analyzing lower extremity NCS data. The purpose of this study was to assess the criterion validity of NCstat motor NCS. Although instrument reliability was not evaluated in this study design, the NC-stat has demonstrated good reproducibility of lower extremity motor nerve measurements over a one-week period (Kong et al 2006). Inter-method agreement between the NC-stat and the reference nerve conduction values (e.g. the DML) would have also been a measure of reliability; however, this evaluation was not performed because it would have required that the two measurement techniques precisely conform. Moreover, because the NC-stat is ﬁxed and standardized, a direct measure of inter-method agreement would require that that the EMG laboratory exactly replicate the NC-stat technique. This would likely introduce experimental error as the standard and familiar methods employed by the laboratory would not apply. The  Criterion validity of the NC-stat  101 10  8  8  NC-stat Tibial DML  NC-stat Peroneal DML  10  6  4  2 2  4 6 8 Reference Peroneal DML  6  4  2 2  10  15  5 10 15 Reference Tibial AMP  20  45 60 75 Reference Tibial FLAT  90  15  10  5  0 0  5 10 15 Reference Peroneal AMP  5  90  NC-stat Tibial FLAT  75  60  45  30 30  10  0 0  20  90  NC-stat Peroneal FLAT  10  20  NC-stat Tibial AMP  NC-stat Peroneal AMP  20  4 6 8 Reference Tibial DML  45 60 75 Reference Peroneal FLAT  90  75  60  45  30 30  Figure 2. Scatter plots of nerve conduction parameters measured using the reference method (Synergy EMG machine under neurologist supervision) against the analogous measurements by the NC-stat instrument. Each point represents a nerve from one subject.  NC-stat utilizes pre-fabricated electrode conﬁgurations, electronic temperature measurement and computational algorithms to automate the technical steps of a NCS testing. The reference studies with the Synergy involve pasting re-usable stimulation and recording electrodes (bar electrodes in this case) over anatomical landmarks at laboratory speciﬁc preset distances, with automatic cursor placements subject to operator override. These differences also include  102  J F Jabre et al  different power source generated stimuli such as alkaline battery for the NC-stat and traditional outlet electricity for the Synergy; one set of stimulus, ground, active and recording electrodes for the NC-stat and independent electrodes for the Synergy; volume conducted measurements for the posterior tibial studies for the NC-stat, versus direct, over motor point, recording for the Synergy; different F-wave latency measurements, the mean latency for the NC-stat versus minimum latency for the Synergy; and ﬁnally, differences in cursor positioning and control as described above. Our results showed no statistically signiﬁcant difference between the mean peroneal AMP and posterior tibial FLAT measured by the NC-stat and the Synergy in a wide spectrum of patients with lower extremity symptoms and/or neuropathic physical ﬁndings. In the former, the probable reason is that our electrode positioning was very similar in both instances. In the case of the posterior tibial FLAT, it appears that the difference between the mean F-wave latency using a volume-conducted approach is similar to the minimum latency recorded using traditional electrode sites. All the other parameters had differences in the means, which simply implies that the methods were not identical and that different reference ranges would have to be used. Excellent criterion validity was demonstrated for the peroneal and posterior tibial FLATs and the peroneal AMP. Acceptable criterion validity was found for the peroneal DML and the posterior tibial AMP. The criterion validity of the posterior tibial DML could not be conﬁrmed in this study. This does not imply that this NC-stat measurement lacks validity, but rather that the technique has signiﬁcant differences with the methods employed in collecting the reference measurements with the Synergy. This observation will require additional investigation. With the exception of the peroneal DML, criterion validity was maintained under pathological sub-group analysis. The dramatic drop in the peroneal DML Spearman correlation coefﬁcient may imply that different features of the peroneal compound muscle action potential were detected by the two methods in highly pathological nerves. This issue and its clinical relevance require further study. Indeed, correlation outliers were observed for the peroneal DML when the reference value was above about 6 ms, and for the posterior tibial DML and CMAP amplitude particularly at high values. Because high DML values are pathological but high CMAP values are normal, the posterior tibial outliers do not appear to be related to nerve pathology. The peroneal DML differences may be attributable to differences in cursor assignment between automated (NC-stat) and manual (Synergy) methods. Delayed peroneal motor responses may be associated with a slowly rising CMAP waveform. The automated algorithm detects the earliest clear deviation from baseline independent of gain setting. This waveform feature may not be visible to the technician using the Synergy machine unless the gain is turned up very high. The posterior tibial DML and CMAP outliers are likely due to bioelectrical differences between volume conducted and direct over muscle recordings. The volume conducted response is thought to represent the ﬁrst posterior tibial innervated foot muscle to be activated regardless of location. This muscle may be different than that detected by over muscle recording of the AH muscle. Furthermore, the volume conducted response will integrate motor responses from all posterior tibial innervated muscles and the signals may be slightly attenuated due to increased distance between the muscle and the active electrode. The clinical implications of differences between tibial distal (as opposed to F-waves) measurements by the NC-stat and over-muscle techniques require further study. The results in this study compare favorably with prior studies that evaluated NC-stat criterion validity. High Pearson correlation coefﬁcients were obtained between median and ulnar DMLs and DSLs (Lefﬂer et al 2000, Rotman et al 2004, Vinik et al 2004, Elkowitz et al  Criterion validity of the NC-stat  103  2005, Kong et al 2006), median and ulnar FLATs (Lefﬂer et al 2000, Vinik et al 2004), and sural amplitude (Perkins et al 2006). This study had a number of limitations. First, only distal peroneal and posterior tibial DML, AMPs and FLATs were evaluated. Proximal motor stimulation and sural measurements were not compared. At the present time, proximal peroneal and posterior tibial measurements are not available with the NC-stat System. Sural measurements are available (Perkins et al 2006). Second, as noted above, the NC-stat and EMG laboratory methods were not identical. Differences in electrode positioning led to systematic differences in the nerve conduction measurements. Nevertheless, the criterion validity of NC-stat parameters was demonstrated by the high Spearman rank-order correlation coefﬁcients. Third, this study did not directly measure the equivalence of NC-stat and the EMG laboratory ‘diagnosis’. This was not an objective of the present study because the device is designed to yield valid and reliable nerve conduction data over a wide spectrum of patients and disease, where clinical diagnosis is performed by the physician examining the patient utilizing the data as well as their clinical judgment. 5. Conclusion Our study indicates that the technology used by the NC-stat for recording and analyzing NCS in the peroneal and posterior tibial nerves compares favorably with that obtained with traditional EMG equipment. Most nerve conduction parameters exhibited excellent or acceptable criterion validity. The NC-stat automates the process signiﬁcantly avoiding operator errors in instances where proper training of the technician/physician performing the study may be an issue. This study did not address interpretations performed by physician using NC-stat data, nor the validity of the reference ranges used or the way these were collected. Acknowledgments This study was supported by a research grant to Boston University by Neurometrix, Inc., Waltham, MA. References Bischoff C, Fuglsang-Fredriksen A, Vendelbo and Sumner A 1990 Standards of instrumentation of EMG Recommendations for the Practice of Clinical Neurophsyiology: Guidelines of the International Federation of Clinical Physiology (EEG Suppl. 52) ed G Deuschl and A Eisen (New York: Elsevier) pp 199–211 Bril V et al 1998 Electrophysiology monitoring in clinical trials Muscle Nerve 21 1368–73 Bromberg M B and Spiegelberg T 1997 The inﬂuence of active electrode placement on CMAP amplitude Electroencephalogr. Clin. Neurophysiol. 105 385–9 Burnand B, Kernan W N and Feinstein A R 1990 Indexes and boundaries for ‘quantitative signiﬁcance’ in statistical decisions J. Clin. Epidemiol. 43 1273–84 Chaudhry V et al 1991 Inter- and intra-examiner reliability of nerve conduction measurements in normal subjects Ann. Neurol. 30 841–3 Chaudhry V et al 1994 Inter- and intraexaminer reliability of nerve conduction measurements in patients with diabetic neuropathy Neurology 44 1459–62 Dumitru D and King J C 1991 Far-ﬁeld potentials in muscles Muscle Nerve 14 981–9 Dyck P J et al 1991 The Rochester Diabetic Neuropathy Study: design, criteria for types of neuropathy, selection bias, and reproducibility of neuropathic tests Neurology 41 799–807 Elkowitz S, Dubin N, Richards B and Wilgis E F 2005 Clinical utility of portable versus traditional electrodiagnostic testing for diagnosing, evaluating, and treating carpal tunnel syndrome Am. J. Orthop. 34 362–4 England J D et al 2005 Distal symmetrical polyneuropathy: deﬁnition for clinical research Muscle Nerve 31 113–23  104  J F Jabre et al  Fisher M A 2002 H reﬂexes and F waves. Fundamentals, normal and abnormal patterns Neurol. Clin. N. Am. 22 339–60 Fisher M A 2005 Comparison of automated and manual F-wave latency measurements Clin. Neurophys. 116 264–9 Gill N W 3rd, Ruediger T M, Gochis R D, Werling W C, Moore J H, Allison S C, Shaffer S and Underwood F B 1999 Test-retest reliability of the ulnar F-wave minimum latency in normal adults Electromyogr. Clin. Neurophysiol. 39 195–200 Gozani S N, Fisher M A, Kong X, Megerian J T and Rutkove S B 2005 Electrodiagnostic automation: principles and practice Phys. Med. Rehabil. Clin. N. Am. 16 1015–32 Husstedt I W, Evers S T and Grotemyer K H 1997 Reproducibility of different nerve conduction velocity measurements in healthy test subjects and patients suffering from diabetic neuropathy Electromyogr. Clin. Neurophysiol. 37 359–63 Johnsen B, Fuglsang-Frederiksen A, Vingtoft S, Fawcett P, Liguori R, Nix W, Otte G, Schoﬁeld I, Veloso M and Vila A 1995 Inter- and intraobserver variation in the interpretation of electromyographic tests Electroencephalogr. Clin. Neurophysiol. 97 432–43 Kong X, Gozani S N, Hayes M T and Weinberg D H 2006 NC-stat sensory nerve conduction studies in the median and ulnar nerves of symptomatic patients Clin. Neurophysiol. 117 405–13 Kong X, Lesser E A, Megerian J T and Gozani S N 2006 Repeatability of nerve conduction measurements using automation J. Clin. Monit. Comput. at press (sep 14, epub ahead of print, PMID: 16972142) Lefﬂer C T, Gozani S N and Cros D 2000 Median neuropathy at the wrist: diagnostic utility of clinical ﬁndings and an automated electrodiagnostic device J. Occup. Environ. Med. 42 398–409 McNulty V B, McBride K D, Moreland T A, Allison S C, Moore J H and Ernst G P 2001 Test-retest reliability of the ulnar F-wave minimum latency versus ulnar distal motor latency in healthy adults Electromyogr. Clin. Neurophysiol. 41 323–8 Perkins B A, Grewal J, Ng E, Ngo M and Bril V 2006 Validation of a novel point-of-care nerve conduction device for the detection of diabetic sensorimotor polyneuropathy Diabetes Care 29 2023–7 Rotman M B, Enkvetchakul B V, Megerian J T and Gozani S N 2004 Time course and predictors of Median nerve conduction after carpal tunnel release J. Hand. Surg. (Am.) 29 367–72 Rutkove S B 2001 Effect of temperature on neuromuscular electrophysiology Muscle Nerve 24 867–82 Salerno D F, Werner R A, Albers J W, Becker M P, Armstrong T J and Franzblau A 1999 Reliability of nerve conduction studies among active workers Muscle Nerve 22 1372–9 Stegman D F, Dumitru D, King J C and Roeleveld K 1997 Near- and far-ﬁeld source characteristics and the conducting medium in neurophysiology J. Clin. Neurophys. 14 429–42 Valensi P et al 1993 Reproducibility of parameters for assessment of diabetic neuropathy Diabetes Med. 10 933–9 Van Dijk J G, Van Der Kamp W, van Hilten B J and van Someren P 1994 Inﬂuence of recording site on CMAP amplitude on its variation over a length of nerve Muscle Nerve 17 1286–92 Van Dijk J G, van Benten I, Kramer C G and Stegeman D F 1999 CMAP amplitude cartography of muscles innervated by the median, ulnar, peroneal, and tibial nerves Muscle Nerve 22 378–89 Vinik A I, Emley M S, Megerian J T and Gozani S N 2004 Median and Ulnar nerve conduction measurements in patients with symptoms of diabetic peripheral neuropathy using the NC-stat system Diabetes Technol. Ther. 6 816–24 Vinik A I, Kong X, Megerian J T and Gozani S N 2006 Diabetic nerve conduction abnormalities in the primary care setting Diabetes Technol. Ther. 8 654–62 Wells M D, Myers A P, Emley M, Kong X, Sanchez R and Gozani S N 2002 Detection of lumbosacral nerve root compression with a novel composite nerve conduction measurement Spine 27 2811–9  "
}