{
  "arkIstex": "ark:/67375/80W-JHGBQBB5-B",
  "title": "Late and Severe Acute Necrotizing Pancreatitis in a Patient with Liraglutide",
  "language": [
    "eng"
  ],
  "publicationDate": "2012",
  "copyrightDate": "2012",
  "doi": [
    "10.2515/therapie/2012076"
  ],
  "ark": [
    "ark:/67375/80W-JHGBQBB5-B"
  ],
  "genre": [
    "article"
  ],
  "originalGenre": [
    "letter"
  ],
  "author": [
    {
      "name": "Hayet Bourezane",
      "affiliations": [
        "Department of Pharmacovigilance, CHU Saint Jacques, Besançon, France",
        "E-mail: hbourezane@chu-besancon.fr"
      ]
    },
    {
      "name": "Bruno Kastler",
      "affiliations": [
        "Radiology Department, CHU Jean Minjoz, Besançon, France",
        "I4S Laboratory, Besançon, France"
      ]
    },
    {
      "name": "Jean-Pierre Kantelip",
      "affiliations": [
        "Department of Pharmacovigilance, CHU Saint Jacques, Besançon, France"
      ]
    }
  ],
  "subject": [
    {
      "lang": [
        "eng"
      ],
      "value": "pancreatitis"
    },
    {
      "lang": [
        "eng"
      ],
      "value": "liraglutide"
    },
    {
      "lang": [
        "eng"
      ],
      "value": "pancréatite"
    },
    {
      "lang": [
        "eng"
      ],
      "value": "liraglutide"
    }
  ],
  "host": {
    "title": "Thérapie",
    "language": [
      "unknown"
    ],
    "issn": [
      "0040-5957"
    ],
    "eissn": [
      "1958-5578"
    ],
    "publisherId": [
      "therapie"
    ],
    "volume": "67",
    "issue": "6",
    "pages": {
      "first": "539",
      "last": "543",
      "total": "5"
    },
    "genre": [
      "journal"
    ],
    "subject": [
      {
        "value": "Lettre à la Rédaction / Letters to Editor"
      }
    ]
  },
  "corpusName": "edp-sciences",
  "qualityIndicators": {
    "score": 4.609,
    "pdfWordCount": 2597,
    "pdfCharCount": 17641,
    "pdfVersion": 1.6,
    "pdfPageCount": 5,
    "pdfPageSize": "595.275 x 841.89 pts (A4)",
    "refBibsNative": true,
    "abstractWordCount": 1,
    "abstractCharCount": 0,
    "keywordCount": 4
  },
  "categories": {
    "wos": [
      "1 - science",
      "2 - pharmacology & pharmacy"
    ],
    "scienceMetrix": [
      "1 - health sciences",
      "2 - clinical medicine",
      "3 - pharmacology & pharmacy"
    ],
    "scopus": [
      "1 - Health Sciences",
      "2 - Medicine",
      "3 - Pharmacology (medical)"
    ]
  },
  "enrichments": {
    "type": [
      "multicat"
    ]
  },
  "fulltext": "LETTRE  À LA  Thérapie 2012 Novembre-Décembre; 67 (6): 539–543 DOI: 10.2515/therapie/2012076  RÉDACTION  © 2012 Société Française de Pharmacologie et de Thérapeutique  Late and Severe Acute Necrotizing Pancreatitis in a Patient with Liraglutide Pancréatite aiguë sévère nécrosante de survenue tardive chez un patient sous liraglutide Hayet Bourezane1, Bruno Kastler2, 3 and Jean-Pierre Kantelip1 1 Department of Pharmacovigilance, CHU Saint Jacques, Besançon, France 2 Radiology Department, CHU Jean Minjoz, Besançon, France 3 I4S Laboratory, Besançon, France Text received June 25th, 2012; accepted July 27th, 2012 This case has been notified into the French national pharmacovigilance database on 8th November, 2011 Keywords: pancreatitis; liraglutide Mots clés : pancréatite ; liraglutide Abbreviations: see end of article.  1. Introduction Liraglutide is the second synthetic analogue of human glucagon-like peptide-1(GLP-1) marketed after exenatide for the treatment of type 2 diabetes. The most frequently reported side effects with this treatment are gastrointestinal (nausea, diarrhea, vomiting, constipation and dyspepsia), headaches and rhinopharyngitis are also frequent. These symptoms often resolve spontaneously within a few days or weeks. [1] The use of analogues of GLP-1 has been reported to be a risk of pancreatitis, however its frequency could not be estimated because of the rarity of published cases.[2,3] The most common causes of pancreatitis are gallstones and alcohol (80% of cases).[4] Other causes include metabolic disorders (hypertriglyceridemia, hypercalcemia), infections (viral, bacterial, fungi or parasitic), tumors (pancreatic duct obstruction), vascular diseases (ischemia and vasculitis), autoimmune diseases, genetic, toxic (scorpion venom), trauma. Pancreatitis can also be idiopathic. Drug induced pancreatitis is relatively rare with an estimated incidence between  0.1 to 2%.[4,5] The time of onset of pancreatitis may vary from a few weeks to several months of exposure, probably due to the accumulation of toxic metabolites.[6] We report a case of severe necrotizing acute pancreatitis after 11 months of treatment with liraglutide for type 2 diabetes.  2. Case presentation A 63 year-old man with type 2 diabetes since 1990 was admitted to the emergency department of our hospital (day 1) with a 24 hour history of intense and constant mid-epigastric pain radiating to the back, flank, chest and lower abdomen. Health status was altered with vomiting and diarrhea. His medical history included: obesity (body mass index=35Kg/ m2), arterial hypertension, hypercholesterolemia, silent myocardial ischemia, and prostatic adenomectomy. There was no alcohol or tobacco intoxication, no hypertriglyceridemia, or history of gallstones, no trauma, and no viral syndrome or scorpion stings. Physical examination on day 1 showed an altered condition, a distended abdomen, painful to palpation but no defense or contractures were noted. On admission, the patient was receiving for over five years, with a good tolerance, the following treatment: aspirin 75 mg daily, metformin 700 mg 3 times daily, amlodipine 10 mg daily, rosuvastatin 10 mg daily, disoprolol hemifumarate 10 mg daily, gliclazide 30 mg daily. Because of ascension of glycated hemoglobin levels (HbA1c) to more than 8%, liraglutide was started 11 months before admission (day 1) at 0.6 mg daily for ten days, then increased to 1.2 mg and finally to 1.8 mg daily one month before admission. Laboratory tests on day 1 included lipase 2 579 units/L (22-58), amylase 2 514 units/L (reference range 28-100), glucose 3.21 gL (reference range 0.72 to 1.08), aspartate aminotransferase (ASAT) 419 IU/L (reference range 10-42), alanine aminotransferase (ALAT) 293 IU/L (reference range 10-40), γ-glutamyl transpeptidase (GTP) 636 IU/L (reference range 7-64), alkaline phosphatase (ALP) 125 IU/L (reference range 40-120), total bilirubin was 39.1 µmol/L (reference range 3-17), direct bilirubin 13.5 µmol/L (reference range 1-6), white blood cells 20×103/µL (reference range 4 -10×103/µL), creatinin, C-reactive protein (CRP) and mean globular volume (MCV) were at the normal range. Ultrasonographic evaluation showed no evidence of dilated intrahepatic or extrahepatic biliary ducts, no gallstones and no signs of of steatosis that could be related to alcoholism. Abdominal computed tomography scan (CT-scan) at day 1 showed infiltration of peripancreatic fat and presence of fluid collections. Thereby confirming acute stage E pancreatitis (figure 1) No parenchymal pancreatic necrosis was noted. No gallstones or thickening of the gallbladder were detected. Therapeutic management consisted of discontinuation of metformin, gliclazide and liraglutide and his diabetes was managed with insulin therapy. In addition, the patient’s oral intake was substituted with intravenous hydratation associated with oxygenotherapy  Article publié par EDP Sciences  540  Day Day 1  Bourezane et al.  Day 3  Day 35  At day 40 percutaneous drainage of the pseudocyst was performed under endoscopic ultrasound guidance by placement of two double-pigtails 10 F stents. A nasocystic drain was deployed along side of the stents allowing daily irrigation and bacteriological sampling. Another echoendoscopy confirmed the lack of stones. Bacteriologic examination revealed the presence of enterococcus sensitive to the double antibiotherapy prescribed before determining the nature of the infectious process. Between day 40 and day 60 patient's condition remained stable. At day 62 retroperitoneal necrosectomy was performed followed by another endoscopy which confirmed lack of gallstones. Improvement of patient’s clinical and biological status allowed him to be discharged home on day 76 with prescription of insulin therapy and pancreatic enzymes (Pancreatine®).  3. Discussion  Fig. 1. CT-scan showing images of acute pancreatitis at day 1, necrotic pancreatitis at day 3 and pancreatic pseudocyst at day 35. Day 1. Satisfactory pancreatic gland parenchyma enhancement (white arrow), surrounding fat infiltration (small arrow head) and multiple fluid collections (large arrow heads) in favor of acute grade E pancreatitis. Day 3. Occurrence of pancreatic gland necrosis (large arrow head) and increased fluid collections (small arrow head). Day 35. Compressive pancreaticpseudocyst (arrow heads).  and analgesics. On day 3, lipase and amylase levels fell to 1 016 units/L and 986 units/L and then continued to decline. Biological hepatic parameters also improved: AST 85 IU/L (reference range 10-42), ALT 208 IU/L (reference range 10-40), GTP 300 IU/ L (reference range 7-64), ALP 125 IU/L (reference range 40-120). However, concomitantly symptoms of pancreatitis worsened: aggravation of pain, anxiety and delirium, inflammatory syndrome (CRP 364 mg/L), renal insufficiency creatinin 327 µmol/L (reference range 50–120 µmol/L). CT-scan showed infiltration of peripancreatic fat with increased fluid collections (figure 1).[7] On day 9 infiltrated ecchymotic left basithoracic plaque were noted, in favor of Grey-Turner sign thereby confirming severe pancreatitis. No biliary lithiasis was shown at ultrasonography and no biliary duct abnormality was found on magnetic resonance imaging (MRI)examination.Furthermore,echoendoscopydetectednolithiasis. At day 35 the general condition of the patient worsened with back pain, severe infectious syndrome (39 °C), arterial hypertension, tachycardia, asthenia and total food intolerance. A double antibiotic therapy (imipenem and ciprofloxacin) was started. CT-scan showed almost complete disappearance of the pancreatic parenchyma with the presence of a large and compressive pancreatic pseudo cyst 264×102 mm (figure 1).  © Société Française de Pharmacologie et de Thérapeutique  Our observation is the first case, to our knowledge, of severe acute necrotizing pancreatitis complicated by pancreatic pseudocyst probably induced by liraglutide. According to French pharmacoviglilance imputability[8] liraglutide was probably responsible for the acute pancreatitis. The mode of action of liraglutide mimics the effects of incretins. The latter, represented by the GLP-1 and GIP (gastric inhibitory polypeptide), secreted from the endocrine L and K cells in the intestinal mucosa respectively are natural digestive hormones produced during the ingestion of nutrients. GLP-1 and GIP contribute to approximately 60% of the insuline secretion post-prandially. GLP-1 stimulates insulin secretion of the β cells and additionally inhibits glucagon secretion from the α cells.[1] Its plasmatic half-life is long (13 hours), allows one daily administration by subcutaneous injection at the dose of 0.6 mg/day for one week, followed then by a 1.2 mg or sometimes to 1.8 mg/day depending on the efficiency. Liraglutide is endogenously metabolized in the same way as large proteins without a specific organ as a major route of elimination.[1] In our case, several arguments are in favor of pancreatitis secondary to liraglutide. The lack of evidence for other causes of pancreatitis especially hypertriglyceridemia, alcoholism intoxication or gallstones or further bilio-pancreatic abnormalities found on abdominal echography, endoscopic ultrasonography, MRI, CTScan and echoendoscopy. Chronologically, time of onset of 11 months is in accordance with data from the literature, usually ranging from weeks to several months. Stopping Liraglutide resulted in a marked improvement in pancreatic enzymes (figure 2), parallel to the biological time required for the total elimination of liraglutide. Moreover, our patient’s chronic medication (more than several years) that could be induce pancreatitis include aspirin, metformin, rosuvastatin, gliclazide and amlodipine, were well tolerated making an association with pancreatitis unlikely. Although, the risk of pancreatitis in diabetic patients is higher than subjects without diabetes,[9] however, a case-control study[10]  Thérapie 2012 Novembre-Décembre; 67 (6)  Severe Necrotizing Acute Pancreatitis with Liraglutide  541  Fig. 2. Evolution of lipase and amylase serum levels after stopping liraglutide.  showed that the use of incretins (exenatide and sitagliptin) multiplied by six the risk of pancreatitis compared with controls based on the database of the Food and Drug Administration (FDA). Six randomized controlled trials called LEAD (liraglutide effect and action in diabetes) enrolled over 4 400 type 2 diabetes patients in whom blood glucose was inadequately controlled by diet and exercise alone or in combination with oral treatment. About 2 700 received liraglutide, 6 cases of pancreatitis have been reported in these premarketing studies of liraglutide, 4 acute and 2 chronic.[11-16] Of these, one case in LEAD 6 occurred late after initiation of liraglutide (day 88) in a 69 year old man.[16] Another case in LEAD 3, with fatal outcome occurred after 669 days of treatment with liraglutide 1.8 mg daily. Autopsy revealed the existence of signs of acute and chronic pancreatitis.[13] A review of the literature found two published cases of acute pancreatitis associated with liraglutide. The first case was reported by Lee[17] in a 60-year-old white female with type 2 diabetes who developed acute pancreatitis 23 days after starting liraglutide. His others medications included metformin, pioglitazone, glimepiride, insulin lispro protamine. The patient’s symptom resolved on day 4 after stopping liraglutide and she was discharged home on day 5. It is important to notice that the patient experienced recurring pain on day 3 despite improvement of biological parameters like in our observation. This observation has been criticized by Steinberg WM[18] because of the absence of CT-scan signs for acute pancreatitis. The second case was recently reported by Knezevich[19] in a 53 year old african-american man who developed acute pancreatitis two months after increasing the dose of liraglutide from 0.6 to 1.2 mg. His other medications included aspirin, metformin,  © Société Française de Pharmacologie et de Thérapeutique  simvastatin, tadalafil and glimepiride. The symptoms resolved eight days after stopping liraglutide. Table I summarizes the three cases of pancreatitis associated with liraglutide. This observation calls for several comments. Firstly, it is important to note the late onset of symptoms of pancreatitis (11 months in our case) prompting us to remain vigilant in informing patients treated with liraglutide to consult in case of abdominal pain that may sometimes mimic a cardiovascular cause. Indeed, our patient presented three months before admission two previous episodes of epigastric pain with vomiting that prompted hospitalization in cardiology. The cardiological assessment (ddimer, electrocardiogram, coronary angiography) outrouled a cardiac origin. The other biological parameters reveals: hyperglycemia to 2.27 g/L (0.72 to 1.08), an HbA1C 8.6%, a slight increase of ALT=54 IU/L (10-40), bilirubin total=21 umol/L (3-17), leukocytes 10.5×109 /L. The lipase assay was not performed. Retrospectively, we hypothesize that the patient started his pancreatitis at this time. Secondly, aggravation of pancreatitis was probably occurred secondarily to increase of the dose of liraglutide (1.2 mg to 1.8 mg daily) one month before hospitalization. It is interesting to note that this increase was justified by elevation of HbA1c (6.7% five months before day1 to 8.7% one month before day 1) without any common cause of imbalance of diabetes (no food gap, good adherence to treatment). Indeed, hyperglycemia is a biological sign which may be part of the picture of acute pancreatitis.[20] Figure 3 summarizes the changes in the rate of glycated hemoglobin since introduction of liraglutide. Thirdly, the occurrence of cytolysis and cholestasis concomitant with pancreatic injury and the improvement of biological hepatic parameters after discontinuation of liraglutide (figure 4) is intriguing and raises the question of the role of the drug in the  Thérapie 2012 Novembre-Décembre; 67 (6  542  Bourezane et al.  Table I. Characteristics of the three cases of pancreatitis (2 published cases and our case) associated with liraglutide therapy.  Lee Ph[17]  Knezevitch E[19]  Our Case  60  53  63  Female  Male  Male  51  31.75  35  Dyslipidemia  Yes  Yes  Yes  Arterial Hypertension  Yes  Yes  Yes  Age (years) Gender Body mass index (Kg/m²)  Alcohol  No  No  No  Associated treatment  Metformin, glimepiride, simvastatin,aspirin,piopglitazone, levothyroxine, gabapentin, spironolactone  Metformin, glimepiride, simvastatin, aspirin, tadalafil  Metformin, aspirin, amlodipin, rosuvastatin, disoprolol hemifumarate, gliclazide  Liraglutide (mg daily)  1.8  1.2  1.8  Time between onset Liraglutide and onset of symptoms (days)  23  60  330  Lipase (units/L) at admission  478  >15 000  2 579  Acute pancreatitis  Severe necrotizing pancreatitis, Balthazar E4  No  No  Pseudocyst  Day 4  Day 8  Day 76  CT-Scan  Pancreatic calcification  Complication Resolution of symptoms  Fig. 4. Evolution of biological hepatic parameters showing improvement after stopping liraglutide. Fig. 3. Evolution of HbA1C serum level showing elevation of HbA1C serum level despite increasing the dose of liraglutide.  occurrence of this hepatic injury? However, we didn’t find, to the best of our knowledge, in the literature any hepatic injury with liraglutide but we recently found one observation of drug induced  © Société Française de Pharmacologie et de Thérapeutique  hepatic injury associated with another incretin inhancer known as dipeptidyl-peptidase (DPP) 4 inhibitors called sitagliptine.[21] Finally, the potential mechanism of pancreatitis associated with analogues of GLP-1 is currently unclear, studies in animals suggest that GLP-1 alone can cause or aggravate pancreatitis.[2]  Thérapie 2012 Novembre-Décembre; 67 (6)  Severe Necrotizing Acute Pancreatitis with Liraglutide  In conclusion, we would like to draw the attention of clinicians on the risk of severe pancreatitis that may occur even after several months of treatment with liraglutide. We propose regular clinical monitoring with evaluation of serum lipase level in cases of persistent abdominal pain symptoms. Conflicts of interest. None. Abbreviations. ALAT: alanine aminotransferase; ALP: alkaline phosphatase; ASAT: aspartate aminotransferase; CRP: C-reactive protein; CT-scan: comuted tomography scan; DPP: dipeptidylpepsidase; FDA: Food and Drug Administration; GIP: gastric inhibitory polypeptide; GLP-1: glucagon-like peptide-1; GTP: γ/ glutamyl transpeptidase; LEAD: liraglutide effect and action in diabetes (studies); MCV: mean globular volume; MRI: magnetic resonance imaging.  References 1.  Gallwitz B. Glucagon-like Peptide-1 Analogues for type 2 diabetes mellitus. current and emerging agents. Drugs 2011; 71: 1675-88  2.  Anderson SL, Trujillo JM. Association of pancreatitis with glucagon-like petide-1 agonist use. Ann Pharmacother 2010; 44: 904-9  3.  Biour M, Daoud H, Ben Salem C. Pancréatotoxicité des médicaments. Seconde mise à jour du fichier bibliographique des atteintes pancréatiques et des médicaments responsables. Gastroenterol Clin Biol 2005; 29: 353-9  4.  Lowenfels AB, Maisonneuve P, Sullivan T. The changing character of acute pancreatitis: epidemiology, etiology and prognosis. Curr Gastroenterol Rep 2009; 11: 97-103  5.  Balani AR, Grendell JH. Drug-induced pancreatitis: incidence, management, and prevention. Drug Saf 2008; 31: 823-37  6.  Chari ST, Vege SS. Etiology of acute pancreatitis. In: UpToDate. http:// www.uptodate.com  7.  Balthazar EJ, Robinson DL, Megibow AJ, et al. Acute pancreatitis: value of CT in establishing prognosis. Radiology 1990 Feb; 174(2): 331-6  8.  Bégaud B, Evreux JC, Jouglard J, et al. Imputation of the unexpected or toxic effects of drugs. Actualization of the method used in France. Therapie 1985; 40: 111-8  9.  Noel R, Braun D, Patterson R, et al. Increased risk of acute pancreatitis and biliary disease observed in patients with type 2 diabetes: a retrospective cohort study. Diabetes Care 2009; 32: 34-8  © Société Française de Pharmacologie et de Thérapeutique  543  10. Elashoff M, Matveyenko AV, Gier B, et al. Pancreatitis, pancreatic, and thyroid cancer with glucagon-like peptide-1-based therapies. Gastroenterology 2011; 141: 150-6 11. Marre M, Shaw J, Brändle M, et al. Liraglutide, a once-daily human GLP-1 analogue, added to a sulphonylurea over 26 weeks produces greater improvements in glycaemic and weight control compared with adding rosiglitazone or placebo in subjects with type 2 diabetes (LEAD -1 SU). Diabet Med 2009; 26: 268-78 12. Nauck M, Frid A, Hermansen K, et al. Efficacy and safety comparison of liraglutide, glimepiride, and placebo, all in combination with metformin, in type 2 diabetes: the LEAD (liraglutide effect and action in diabetes)-2 study. Diabetes Care 2009; 32: 84-90 13. Garber A, Henry R, Ratner R, et al. Liraglutide versus glimepiride monotherapy for type 2 diabetes (LEAD -3 Mono): a randomised, 52-week, phase III, double-blind, parallel-treatment trial. Lancet 2009; 373: 473-81 14. Zinman B, Gerich J, Buse JB, et al. Efficacy and safety of the human glucagon-like peptide-1 analog liraglutide in combination with metformin and thiazolidinedione in patients with type 2 diabetes (LEAD -4 Met+TZD). Diabetes Care 2009; 32: 1224-30 15. Russell-Jones D, Vaag A, Schmitz O, et al. Liraglutide vs insulin glargine and placebo in combination with metformin and sulfonylurea therapy in type 2 diabetes mellitus (LEAD -5 met+SU): a randomised controlled trial. Diabetologia 2009; 52: 2046-55 16. Buse JB, Rosenstock J, Sesti G, et al. Liraglutide once a day versus exenatide twice a day for type 2 diabetes: a 26-week randomised, parallel-group, multinational, open-label trial (LEAD -6). Lancet 2009; 374: 39-47 17. Lee PH, Stockton MD, Franks AS. Acute pancreatitis associated with liraglutide. Ann Pharmacother 2011; 45: e22 18. Steinberg WM. Comment: acute pancreatitis associated with liraglutide. Ann Pharmacother 2011; 45: 1169 19. Knezevich E, Crnic T, Kershaw S, et al. Liraglutide associated acute pancreatitis. Am J Health Syst Pharm. 2012 Mar 1; 69(5): 386-9 20. Frossard JL, Steer ML, Pastor CM. Acute pancreatitis, Lancet 2008; 371: 143-52 21. Toyoda-Akui M, Yokomori H, Kaneko F, et al. A case of Drug-induced hepatic injury associated with sitagliptin. Intern Med 2011; 50: 1015-20  Correspondence and offprints: Hayet Bourezane, Department of Pharmacovigilance, CHU Saint Jacques, 2 place Saint Jacques, Bâtiment L, 25030 Besançon, France. Email: hbourezane@chu-besancon.fr  Thérapie 2012 Novembre-Décembre; 67 (6  "
}