{
  "arkIstex": "ark:/67375/56L-J87Z26R1-8",
  "title": "Dissertatio medica inauguralis, de diabete. Quam annuente summo numine, ex auctoritate reverendi admodum viri, D. Gulielmi Robertson, S.S.T.P. academiæ Edinburgenæ præfecti: nec non amplissimi senatus academici consensu, et nobilissimae facultatis medicæ decreto, Pro Gradu Doctoris, summisque in medicina honoribus et Privilegiis rite et legitime consequendis; eruditorum examini subjicit Georgius Jessop, hibernus, A.B.é Trin. Coll. Dub.",
  "language": [
    "lat"
  ],
  "publicationDate": "1789",
  "ark": [
    "ark:/67375/56L-J87Z26R1-8"
  ],
  "genre": [
    "other"
  ],
  "originalGenre": [
    "diabetes"
  ],
  "author": [
    {
      "name": "George Jessop 1766-1790"
    }
  ],
  "subject": [
    {
      "lang": [
        "lat"
      ],
      "value": "Diabetes"
    },
    {
      "lang": [
        "lat"
      ],
      "value": "Scotland"
    },
    {
      "lang": [
        "lat"
      ],
      "value": "Edinburgh"
    }
  ],
  "host": {
    "title": "Dissertatio medica inauguralis, de diabete. Quam annuente summo numine, ex auctoritate reverendi admodum viri, D. Gulielmi Robertson, S.S.T.P. academiæ Edinburgenæ præfecti: nec non amplissimi senatus academici consensu, et nobilissimae facultatis medicæ decreto, Pro Gradu Doctoris, summisque in medicina honoribus et Privilegiis rite et legitime consequendis; eruditorum examini subjicit Georgius Jessop, hibernus, A.B.é Trin. Coll. Dub.",
    "language": [
      "unknown"
    ],
    "publicationDate": "1789",
    "genre": [
      "database"
    ],
    "subject": [
      {
        "value": "Medicine, Science and Technology"
      }
    ]
  },
  "corpusName": "ecco",
  "qualityIndicators": {
    "score": 0.062,
    "refBibsNative": false,
    "keywordCount": 3,
    "abstractCharCount": 0,
    "abstractWordCount": 1
  }
}