{
  "arkIstex": "ark:/67375/0T8-N83NSXVM-2",
  "title": "Measurement of breath acetone concentrations by selected ion flow tube mass spectrometry in type 2 Diabetes",
  "abstract": "Selected ion flow tube-mass spectrometry (SIFT-MS) can measure volatile compounds in breath on-line in real time and has the potential to provide accurate breath tests for a number of inflammatory, infectious and metabolic diseases, including diabetes. Breath concentrations of acetone in type 2 diabetic subjects undertaking a long-term dietary modification programme were studied. Acetone concentrations in the breath of 38 subjects with type 2 diabetes were determined by SIFT-MS. Anthropomorphic measurements, dietary intake and medication use were recorded. Blood was analysed for beta hydroxybutyrate (a ketone body), HbA1c (glycated haemoglobin) and glucose using point-of-care capillary (fingerprick) testing. All subjects were able to undertake breath manoeuvres suitable for analysis. Breath acetone varied between 160 and 862 ppb (median 337 ppb) and was significantly higher in men (median 480 ppb versus 296 ppb, p 0.01). In this cross-sectional study, no association was observed between breath acetone and either dietary macronutrients or point-of-care capillary blood tests. Breath analysis by SIFT-MS offers a rapid, reproducible and easily performed measurement of acetone concentration in ambulatory patients with type 2 diabetes. The high inter-individual variability in breath acetone concentration may limit its usefulness in cross-sectional studies. Breath acetone may nevertheless be useful for monitoring metabolic changes in longitudinal metabolic studies, in a variety of clinical and research settings.",
  "language": [
    "eng"
  ],
  "publicationDate": "2011",
  "copyrightDate": "2011",
  "doi": [
    "10.1088/1752-7155/5/4/046011"
  ],
  "ark": [
    "ark:/67375/0T8-N83NSXVM-2"
  ],
  "pii": [
    "S1752-7155(11)96354-X"
  ],
  "articleId": [
    "396354"
  ],
  "genre": [
    "research-article"
  ],
  "originalGenre": [
    "paper"
  ],
  "author": [
    {
      "name": "Malina Storer",
      "affiliations": [
        "Syft Technologies Ltd, Christchurch, New Zealand",
        "Author to whom any correspondence should be addressed",
        "E-mail: malina.storer@syft.com"
      ]
    },
    {
      "name": "Jack Dummer",
      "affiliations": [
        "Department of Respiratory Medicine, Christchurch Hospital, Christchurch, New Zealand"
      ]
    },
    {
      "name": "Helen Lunt",
      "affiliations": [
        "Diabetes Centre, Christchurch Hospital, Christchurch, New Zealand"
      ]
    },
    {
      "name": "Jenny Scotter",
      "affiliations": [
        "Syft Technologies Ltd, Christchurch, New Zealand"
      ]
    },
    {
      "name": "Fiona McCartin",
      "affiliations": [
        "Department of Respiratory Medicine, Christchurch Hospital, Christchurch, New Zealand"
      ]
    },
    {
      "name": "Julie Cook",
      "affiliations": [
        "Department of Respiratory Medicine, Christchurch Hospital, Christchurch, New Zealand"
      ]
    },
    {
      "name": "Maureen Swanney",
      "affiliations": [
        "Department of Respiratory Medicine, Christchurch Hospital, Christchurch, New Zealand"
      ]
    },
    {
      "name": "Deborah Kendall",
      "affiliations": [
        "Diabetes Centre, Christchurch Hospital, Christchurch, New Zealand"
      ]
    },
    {
      "name": "Florence Logan",
      "affiliations": [
        "Diabetes Centre, Christchurch Hospital, Christchurch, New Zealand"
      ]
    },
    {
      "name": "Michael Epton",
      "affiliations": [
        "Department of Respiratory Medicine, Christchurch Hospital, Christchurch, New Zealand"
      ]
    }
  ],
  "pmid": [
    "22134047"
  ],
  "host": {
    "title": "Journal of Breath Research",
    "language": [
      "unknown"
    ],
    "issn": [
      "1752-7155"
    ],
    "publisherId": [
      "jbr"
    ],
    "volume": "5",
    "issue": "4",
    "pages": {
      "first": "1",
      "last": "5",
      "total": "5"
    },
    "genre": [
      "journal"
    ]
  },
  "corpusName": "iop",
  "qualityIndicators": {
    "score": 7.655,
    "pdfWordCount": 3111,
    "pdfCharCount": 19652,
    "pdfVersion": 1.4,
    "pdfPageCount": 5,
    "pdfPageSize": "595 x 842 pts (A4)",
    "refBibsNative": true,
    "abstractWordCount": 212,
    "abstractCharCount": 1530,
    "keywordCount": 0
  },
  "categories": {
    "wos": [
      "1 - science",
      "2 - respiratory system",
      "2 - biochemical research methods"
    ],
    "scienceMetrix": [],
    "scopus": [
      "1 - Health Sciences",
      "2 - Medicine",
      "3 - Pulmonary and Respiratory Medicine"
    ],
    "inist": [
      "1 - sciences appliquees, technologies et medecines",
      "2 - sciences biologiques et medicales",
      "3 - sciences medicales"
    ]
  },
  "keywords": {
    "teeft": [
      "breath acetone",
      "manoeuvre",
      "glucose",
      "breath acetone concentrations",
      "acetone",
      "dummer",
      "hydroxybutyrate",
      "spanel",
      "christchurch",
      "hba1c",
      "acetone concentration",
      "breath acetone concentration",
      "spectrometry",
      "acetone concentrations",
      "macronutrient intake",
      "median",
      "capillary blood tests",
      "tube mass spectrometry",
      "dietary macronutrients",
      "beta hydroxybutyrate",
      "christchurch hospital",
      "syft technologies",
      "research settings",
      "healthy volunteers",
      "diabetes",
      "breath analysis",
      "breath testing",
      "mass spectrom",
      "beta",
      "ketogenic diets",
      "breath manoeuvres",
      "anthropomorphic measurements",
      "dietary intake",
      "abbot optium xceed",
      "total energy",
      "breath acetone measurements",
      "detectable beta hydroxybutyrate",
      "median concentration",
      "volatile compounds",
      "normal subjects",
      "healthy subjects",
      "reproducible measurements",
      "blood glucose concentration",
      "metabolic stress",
      "cardiac surgery",
      "current study",
      "single time point",
      "organic compounds"
    ]
  },
  "namedEntities": {
    "unitex": {
      "date": [],
      "geogName": [],
      "orgName": [],
      "orgName_funder": [],
      "orgName_provider": [],
      "persName": [],
      "placeName": [],
      "ref_url": [],
      "ref_bibl": [],
      "bibl": []
    }
  },
  "enrichments": {
    "type": [
      "multicat",
      "nb",
      "teeft",
      "unitex"
    ]
  },
  "refBibs": [
    {
      "title": "Measuring airway exchange of endogenous acetone using a single-exhalation breathing maneuver",
      "author": [
        {
          "name": "J C Anderson"
        }
      ],
      "host": {
        "title": "J. Appl. Physiol.",
        "author": [],
        "volume": "100"
      }
    },
    {
      "title": "Repeatability of the measurement of exhaled volatile metabolites using selected ion flow tube mass spectrometry",
      "author": [
        {
          "name": "P R Boshier"
        }
      ],
      "host": {
        "title": "J. Am. Soc. Mass Spectrom.",
        "author": [],
        "volume": "21"
      }
    },
    {
      "title": "Accurate, reproducible measurement of acetone concentration in breath using selected ion flow tube-mass spectrometry",
      "author": [
        {
          "name": "J F Dummer"
        }
      ],
      "host": {
        "title": "J. Breath Res.",
        "author": [],
        "volume": "4"
      }
    },
    {
      "title": "Breath ammonia and trimethylamine allow real-time monitoring of haemodialysis efficacy",
      "author": [
        {
          "name": "Z H Endre"
        }
      ],
      "host": {
        "title": "Physiol. Meas.",
        "author": [],
        "volume": "32"
      }
    },
    {
      "title": "Breath ethanol and acetone as indicators of serum glucose levels: an initial report",
      "author": [
        {
          "name": "P R Galassetti"
        }
      ],
      "host": {
        "title": "Diabetes Technol. Ther.",
        "author": [],
        "volume": "7"
      }
    },
    {
      "title": "Carbohydrate diet in type 2 diabetes: diabetes excess weight loss (DEWL)",
      "author": [
        {
          "name": "J Krebs"
        }
      ],
      "host": {
        "title": "Diabetes",
        "author": [],
        "volume": "60"
      }
    },
    {
      "title": "Breath acetone analyzer: diagnostic tool to monitor dietary fat loss",
      "author": [
        {
          "name": "S K Kundu"
        }
      ],
      "host": {
        "title": "Clin. Chem.",
        "author": [],
        "volume": "39"
      }
    },
    {
      "title": "Standardisation of spirometry",
      "author": [
        {
          "name": "M R Miller"
        }
      ],
      "host": {
        "title": "Eur. Respir. J.",
        "author": [],
        "volume": "26"
      }
    },
    {
      "title": "Breath acetone is a reliable indicator of ketosis in adults consuming ketogenic meals",
      "author": [
        {
          "name": "K Musa-Veloso"
        }
      ],
      "host": {
        "title": "Am. J. Clin. Nutr.",
        "author": [],
        "volume": "76"
      }
    },
    {
      "title": "Endogenous volatile organic compounds in breath and blood of healthy volunteers: examining breath analysis as a surrogate for blood measurements",
      "author": [
        {
          "name": "M E OHara"
        }
      ],
      "host": {
        "title": "J. Breath Res.",
        "author": [],
        "volume": "3"
      }
    },
    {
      "title": "Monitoring of oxidative and metabolic stress during cardiac surgery by means of breath biomarkers: an observational study",
      "author": [
        {
          "name": "F Pabst"
        }
      ],
      "host": {
        "title": "J. Cardiothorac. Surg.",
        "author": [],
        "volume": "2"
      }
    },
    {
      "title": "Application of selected ion flow tube mass spectrometry to real-time atmospheric monitoring",
      "author": [
        {
          "name": "B J Prince"
        }
      ],
      "host": {
        "title": "Rapid Commun. Mass Spectrom.",
        "author": [],
        "volume": "24"
      }
    },
    {
      "title": "Breath acetone: aspects of normal physiology related to age and gender as determined in a PTR-MS study",
      "author": [
        {
          "name": "K Schwarz"
        }
      ],
      "host": {
        "title": "J. Breath Res.",
        "author": [],
        "volume": "3"
      }
    },
    {
      "title": "Can volatile compounds in exhaled breath be used to monitor control in diabetes mellitus",
      "author": [
        {
          "name": " Smith"
        }
      ],
      "host": {
        "title": "J. Breath Res.",
        "author": [],
        "volume": "5"
      }
    },
    {
      "title": "SIFT studies of the reactions of H3O, NO and O2 with a series of aldehydes and ketones",
      "author": [
        {
          "name": "P Spanel"
        }
      ],
      "host": {
        "title": "Int. J. Mass Spectrom.",
        "author": [],
        "volume": "165"
      }
    },
    {
      "title": "Acetone, ammonia and hydrogen cyanide in exhaled breath of several volunteers aged 483 years",
      "author": [
        {
          "name": "P Spanel"
        }
      ],
      "host": {
        "title": "J. Breath Res.",
        "author": [],
        "volume": "1"
      }
    },
    {
      "title": "Breath acetone concentration; biological variability and the influence of diet",
      "author": [
        {
          "name": " Spanel"
        }
      ],
      "host": {
        "title": "Physiol. Meas.",
        "author": [],
        "volume": "32"
      }
    },
    {
      "title": "Increased concentrations of breath haloamines are not detectable in airways inflammation using SIFT-MS",
      "author": [
        {
          "name": "M K Storer"
        }
      ],
      "host": {
        "title": "J Breath Res.",
        "author": [],
        "volume": "5"
      }
    },
    {
      "title": "Potential of breath and skin analysis for monitoring blood glucose concentration in diabetes",
      "author": [
        {
          "name": "C Turner"
        }
      ],
      "host": {
        "title": "Expert Rev. Mol. Diagn.",
        "author": [],
        "volume": "11"
      }
    },
    {
      "title": "A longitudinal study of ammonia, acetone and propanol in the exhaled breath of 30 subjects using selected ion flow tube mass spectrometry, SIFT-MS",
      "author": [
        {
          "name": "C Turner"
        }
      ],
      "host": {
        "title": "Physiol. Meas.",
        "author": [],
        "volume": "27"
      }
    },
    {
      "title": "Breath acetone concentration decreases with blood glucose concentration in type I diabetes mellitus patients during hypoglycaemic clamps",
      "author": [
        {
          "name": "C Turner"
        }
      ],
      "host": {
        "title": "J. Breath Res.",
        "author": [],
        "volume": "3"
      }
    },
    {
      "title": "A study on breath acetone in diabetic patients using a cavity ringdown breath analyzer: exploring correlations of breath acetone with blood glucose and glycohemoglobin A1 C",
      "author": [
        {
          "name": "C J Wang"
        }
      ],
      "host": {
        "title": "IEEE Sens. J.",
        "author": [],
        "volume": "10"
      }
    }
  ],
  "fulltext": "IOP PUBLISHING  JOURNAL OF BREATH RESEARCH  doi:10.1088/1752-7155/5/4/046011  J. Breath Res. 5 (2011) 046011 (5pp)  Measurement of breath acetone concentrations by selected ion ﬂow tube mass spectrometry in type 2 Diabetes Malina Storer1,4 , Jack Dummer2 , Helen Lunt3 , Jenny Scotter1 , Fiona McCartin2 , Julie Cook2 , Maureen Swanney2 , Deborah Kendall3 , Florence Logan3 and Michael Epton2 1 2 3  Syft Technologies Ltd, Christchurch, New Zealand Department of Respiratory Medicine, Christchurch Hospital, Christchurch, New Zealand Diabetes Centre, Christchurch Hospital, Christchurch, New Zealand  E-mail: malina.storer@syft.com  Received 8 June 2011 Accepted for publication 2 November 2011 Published 1 December 2011 Online at stacks.iop.org/JBR/5/046011 Abstract Selected ion ﬂow tube-mass spectrometry (SIFT-MS) can measure volatile compounds in breath on-line in real time and has the potential to provide accurate breath tests for a number of inﬂammatory, infectious and metabolic diseases, including diabetes. Breath concentrations of acetone in type 2 diabetic subjects undertaking a long-term dietary modiﬁcation programme were studied. Acetone concentrations in the breath of 38 subjects with type 2 diabetes were determined by SIFT-MS. Anthropomorphic measurements, dietary intake and medication use were recorded. Blood was analysed for beta hydroxybutyrate (a ketone body), HbA1c (glycated haemoglobin) and glucose using point-of-care capillary (ﬁngerprick) testing. All subjects were able to undertake breath manoeuvres suitable for analysis. Breath acetone varied between 160 and 862 ppb (median 337 ppb) and was signiﬁcantly higher in men (median 480 ppb versus 296 ppb, p = 0.01). In this cross-sectional study, no association was observed between breath acetone and either dietary macronutrients or point-of-care capillary blood tests. Breath analysis by SIFT-MS offers a rapid, reproducible and easily performed measurement of acetone concentration in ambulatory patients with type 2 diabetes. The high inter-individual variability in breath acetone concentration may limit its usefulness in cross-sectional studies. Breath acetone may nevertheless be useful for monitoring metabolic changes in longitudinal metabolic studies, in a variety of clinical and research settings.  in the exhaled breath of dialysis patients as a potential method for monitoring dialysis efﬁcacy (Endre et al 2011). SIFT-MS has also previously been used to measure exhaled acetone concentrations in breath (Spanel et al 2007, Boshier et al 2010), and we have recently optimized and validated the SIFT-MS measurement of acetone in exhaled breath in healthy volunteers using a slow vital capacity manoeuvre (Dummer et al 2010). This manoeuvre leads to reproducible values for acetone concentrations in exhaled breath, and the technique can now be used to explore concentrations of breath acetone in a number of clinical and research settings. This study was designed to explore the acceptability and utility  Introduction New breath analysis techniques allow rapid detection and measurement of multiple analytes at low concentrations. Selected ion ﬂow tube-mass spectrometry (SIFT-MS) is an analytical technique with the capacity for on-line measurement of volatile compounds in exhaled breath in the low parts per billion (ppb) concentration range. The technique shows promise as a method of measuring several volatile organic compounds (VOCs) in breath (Turner et al 2006) and has been used to determine the concentrations of several VOCs 4  Author to whom any correspondence should be addressed.  1752-7155/11/046011+05$33.00  1  © 2011 IOP Publishing Ltd Printed in the UK  J. Breath Res. 5 (2011) 046011  M Storer et al  of the measurement of exhaled acetone in subjects with stable type 2 diabetes and the relationship between breath acetone, dietary macronutrients and point-of-care capillary tests, in this population.  Aims The aims of this study were ﬁrstly to demonstrate the acceptability of a simple breath manoeuvre to measure breath acetone in subjects with type 2 diabetes and to determine the per cent coefﬁcient of variation (CV%) of breath acetone using this manoeuvre. Secondly, this study aimed to explore the range of breath acetone concentrations in subjects with type 2 diabetes. The ﬁnal aims were to determine the relationship between dietary protein and carbohydrate on breath acetone and the relationship between breath acetone and capillary beta hydroxybutyrate, glucose and HbA1c.  Figure 1. Example of acetone concentration versus volume for three exhalations by one individual. The volumes of all exhalations were curtailed to match the lowest volume.  Methods The NO+ reagent ion was monitored at a mass-to-charge ratio (m/z) of 30, and the NO+ .H2 O hydrated reagent ion at m/z of 48 as this ion is formed in humid air mixtures. The NO+ .CH3 COCH3 product ion was monitored at m/z of 88. Each monitoring cycle took 400 ms, and resulted in the acquisition of one data point, giving a sampling rate of 2.5 Hz. The instrument’s inter day CV% for the measurement of acetone was determined as described previously (Dummer et al 2010) and was found to be less than 6% at both low (770 ppb) and high (1450 ppb) acetone concentrations. The Voice200 R instrument was conﬁgured for breath testing to collect simultaneous ﬂow and concentration measurement as described previously (Storer et al 2011). Using a disposable respiratory ﬁlter (SureGuard, BIRD Healthcare, Australia) each participant attempted to provide three slow vital capacity manoeuvres with a target ﬂow rate between 170 and 300 mL s−1 . Participants breathed tidally in the rest periods between exhalations. Following each manoeuvre, the ﬁlter and connections to the SIFT-MS sample inlet were vented to remove any residual breath and associated volatiles. The details of the method for calculating exhaled acetone concentration in breath are given in Dummer and co-workers (2010). Up to three manoeuvres for each participant were studied (see ﬁgure 1). The mean acetone concentration between 85% (A) and 100% (B) (plateau) of the total exhalation volume was calculated for each exhalation. The mean acetone concentration and CV% for the three exhalations were then calculated.  Subjects Adult subjects with type 2 diabetes, who had already been enrolled in a long-term randomized control trial of dietary modiﬁcation (see below), were recruited. Written informed consent was obtained prior to assessment. All subjects were ex-smokers or had never smoked. Subjects attended a research clinic for an hour long appointment at a time between 08.30 and 14.00. Participants were not asked to fast, but to refrain from eating, brushing teeth, chewing gum or mints, drinking anything other than water, using an inhaler, smoking, or exercising in the hour prior to the appointment. Anthropomorphic measurements, including weight, height and BMI, were collected before breath testing. The study was approved by the Upper South Regional Ethics Committee and by the host institution (Christchurch Hospital, Christchurch, New Zealand). Diet and medication Subjects had recently completed the ﬁrst phase (1 year) of a dietary randomized controlled trial comparing a standard hypocaloric diet with a hypocaloric, high-protein diet (Krebs et al 2011). Macronutrient intake, i.e. total dietary energy intake and also protein, carbohydrate and total fat, was assessed by a registered dietitian using a 24 h food recall and FoodWorksTM nutrient analysis software. Medication use was noted, including complementary medications and dietary supplements. Breath acetone Breath acetone was measured by SIFT-MS, Voice200 R (Syft Technologies Ltd, New Zealand), which has been described in detail elsewhere (Prince et al 2010), using selected ion monitoring mode. The NO+ reagent ion was used to analyse breath acetone. The reaction is an ion–molecule collisional association with He atom stabilization as follows (Spanel et al 1997): NO+ +CH3 COCH3 (+He) → NO+ .CH3 COCH3 (+He).  Point-of-care capillary blood tests Immediately prior to breath analysis, subjects underwent a single capillary ﬁngerstick measurement of beta hydroxybutryate (Abbot Optium Xceed) which has a lower limit of detection of 100 μmol L−1 , HbA1c (Bayer DCA 2000) and glucose (Abbot Optium Xceed), undertaken by a trained research nurse. 2  J. Breath Res. 5 (2011) 046011  M Storer et al  Statistical analysis The initial descriptive analysis of macronutrients was undertaken using the conventional approach of reporting means (SD); however, subsequent analyses used non-parametric comparative statistics for between-group comparisons. Univariate and multivariate regression analyses were used to explore the relationships between breath acetone, macronutrients, gender and anthropomorphic measures. A value of p < 0.05 was considered to be statistically signiﬁcance. Results Subjects Thirty-eight subjects with type 2 diabetes completed the study (13 male; ethnicity 37 European, 1 Maori). Median age was 62 years (range 32–76), with median BMI 34.4 kg m−2 (range 23.8–49.1). Diabetes treatments reported by the subjects were as follows: diet alone (n = 6), metformin monotherapy (n = 21), other combinations of oral therapy (n = 5), insulin plus metformin (n = 5), insulin monotherapy (n = 1). Seventeen subjects had never smoked and twenty-one were exsmokers. One non-smoker and one ex-smoker reported inhaler use. On the day of testing, median capillary glucose was 7.1 mmol L−1 (range 4.4–18.7) and median capillary HbA1c was 7.0% (range 5.0–10.5).  Figure 2. Breath acetone concentration in study subjects.  Diet Although subjects were participating in a randomized controlled trial of two different dietary regimens, at the time of assessment there were no signiﬁcant between-group differences in self-reported macronutrient intake. For this reason, dietary data are presented for the group as a whole. There was a broad range of self-reported dietary macronutrients for participants in the breath study. Mean (SD), % of total energy, macronutrient intake was as follows: total energy 7224 (1075) kJ, protein 87.3 (27.6) g, 21.3%, total fat 54.6 (23.2) g, 28.8%, carbohydrate 218 (73) g, 51.6%. Only four subjects reported consumption of alcohol in the preceding 24 h, the maximum alcohol intake being 36.8 g. Further information about the dietary intake of participants in the larger dietary study from which a subgroup of subjects were recruited for the current breath testing study can be found in Krebs et al (2011).  Figure 3. Breath acetone concentrations in males and females.  an effect of gender, rather than gender differences in height, weight or diet. Breath acetone and diet There was no signiﬁcant relationship between breath acetone and any aspect of macronutrient intake in this population. Neither diet, as assessed by 24 h dietary recall or by randomized group (high-protein versus usual diet), was signiﬁcantly associated with breath acetone.  Breath Acetone All subjects were able to comfortably undertake breath manoeuvres using SIFT-MS. 30/38 subjects were able to perform >1 manoeuvre acceptable for CV calculation. The median CV of intra-individual breath acetone measurements was 1.36% (range 0.09–5.01%). Breath acetone varied between 160 and 862 ppb (parts per billion). Concentrations were not normally distributed, with an apparent cluster of subjects with higher acetone concentrations (>600 ppb) in breath (ﬁgure 2). Breath acetone was signiﬁcantly higher in men (median 480 ppb versus 296 ppb, p = 0.01 (ﬁgure 3)). Multivariate analysis suggested that this was  Breath acetone and beta hydroxybutyrate, glucose, and HbA1c Capillary beta hydroxybutyrate was detected in only three subjects; all three subjects had a value of 100 μmol L−1 (the limit of detection for the capillary blood analysis). Although there were insufﬁcient data to perform a statistical test, the breath acetone concentration in subjects with detectable beta hydroxybutyrate was above the median concentration for the rest of the population (ﬁgure 4). There was no signiﬁcant relationship between breath acetone concentrations and blood 3  J. Breath Res. 5 (2011) 046011  M Storer et al  monitor the effectiveness of ketogenic diets in some forms of epilepsy (Musa-Veloso et al 2002) and as a motivational tool in some weight loss programs (Kundu et al 1993). Studies of breath acetone concentrations show a high interindividual variation in acetone, even within homogeneous subgroups such as those with type 1 diabetes or type 2 diabetes (Turner et al 2009, Wang et al 2010, reviewed by Smith et al 2011, Turner 2011). The reasons for the high betweensubject variability in breath acetone concentrations is not well understood, but contributors may include measurement technique, diurnal variability, fasting status, diet, age and sex (Turner et al 2006, Musa-Veloso et al 2002, Spanel et al 2007, 2011, Schwarz et al 2009, Dummer et al 2010). In this study, the range of breath acetone concentrations in subjects with type 2 diabetes was broad, with concentrations varying from 160 to 862 ppb. These concentrations are within the range of those for normal volunteers using the same measurement technique (284–1935 ppb) (Dummer et al 2010). This is consistent with the observation of Spanel et al (2007) that two subjects with type 2 diabetes did not have raised breath acetone concentration compared to normal subjects. The concentrations measured in type 2 diabetic subjects reported in this paper are much lower than those measured in subjects with type 1 diabetes (Turner et al 2009). However, Turner et al (2006) have used the same technique to measure the breath acetone concentrations in healthy subjects and have shown that there is an overlap between the type 1 diabetic subjects breath acetone concentrations and those of healthy subjects. The previously reported gender effect on breath acetone concentrations, with men having higher concentrations of breath acetone than women (Dummer et al 2010, Turner et al 2006) was also observed in this population. However, because lung function was not assessed, we cannot determine if this is speciﬁcally an effect of gender rather than an effect of smaller vital capacity in females, as has been proposed as a reason for this difference (Dummer et al 2010). Although several studies have shown a relationship between changes in serial breath acetone and either serial blood glucose, beta hydroxybutyrate or HbA1c measurements, crosssectional observations, which include baseline measurements from studies recording serial breath acetone concentrations and blood tests, have failed to demonstrate a relationship between breath and plasma measurements (Wang et al 2010, Glassetti et al 2005, Musa-Veloso et al 2002, Turner et al 2009). This paper presents cross-sectional data for a larger number of subjects with type 2 diabetes and ﬁnds no relationship between exhaled breath acetone and capillary blood tests, including glucose and HbA1c. The small number of subjects with detectable beta hydroxybutyrate in this study population had exhaled breath acetone concentrations above the median concentration; however, further studies would be required to conﬁrm whether this result is signiﬁcant. Two previous studies have shown a relationship between dietary change and change in breath acetone. The study of Musa-Veloso and co-workers (2002) involved feeding high fat ketogenic diets to healthy volunteers for 12 h. The diet contained up to 90% of energy requirements as fat. A rise in breath acetone concentration was observed over  Figure 4. The relationship between breath acetone and the presence and absence of beta hydroxybutyrate in capillary blood samples.  glucose (r = 0.003, p = 0.99) or HbA1c (r = −0.076, p = 0.65).  Discussion This study has demonstrated that breath acetone can be easily and reproducibly measured using SIFT-MS in subjects with type 2 diabetes. All subjects were able to perform the breathing manoeuvre, and, without pre-training, multiple reliable and reproducible measurements with low CV were able to be obtained from 30/38 subjects. The CV for intra-individual breath acetone measurements of 1.36% is comparable to spirometry and other breathing manoeuvres (Miller et al 2005). There have been suggestions that the acetone concentration in the ‘alveolar’ fraction of the breath will not necessarily be in equilibrium with the blood, with some experimental data suggesting that acetone in exhaled breath originates from the airway rather than from alveolar gas exchange (Anderson et al 2006). However, recent work has shown no difference between the concentration of acetone in end-exhaled breath and in blood as measured by an isothermal rebreathing technique (O’Hara et al 2009). This suggests that an on-line single-exhalation technique may be appropriate for the analysis of exhaled acetone. We have recently demonstrated in healthy volunteers that single breath manoeuvres can be used to accurately and reproducibly measure exhaled acetone concentrations (Dummer et al 2010). We were therefore able to explore the utility and acceptability of measurement of breath acetone using SIFT-MS in a cohort of subjects with type 2 diabetes. Breath testing in this population was able to be reliably and simply undertaken and generated reproducible measurements of breath acetone. Serial measurements of acetone in breath have been proposed to measure the impact of metabolic changes in a variety of clinical and research settings. These have included measurement of acetone in breath as a tool to approximate the blood glucose concentration (Galassetti et al 2005), to monitor metabolic stress during cardiac surgery (Pabst et al 2007), to 4  J. Breath Res. 5 (2011) 046011  M Storer et al  this study period. Spanel et al (2011) recently reported large changes in breath acetone in normal subjects fed either ketogenic or low carbohydrate diets. The measured breath acetone concentrations increased compared to participants’ baseline values; however, all concentrations remained within the normal range. In contrast, no relationship was observed in the current study between macronutrient intake and breath acetone, measured at a single time point. The mean fat intake as a percentage of total energy intake in the current study was however much lower than that used by Musa-Veloso (2002), at only 29%. The per cent fat intake of the three subjects with detectable capillary blood beta hydroxybutyrate was also modest between 19% and 27%. The relationship between dietary composition and acetone may therefore be best explored using serial acetone measurements before and after dietary modiﬁcation, or alternatively if the measurement is undertaken at a single time point, by comparing diets which contain markedly different macronutrient contents.  Dummer J F et al 2010 Accurate, reproducible measurement of acetone concentration in breath using selected ion ﬂow tube-mass spectrometry J. Breath Res. 4 046001 Endre Z H et al 2011 Breath ammonia and trimethylamine allow real-time monitoring of haemodialysis efﬁcacy Physiol. Meas. 32 115–30 Galassetti P R et al 2005 Breath ethanol and acetone as indicators of serum glucose levels: an initial report Diabetes Technol. Ther. 7 115–23 Krebs J et al 2011 Carbohydrate diet in type 2 diabetes: diabetes excess weight loss (DEWL) Diabetes 60 A195–235 Kundu S K et al 1993 Breath acetone analyzer: diagnostic tool to monitor dietary fat loss Clin. Chem. 39 87–92 Miller M R et al 2005 Standardisation of spirometry Eur. Respir. J. 26 319–38 Musa-Veloso K et al 2002 Breath acetone is a reliable indicator of ketosis in adults consuming ketogenic meals Am. J. Clin. Nutr. 76 65–70 O’Hara M E et al 2009 Endogenous volatile organic compounds in breath and blood of healthy volunteers: examining breath analysis as a surrogate for blood measurements J. Breath Res. 3 027005 Pabst F et al 2007 Monitoring of oxidative and metabolic stress during cardiac surgery by means of breath biomarkers: an observational study J. Cardiothorac. Surg. 2 37 Prince B J et al 2010 Application of selected ion ﬂow tube mass spectrometry to real-time atmospheric monitoring Rapid Commun. Mass Spectrom. 24 1763–9 Schwarz K et al 2009 Breath acetone: aspects of normal physiology related to age and gender as determined in a PTR-MS study J. Breath Res. 3 027003 Smith et al 2011 Can volatile compounds in exhaled breath be used to monitor control in diabetes mellitus? J. Breath Res. 5 022001 Spanel P et al 1997 SIFT studies of the reactions of H3 O+ , NO+ and O2 + with a series of aldehydes and ketones Int. J. Mass Spectrom. 165 25–37 Spanel P et al 2007 Acetone, ammonia and hydrogen cyanide in exhaled breath of several volunteers aged 4–83 years J. Breath Res. 1 011001 Spanel et al 2011 Breath acetone concentration; biological variability and the inﬂuence of diet Physiol. Meas. 32 N23–31 Storer M K et al 2011 Increased concentrations of breath haloamines are not detectable in airways inﬂammation using SIFT-MS J Breath Res. 5 037105 Turner C 2011 Potential of breath and skin analysis for monitoring blood glucose concentration in diabetes Expert Rev. Mol. Diagn. 11 497–503 Turner C et al 2006 A longitudinal study of ammonia, acetone and propanol in the exhaled breath of 30 subjects using selected ion ﬂow tube mass spectrometry, SIFT-MS Physiol. Meas. 27 321–37 Turner C et al 2009 Breath acetone concentration decreases with blood glucose concentration in type I diabetes mellitus patients during hypoglycaemic clamps J. Breath Res. 3 046004 Wang C J et al 2010 A study on breath acetone in diabetic patients using a cavity ringdown breath analyzer: exploring correlations of breath acetone with blood glucose and glycohemoglobin A1 C IEEE Sens. J. 10 54–63  Conclusions Breath acetone measurement using SIFT-MS can be undertaken easily and reproducibly in patients with type 2 diabetes. In this cross-sectional study, no association was observed between breath acetone and either dietary macronutrients or capillary blood tests. The high interindividual variability in breath acetone concentration may limit its usefulness in cross-sectional studies. It may nevertheless be useful for monitoring metabolic changes in longitudinal metabolic studies, in a variety of clinical and research settings.  Acknowledgments This study was funded by Syft Technologies Ltd via a New Zealand Ministry of Science and Innovation (MSI) Technology for Industry grant (Syft0401). The authors are grateful to Kirsten White for analysing dietary data, the study volunteers and other staff from the Diabetes Centre, Christchurch Hospital, for their support for this study. We thank the DEWL dietary study investigators for allowing us access to local DEWL patients. MKS and JMS were employed by SYFT Technologies Ltd.  References Anderson J C et al 2006 Measuring airway exchange of endogenous acetone using a single-exhalation breathing maneuver J. Appl. Physiol. 100 880–9 Boshier P R et al 2010 Repeatability of the measurement of exhaled volatile metabolites using selected ion ﬂow tube mass spectrometry J. Am. Soc. Mass Spectrom. 21 1070–4  5  "
}