{
  "arkIstex": "ark:/67375/80W-6LG82HPW-F",
  "title": "Photo-Irradiated Curcumin Supplementation in Streptozotocin-Induced Diabetic Rats: Effect on Lipid Peroxidation",
  "abstract": "Background: Diabetes mellitus is one of the most common endocrine disorders. A large number of studies are in progress to identify natural substances that are effective in reducing the severity of diabetes. Although a number of drugs are currently marketed, their long-term use can cause a number of adverse effects. Materials and methods: In the present study, we examined the effect of photo-irradiated curcumin on experimental diabetes in order to evaluate the antihyperglycaemic effects of this compound on streptozotocin (40 mg/kg bodyweight)-induced diabetes. Photo-irradiated curcumin was given at a dose of 10, 30 and 80 mg/kg bodyweight. The level of blood glucose was elevated in the diabetic animals. The liver, kidney and brain were assayed for the degree of lipid peroxidation, reduced glutathione content and the activity of enzymic and levels of non-enzymic antioxidants. Results: Antioxidant status decreased in the diabetic animals. Oral administration of photo-irradiated curcumin for 45 days resulted in a significant decrease in the levels of blood glucose, together with near normalisation of enzymic activity and the markers of lipid peroxidation. The best results were obtained in rats treated with 30 mg/kg bodyweight of photo-irradiated curcumin.",
  "language": [
    "eng"
  ],
  "publicationDate": "2004",
  "copyrightDate": "2004",
  "doi": [
    "10.2515/therapie:2004110"
  ],
  "ark": [
    "ark:/67375/80W-6LG82HPW-F"
  ],
  "genre": [
    "research-article"
  ],
  "originalGenre": [
    "research-article"
  ],
  "author": [
    {
      "name": "Thirunavukarasu Mahesh",
      "affiliations": [
        "Department of Biochemistry, Faculty of Science, Annamalai University, Annamalainagar, India"
      ]
    },
    {
      "name": "Murali Manoharan Sri Balasubashini",
      "affiliations": [
        "Department of Biochemistry, Faculty of Science, Annamalai University, Annamalainagar, India"
      ]
    },
    {
      "name": "Venugopal Padmanabhan Menon",
      "affiliations": [
        "Department of Biochemistry, Faculty of Science, Annamalai University, Annamalainagar, India"
      ]
    }
  ],
  "subject": [
    {
      "lang": [
        "eng"
      ],
      "value": "antioxidants"
    },
    {
      "lang": [
        "eng"
      ],
      "value": "diabetes"
    },
    {
      "lang": [
        "eng"
      ],
      "value": "lipid peroxidation"
    },
    {
      "lang": [
        "eng"
      ],
      "value": "oxidative stress"
    },
    {
      "lang": [
        "eng"
      ],
      "value": "photo-irradiated curcumin"
    },
    {
      "lang": [
        "eng"
      ],
      "value": "streptozotocin"
    },
    {
      "lang": [
        "eng"
      ],
      "value": "antioxydants"
    },
    {
      "lang": [
        "eng"
      ],
      "value": "diabète"
    },
    {
      "lang": [
        "eng"
      ],
      "value": "peroxydation lipidique"
    },
    {
      "lang": [
        "eng"
      ],
      "value": "effort oxydant"
    },
    {
      "lang": [
        "eng"
      ],
      "value": "curcumine photo-irradiée"
    },
    {
      "lang": [
        "eng"
      ],
      "value": "streptozotocine"
    }
  ],
  "host": {
    "title": "Thérapie",
    "language": [
      "unknown"
    ],
    "issn": [
      "0040-5957"
    ],
    "publisherId": [
      "therapie"
    ],
    "volume": "59",
    "issue": "6",
    "pages": {
      "first": "639",
      "last": "644",
      "total": "6"
    },
    "genre": [
      "journal"
    ],
    "subject": [
      {
        "value": "Pharmacologie/Pharmacology"
      }
    ]
  },
  "corpusName": "edp-sciences",
  "qualityIndicators": {
    "score": 8.29,
    "pdfWordCount": 4058,
    "pdfCharCount": 24958,
    "pdfVersion": 1.3,
    "pdfPageCount": 6,
    "pdfPageSize": "667 x 914 pts",
    "refBibsNative": false,
    "abstractWordCount": 186,
    "abstractCharCount": 1271,
    "keywordCount": 12
  },
  "categories": {
    "wos": [
      "1 - science",
      "2 - pharmacology & pharmacy"
    ],
    "scienceMetrix": [
      "1 - health sciences",
      "2 - clinical medicine",
      "3 - pharmacology & pharmacy"
    ],
    "scopus": [
      "1 - Health Sciences",
      "2 - Medicine",
      "3 - Pharmacology (medical)"
    ]
  },
  "enrichments": {
    "type": [
      "multicat",
      "refBibs"
    ]
  },
  "refBibs": [
    {
      "title": "Role of oxidative stress in development of complication in diabetes",
      "author": [
        {
          "name": "Jw Baynes"
        }
      ],
      "publicationDate": "1991",
      "host": {
        "title": "Diabetes",
        "publicationDate": "1991",
        "author": [],
        "volume": "40",
        "pages": {
          "first": "405",
          "last": "12"
        }
      }
    },
    {
      "title": "Effect of Syzigium cumini in plasma antioxidants on alloxan-induced diabetes in rats",
      "author": [
        {
          "name": "Psm Prince"
        },
        {
          "name": "Vp Menon"
        }
      ],
      "publicationDate": "1998",
      "host": {
        "title": "J Clin Biochem Nutr",
        "publicationDate": "1998",
        "author": [],
        "volume": "25",
        "pages": {
          "first": "81",
          "last": "6"
        }
      }
    },
    {
      "title": "Hydroxyl radical production and autoxidative glycosylation: glucose autoxidation as the cause of protein damage in the experimental glycation model of diabetes mellitus and ageing",
      "author": [
        {
          "name": "Ju Hunt"
        },
        {
          "name": "Rt Dean"
        },
        {
          "name": "Sp Wolff"
        }
      ],
      "publicationDate": "1988",
      "host": {
        "title": "Biochem J",
        "publicationDate": "1988",
        "author": [],
        "volume": "256",
        "pages": {
          "first": "205",
          "last": "12"
        }
      }
    },
    {
      "title": "Diabetes mellitus and free radicals",
      "author": [
        {
          "name": "Sp Wolff"
        }
      ],
      "publicationDate": "1993",
      "host": {
        "title": "Br Med Bull",
        "publicationDate": "1993",
        "author": [],
        "volume": "49",
        "pages": {
          "first": "642",
          "last": "52"
        }
      }
    },
    {
      "title": "Wills' biochemical basis of medicine",
      "author": [
        {
          "name": "B Gillham"
        },
        {
          "name": "Dk Papachristodoulou"
        },
        {
          "name": "Jh Thomas"
        }
      ],
      "publicationDate": "1977",
      "host": {
        "title": "3rd ed",
        "publicationDate": "1977",
        "author": [],
        "pages": {
          "first": "343",
          "last": "54"
        }
      }
    },
    {
      "title": "The analysis of free radicals, their reaction products, and antioxidants",
      "author": [
        {
          "name": "In Acworth"
        },
        {
          "name": "Dr Mccabe"
        },
        {
          "name": "Tj Maher"
        }
      ],
      "publicationDate": "1997",
      "host": {
        "title": "Oxidants, antioxidants and free radicals",
        "publicationDate": "1997",
        "author": [],
        "pages": {
          "first": "23",
          "last": "77"
        }
      }
    },
    {
      "title": "Curcumin is a non-competitive and selective inhibitor of phosphorylase kinase",
      "author": [
        {
          "name": "S Reddy"
        },
        {
          "name": "Bb Aggarwal"
        }
      ],
      "publicationDate": "1994",
      "host": {
        "title": "FEBS Lett",
        "publicationDate": "1994",
        "author": [],
        "volume": "341",
        "pages": {
          "first": "19",
          "last": "22"
        }
      }
    },
    {
      "title": "Pharmacology of curcuma longa",
      "author": [
        {
          "name": "Hp Ammon"
        },
        {
          "name": "Ma Wahl"
        }
      ],
      "publicationDate": "1991",
      "host": {
        "title": "Planta Med",
        "publicationDate": "1991",
        "author": [],
        "volume": "57",
        "issue": "1",
        "pages": {
          "first": "1",
          "last": "7"
        }
      }
    },
    {
      "title": "Hypolipidemic action of curcumin, the active principle of turmeric (curcuma longa) in streptozotocin-induced diabetic rats",
      "author": [
        {
          "name": "Ps Babu"
        },
        {
          "name": "K Srinivasan"
        }
      ],
      "publicationDate": "1997",
      "host": {
        "title": "Mol Cell Biochem",
        "publicationDate": "1997",
        "author": [],
        "volume": "166",
        "issue": "12",
        "pages": {
          "first": "169",
          "last": "75"
        }
      }
    },
    {
      "title": "Antioxidant activity of curcumin and related compounds",
      "author": [
        {
          "name": "Op Sharma"
        }
      ],
      "publicationDate": "1976",
      "host": {
        "title": "Biochem Pharmacol",
        "publicationDate": "1976",
        "author": [],
        "volume": "25",
        "pages": {
          "first": "1811",
          "last": "2"
        }
      }
    },
    {
      "title": "Protective effects of curcumin and photo-irradiated curcumin on circulatory lipids and lipid peroxidation products in alcohol and polyunsaturated fatty acid-induced toxicity",
      "author": [
        {
          "name": "R Rukkumani"
        },
        {
          "name": "M Sribalasubashini"
        },
        {
          "name": "Vp Menon"
        }
      ],
      "publicationDate": "2003",
      "host": {
        "title": "Phytother Res",
        "publicationDate": "2003",
        "author": [],
        "volume": "17",
        "pages": {
          "first": "925",
          "last": "9"
        }
      }
    },
    {
      "title": "Comparative effects of curcumin and photo-irradiated curcumin on alcohol and polyunsaturated fatty acid-induced hyperlipidemia",
      "author": [
        {
          "name": "R Rukkumani"
        },
        {
          "name": "Ms Balasubashini"
        },
        {
          "name": "P Viswanathan"
        }
      ],
      "publicationDate": "2002",
      "host": {
        "title": "Pharmacol Res",
        "publicationDate": "2002",
        "author": [],
        "volume": "49",
        "issue": "3",
        "pages": {
          "first": "257",
          "last": "64"
        }
      }
    },
    {
      "title": "Suppressive effects of novel ferulic acid derivatives on phorbol ester and combined lipopolysaccharide and interferon-γ induced cellular responses",
      "author": [
        {
          "name": "Y Marukami"
        },
        {
          "name": "M Kadota"
        },
        {
          "name": "D Takahoshi"
        }
      ],
      "publicationDate": "2000",
      "host": {
        "title": "Cancer Lett",
        "publicationDate": "2000",
        "author": [],
        "volume": "157",
        "issue": "1",
        "pages": {
          "first": "77",
          "last": "85"
        }
      }
    },
    {
      "host": {
        "title": "Guide for the care and use of laboratory animals. DHEW publication (NIH), revised (1985) Office of Science and Health Reports",
        "author": [
          {
            "name": "National Institute"
          },
          {
            "name": " Health"
          }
        ]
      }
    },
    {
      "title": "Effect of acetic acid concentration on the colour reaction in the O-toluidine-boric acid method for blood glucose estimation",
      "author": [
        {
          "name": "T Sasaki"
        },
        {
          "name": "S Matsui"
        },
        {
          "name": "A Sonae"
        }
      ],
      "publicationDate": "1972",
      "host": {
        "title": "Rinshokagaku",
        "publicationDate": "1972",
        "author": [],
        "volume": "1",
        "pages": {
          "first": "346",
          "last": "53"
        }
      }
    },
    {
      "title": "A modified spectrophotometric assay of superoxide dismutase (SOD)",
      "author": [
        {
          "name": "P Kakkar"
        },
        {
          "name": "B Das"
        },
        {
          "name": "Pn Viswanathan"
        }
      ],
      "publicationDate": "1984",
      "host": {
        "title": "Ind J Biochem Biophys",
        "publicationDate": "1984",
        "author": [],
        "volume": "21",
        "pages": {
          "first": "130",
          "last": "2"
        }
      }
    },
    {
      "title": "Colorimetric assay of catalase",
      "author": [
        {
          "name": "Ak Sinha"
        }
      ],
      "publicationDate": "1972",
      "host": {
        "title": "Anal Biochem",
        "publicationDate": "1972",
        "author": [],
        "volume": "47",
        "pages": {
          "first": "389",
          "last": "94"
        }
      }
    },
    {
      "title": "Selenium: biochemical roles as a component of glutathione peroxidase",
      "author": [
        {
          "name": "Jt Rotruck"
        },
        {
          "name": "Al Pope"
        },
        {
          "name": "He Gauther"
        }
      ],
      "publicationDate": "1973",
      "host": {
        "title": "Science",
        "publicationDate": "1973",
        "author": [],
        "volume": "179",
        "pages": {
          "first": "588",
          "last": "90"
        }
      }
    },
    {
      "title": "Lipid peroxidation measured as TBARS in tissue slices: characterization and comparison with homogenate and microsomes",
      "author": [
        {
          "name": "Cg Fraga"
        },
        {
          "name": "Bf Leibovity"
        },
        {
          "name": "Al Topell"
        }
      ],
      "publicationDate": "1988",
      "host": {
        "title": "Free Radic Biol Med",
        "publicationDate": "1988",
        "author": [],
        "volume": "4",
        "pages": {
          "first": "155",
          "last": "61"
        }
      }
    },
    {
      "title": "Detection of lipid hydroperoxides using the 'Fox method'",
      "author": [
        {
          "name": "Zy Jiang"
        },
        {
          "name": "Jy Hunt"
        },
        {
          "name": "Sp Wolff"
        }
      ],
      "publicationDate": "1992",
      "host": {
        "title": "Anal Biochem",
        "publicationDate": "1992",
        "author": [],
        "volume": "202",
        "pages": {
          "first": "384",
          "last": "9"
        }
      }
    },
    {
      "title": "Tissue sulphydryl groups",
      "author": [
        {
          "name": "E Ellman"
        }
      ],
      "publicationDate": "1959",
      "host": {
        "title": "Arch Biochem Biophys",
        "publicationDate": "1959",
        "author": [],
        "volume": "82",
        "pages": {
          "first": "70",
          "last": "7"
        }
      }
    },
    {
      "title": "Detection of ascorbic acid in whole blood and urine through the 2,4 DNPH derivative of dehydro ascorbic acid",
      "author": [
        {
          "name": "Jm Roe"
        },
        {
          "name": "Ca Kuether"
        }
      ],
      "publicationDate": "1943",
      "host": {
        "title": "J Biol Chem",
        "publicationDate": "1943",
        "author": [],
        "volume": "147",
        "pages": {
          "first": "399",
          "last": "407"
        }
      }
    },
    {
      "title": "Plasma tocopherols in man at various times after ingesting free or acetylated tocopherol",
      "author": [
        {
          "name": "H Baker"
        },
        {
          "name": "O Frank"
        },
        {
          "name": "De Angelis"
        },
        {
          "name": "B "
        }
      ],
      "publicationDate": "1980",
      "host": {
        "title": "Nut Res Int",
        "publicationDate": "1980",
        "author": [],
        "volume": "21",
        "pages": {
          "first": "531",
          "last": "6"
        }
      }
    },
    {
      "title": "STZ and alloxan induces DNA strand breaks and poly (ADP ribose) synthetase in pancreatic islets",
      "author": [
        {
          "name": "H Omamoto"
        },
        {
          "name": "Y Uchigata"
        }
      ],
      "publicationDate": "1981",
      "host": {
        "title": "Nature",
        "publicationDate": "1981",
        "author": [],
        "volume": "294",
        "pages": {
          "first": "284",
          "last": "6"
        }
      }
    },
    {
      "title": "DNA damage and the effect of antioxidants in streptozotocin treated mice",
      "author": [
        {
          "name": "A Imaeda"
        },
        {
          "name": "T Kaneko"
        },
        {
          "name": "T Aoki"
        }
      ],
      "publicationDate": "2002",
      "host": {
        "title": "Food Chem Toxicol",
        "publicationDate": "2002",
        "author": [],
        "volume": "40",
        "issue": "7",
        "pages": {
          "first": "979",
          "last": "87"
        }
      }
    },
    {
      "title": "Photocytotoxicity of curcumin",
      "author": [
        {
          "name": "Ta Dahl"
        },
        {
          "name": "P Bilski"
        },
        {
          "name": "K Reszka"
        }
      ],
      "publicationDate": "1994",
      "host": {
        "title": "Photochem Photobiol",
        "publicationDate": "1994",
        "author": [],
        "volume": "59",
        "pages": {
          "first": "290",
          "last": "4"
        }
      }
    },
    {
      "title": "Superoxide dismutase, catalase and glutathione peroxidase activities in the brain of streptozotocin-induced diabetic rats",
      "author": [
        {
          "name": "M Ramanathan"
        },
        {
          "name": "Ak Jaiswal"
        },
        {
          "name": "Sk Bhattacharya"
        }
      ],
      "publicationDate": "1999",
      "host": {
        "title": "Indian J Exp Biol",
        "publicationDate": "1999",
        "author": [],
        "volume": "37",
        "pages": {
          "first": "182",
          "last": "3"
        }
      }
    },
    {
      "title": "Oxygenation products of arachidonic acid; third messengers for insulin release",
      "author": [
        {
          "name": "Sa Metz"
        }
      ],
      "publicationDate": "1984",
      "host": {
        "title": "Prostaglandins",
        "publicationDate": "1984",
        "author": [],
        "volume": "27",
        "pages": {
          "first": "147",
          "last": "51"
        }
      }
    },
    {
      "title": "Possible role of endogenous arachidonic acid metabolites in stimulated release of insulin and glucagon from the isolated, perfused rat pancreas",
      "author": [
        {
          "name": "Mf Walsh"
        },
        {
          "name": "Sb Pek"
        }
      ],
      "publicationDate": "1984",
      "host": {
        "title": "Diabetes",
        "publicationDate": "1984",
        "author": [],
        "volume": "33",
        "issue": "10",
        "pages": {
          "first": "929",
          "last": "36"
        }
      }
    },
    {
      "title": "Hypoglycemic and antioxidant actvity of Salacia oblonga wall extract in streptozotocin-induced diabetic rats",
      "author": [
        {
          "name": "K Krishnakumar"
        },
        {
          "name": "Kt Augusti"
        },
        {
          "name": "Pl Vijayammal"
        }
      ],
      "publicationDate": "1999",
      "host": {
        "title": "Indian J Physiol Pharmacol",
        "publicationDate": "1999",
        "author": [],
        "volume": "43",
        "issue": "4",
        "pages": {
          "first": "510",
          "last": "4"
        }
      }
    },
    {
      "title": "Endothelin and free radicals modulate microvascular responses in streptozotocin-induced diabetic rats",
      "author": [
        {
          "name": "M Bassirat"
        },
        {
          "name": "Z Khalil"
        }
      ],
      "publicationDate": "2000",
      "host": {
        "title": "Microvasc Res",
        "publicationDate": "2000",
        "author": [],
        "volume": "59",
        "issue": "1",
        "pages": {
          "first": "88",
          "last": "98"
        }
      }
    },
    {
      "title": "Antioxidant action of Tinospora cordifolia root extract in alloxan diabetic rats",
      "author": [
        {
          "name": "Psm Prince"
        },
        {
          "name": "Vp Menon"
        }
      ],
      "publicationDate": "2001",
      "host": {
        "title": "Phytother Res",
        "publicationDate": "2001",
        "author": [],
        "volume": "15",
        "pages": {
          "first": "213",
          "last": "8"
        }
      }
    },
    {
      "title": "Vitamin E improves microsomal phospholipase A2 activity and the arachidonic acid cascades in kidney of diabetic rats",
      "author": [
        {
          "name": "Og Kwag"
        },
        {
          "name": "So Kim"
        },
        {
          "name": "Jh Choi"
        }
      ],
      "publicationDate": "2001",
      "host": {
        "title": "J Nutr",
        "publicationDate": "2001",
        "author": [],
        "volume": "131",
        "pages": {
          "first": "1297",
          "last": "301"
        }
      }
    },
    {
      "title": "The effect of α tocopherol as an antioxidant on the oxidation of membrane protein thiols induced by free radicals generated in different sites",
      "author": [
        {
          "name": "Y Takenaka"
        },
        {
          "name": "M Miki"
        },
        {
          "name": "M Yasuda"
        }
      ],
      "publicationDate": "1991",
      "host": {
        "title": "Arch Biochem Biophys",
        "publicationDate": "1991",
        "author": [],
        "volume": "285",
        "pages": {
          "first": "344",
          "last": "50"
        }
      }
    },
    {
      "title": "Decreased susceptibility of liver mitochondria from diabetic rats to oxidative damage and associated increase in α tocopherol",
      "author": [
        {
          "name": "Ka Sukalski"
        },
        {
          "name": "Ka Pinto"
        },
        {
          "name": "Jl Bernsten"
        }
      ],
      "publicationDate": "1993",
      "host": {
        "title": "Free Radic Biol Med",
        "publicationDate": "1993",
        "author": [],
        "volume": "14",
        "pages": {
          "first": "57",
          "last": "65"
        }
      }
    },
    {
      "title": "Antioxidant status of streptozotocin diabetic rats",
      "author": [
        {
          "name": "Mc Gary"
        },
        {
          "name": "S Ojha"
        },
        {
          "name": "Bd Bansal"
        }
      ],
      "publicationDate": "1996",
      "host": {
        "title": "Indian J Exp Biol",
        "publicationDate": "1996",
        "author": [],
        "volume": "34",
        "pages": {
          "first": "264",
          "last": "6"
        }
      }
    },
    {
      "title": "Glutathione metabolism and its selective modification",
      "author": [
        {
          "name": "A Meister"
        }
      ],
      "publicationDate": "1995",
      "host": {
        "title": "J Biol Chem",
        "publicationDate": "1995",
        "author": [],
        "volume": "263",
        "pages": {
          "first": "17205",
          "last": "8"
        }
      }
    },
    {
      "title": "Changes in hepatic glutathione metabolism in diabetes are not due to oxidative stress",
      "author": [
        {
          "name": "Sv Mclennam"
        },
        {
          "name": "S Hefferman"
        },
        {
          "name": "L Wright"
        }
      ],
      "publicationDate": "1991",
      "host": {
        "title": "Diabetes",
        "publicationDate": "1991",
        "author": [],
        "volume": "40",
        "pages": {
          "first": "344",
          "last": "8"
        }
      }
    },
    {
      "title": "Measurement of and projection from in vivo lipid peroxidation",
      "author": [
        {
          "name": "Al Tappel"
        }
      ],
      "host": {
        "title": "Free radicals in biology",
        "author": [],
        "pages": {
          "first": "147",
          "last": "9"
        }
      }
    },
    {
      "title": "Effect of quercetin on antioxidant defense in streptozotocin-induced diabetic rats",
      "author": [
        {
          "name": "Ra Sander"
        },
        {
          "name": "Fm Rauscher"
        },
        {
          "name": "Iii Watkins"
        },
        {
          "name": " Jb"
        }
      ],
      "publicationDate": "2001",
      "host": {
        "title": "J Biochem Mol Toxicol",
        "publicationDate": "2001",
        "author": [],
        "volume": "15",
        "issue": "3",
        "pages": {
          "first": "143",
          "last": "9"
        }
      }
    },
    {
      "title": "Antioxidant properties of ferulic acid dimers",
      "author": [
        {
          "name": "Mtg Conesa"
        },
        {
          "name": "Gw Plumb"
        },
        {
          "name": "Pa Kroon"
        }
      ],
      "publicationDate": "1997",
      "host": {
        "title": "Redox Rep",
        "publicationDate": "1997",
        "author": [],
        "volume": "3",
        "pages": {
          "first": "239",
          "last": "44"
        }
      }
    },
    {
      "title": "The effect of dietary treatment on lipid peroxidation and antioxidant status in newly diagnosed non insulin dependent diabetes",
      "author": [
        {
          "name": "A Armstrong"
        },
        {
          "name": "J Chestnutt"
        },
        {
          "name": "M Gormley"
        }
      ],
      "publicationDate": "1996",
      "host": {
        "title": "Free Radic Biol Med",
        "publicationDate": "1996",
        "author": [],
        "volume": "21",
        "pages": {
          "first": "719",
          "last": "26"
        }
      }
    },
    {
      "title": "Protective effects of ferulic acid on hyperlipidemic diabetic rats",
      "author": [
        {
          "name": "Ms Balasubashini"
        },
        {
          "name": "R Rukkumani"
        },
        {
          "name": "Vp Menon"
        }
      ],
      "publicationDate": "2003",
      "host": {
        "title": "Acta Diabetol",
        "publicationDate": "2003",
        "author": [],
        "volume": "40",
        "issue": "3",
        "pages": {
          "first": "118",
          "last": "22"
        }
      }
    }
  ],
  "fulltext": "PHARMACOLOGIE  Thérapie 2004 Nov-Déc; 59 (6): 639-644 0040-5957/04/0006-0639/$31.00/0 © 2004 Société Française de Pharmacologie  Photo-Irradiated Curcumin Supplementation in Streptozotocin-Induced Diabetic Rats: Effect on Lipid Peroxidation Supplémentation en curcumine photo-irradiée chez le rat rendu diabétique par la streptozotocine : effets sur la peroxydation lipidique Thirunavukarasu Mahesh, Murali Manoharan Sri Balasubashini and Venugopal Padmanabhan Menon Department of Biochemistry, Faculty of Science, Annamalai University, Annamalainagar, India  Abstract  Background: Diabetes mellitus is one of the most common endocrine disorders. A large number of studies are in progress to identify natural substances that are effective in reducing the severity of diabetes. Although a number of drugs are currently marketed, their long-term use can cause a number of adverse effects. Materials and methods: In the present study, we examined the effect of photo-irradiated curcumin on experimental diabetes in order to evaluate the antihyperglycaemic effects of this compound on streptozotocin (40 mg/kg bodyweight)-induced diabetes. Photo-irradiated curcumin was given at a dose of 10, 30 and 80 mg/kg bodyweight. The level of blood glucose was elevated in the diabetic animals. The liver, kidney and brain were assayed for the degree of lipid peroxidation, reduced glutathione content and the activity of enzymic and levels of non-enzymic antioxidants. Results: Antioxidant status decreased in the diabetic animals. Oral administration of photo-irradiated curcumin for 45 days resulted in a significant decrease in the levels of blood glucose, together with near normalisation of enzymic activity and the markers of lipid peroxidation. The best results were obtained in rats treated with 30 mg/kg bodyweight of photo-irradiated curcumin. Keywords: antioxidants, diabetes, lipid peroxidation, oxidative stress, photo-irradiated curcumin, streptozotocin  Résumé  Contexte : Le diabète sucré est l’un des troubles du système endocrinien les plus courants. Un grand nombre d’études sont en cours de réalisation afin de trouver les substances naturelles qui pourraient réduire la sévérité du diabète. Bien que certains médicaments soient disponibles, l’utilisation prolongée de ces derniers est parfois responsable d’effets secondaires. Matériels et méthodes : Dans cette étude, nous avons étudié les effets de la curcumine photo-irradiée sur le diabète expérimental afin d’évaluer les propriétés anti-hyperglycémiques de ce composé sur le diabète induit par la streptozotocine (40 mg/kg de poids corporel). La curcumine photo-irradiée a été administrée à la dose de 10, 30 et 80 mg/kg de poids corporel. Le taux de glycémie dans le sang était élevé chez les animaux diabétiques. Le foie, le rein et le cerveau ont été analysés pour calculer le degré de peroxidation lipidique, la teneur en glutathion et les activités enzymatiques, ainsi que les niveaux non enzymatiques des antioxydants. Résultats : Le statut antioxydant a diminué chez l’animal diabétique. L’administration orale de curcumine photo-irradiée a entraîné une baisse significative des taux de glycémie après 45 jours, ce qui correspondait à une quasi-normalisation de l’activité enzymatique antioxydante et des marqueurs de peroxydation lipidique. La plupart des résultats ont été obtenus avec l’administration d’un traitement de curcumine photo-irradiée à la dose de 30 mg/kg de poids corporel.  640  Mahesh et al.  Mots clés : antioxydants, diabète, peroxydation lipidique, effort oxydant, curcumine photo-irradiée, streptozotocine Texte reçu le 28 août 2003 ; accepté le 9 février 2004  Type 2 diabetes mellitus is one of the most common endocrine disorders. Many studies carried out in recent years have shown elevated lipid peroxidation in diabetes.[1,2] Hyperglycaemia in poorly or erratically controlled diabetes mellitus generates abnormally high levels of free radicals followed by oxidative degeneration and protein glycation.[3] Reactive oxygen species (ROS) have been implicated in the pathology and complications of diabetes mellitus.[4] ROS interact with lipids, proteins and nucleic acids, resulting in the loss of membrane integrity, structural or functional changes in protein and genetic mutations, respectively.[5] The body has evolved several methods of deactivating these ROS in order to counter their damaging effects on tissues.[6] The first line of defence are enzymes such as superoxide dismutase (SOD), catalase (CAT) and glutathione peroxidase (GPx), which catalyse the conversion of ROS to less reactive species.[6] In addition, protection against the damaging effects of ROS is provided by the dietary intake of antioxidant compounds. Curcumin is a major active component of the food flavour turmeric (Curcuma longa).[7] The pharmacological safety of curcumin has been demonstrated by the consumption for centuries of up to 100 mg/day by people in certain countries.[8] Curcumin offers protection by inhibiting lipid peroxidation[9] and scavenging free radicals, activities that may result from the presence of the 2-para-hydroxy group in curcumin.[10] Photo-oxidation of curcumin does not alter its antioxidant properties.[11] It is photolysed to stable photoproducts, including vanillin and ferulic Table I. Changes in blood glucose levels in normal rats, in rats with streptozotocin (STZ)-induced diabetes and in STZ-induced diabetic rats treated with irradiated curcumin (IC) Groupsa,b  Before treatment (mg/100mL)  After treatment (mg/100mL)  82.22 ± 4.97  86.67 ± 6.67 (A)  Diabetic control  231.11 ± 12.57  282.22 ± 20.96 (B)  Diabetic + IC (LD)  248.88 ± 16.63  193.33 ± 18.38 (C)  Diabetic + IC (ID)  243.33 ± 12.77  129.99 ± 11.92 (D)  Diabetic + IC (HD)  246.53 ± 13.43  160.67 ± 6.41 (E)  Normal  a Values are mean ± standard deviation from seven rats in each group. b Values not sharing a common letter (in parentheses) differ significantly at p < 0.05 (LSD [least significant difference]). bw = bodyweight; HD = high dose (80 mg/kg bw); ID = intermediate dose (30 mg/kg bw); LD = low dose (10 mg/kg bw).   2004 Société Française de Pharmacologie  acid, which are also potent antioxidants.[12] Ferulic acid has a protective effect in liver toxicity induced by drugs.[13] Since oxidative damage and hyperglycaemia have been implicated in the aetiology and pathogenesis of diabetic complications, photo-irradiated curcumin may have a therapeutic role in the amelioration of these complications. Our study investigates the effect of 45 days of photo-irradiated curcumin therapy on enzymic and non-enzymic antioxidant defence in streptozotocin (STZ)-induced diabetic rats.  Materials and Methods Female Albino Wistar rats with bodyweights (bw) ranging from 160–170g, and bred in the Central Animal House, Rajah Muthiah Medical College, were fed a pellet diet (Agro Corporation Private Limited, Bangalore, India). Water was given ad libitum. The animals were housed in plastic cages under controlled conditions (a cycle of 12 hours light/12 hours dark, 50% humidity and a temperature of 30 ± 3°C). The animals were maintained in accordance with the principles and guidelines of both the Ethical Committee for Animal Care of Annamalai University and the Indian National Law on Animal Care and Use (register number: 160/1999/CPCSEA).[14] STZ was purchased from Sigma (StLouis, MO). Curcumin was purchased from the Central Drug House, Mumbai. Photo-oxidation of curcumin was performed by exposing the curcumin to bright sunlight for 5 hours.[12] All other chemicals used were of analytical grade. Diabetes was induced by a single intraperitoneal injection of STZ (40 mg/kg bodyweight [bw] in a citrate buffer at pH 4.0). Blood glucose concentrations and changes in bw were monitored regularly. After 2 weeks, rats with moderate diabetes, with glycosuria and hyperglycaemia (i.e. blood glucose levels of 200–260 mg/dL), were selected for the experiment. The rats were divided into five groups of seven rats each, as follows: Group 1 : control rats given 5mL of water daily for 45 days, by means of an intragastric tube; Group 2 : STZ-treated rats; Group 3 : STZ-treated rats given photo-irradiated curcumin (10 mg/kg bw) daily for 45 days as a suspension in 5mL water, by means of an intragastric tube; Group 4 : STZ-treated rats given photo-irradiated curcumin (30 mg/kg bw) daily for 45 days as a suspension in 5mL water, by means of an intragastric tube; Thérapie 2004 Nov-Déc; 59 (6)  Photo-Irradiated Curcumin and Diabetes  641  Table II. Levels of thiobarbituric acid reactive substances (TBARS) and hydroperoxides in tissues from normal rats, rats with streptozotocin (STZ)-induced diabetes and STZ-induced diabetic rats treated with irradiated curcumin (IC) Groupsa,b  TBARS (mmol/100g tissue)  Hydroperoxides (mmol/100g tissue)  liver  kidney  brain  Normal  0.71 ± 0.06 (A)  1.25 ± 0.02 (A)  0.63 ± 0.06 (A)  liver 72.02 ± 2.68 (A)  kidney 54.64 ± 6.04 (A)  brain 59.52 ± 4.33 (A)  Diabetic control  3.86 ± 0.05 (B)  3.60 ± 0.19 (B)  2.70 ± 0.16 (B)  171.42 ± 7.83 (B)  176.54 ± 6.48 (B)  139.28 ± 5.98 (B)  Diabetic + IC (LD)  3.15 ± 0.16 (C)  2.94 ± 0.27 (C)  2.33 ± 0.18 (C)  135.11 ± 9.95 (C)  127.97 ± 9.15 (C)  122.02 ± 5.26 (C)  Diabetic + IC (ID)  2.60 ± 0.08 (D)  2.50 ± 0.12 (D)  1.95 ± 0.16 (D)  110.12 ± 11.83 (D)  101.78 ± 3.75 (D)  102.97 ± 5.26 (D)  Diabetic + IC (HD)  2.86 ± 0.29 (E)  2.86 ± 0.29 (C)  2.23 ± 0.21 (C)  125.35 ± 5.96 (C)  117.97 ± 6.88 (E)  111.56 ± 7.78 (E)  a Values are mean ± standard deviation from seven rats in each group. b Values not sharing a common letter (in parentheses) differ significantly at p < 0.05 (LSD [least significant difference]). bw = bodyweight; HD = high dose (80 mg/kg bw); ID = intermediate dose (30 mg/kg bw); LD = low dose (10 mg/kg bw).  Group 5 : STZ-treated rats given photo-irradiated curcumin (80 mg/kg bw) daily for 45 days as a suspension in 5mL water, by means of an intragastric tube. After 45 days of treatment, a smear from each animal was examined and the diestrus phase identified; the animals were fasted overnight, anaesthetised with ketamine hydrochloride and sacrificed. The blood was collected in heparinised tubes. Tissues (liver, kidney and brain) were removed, cleared of blood and immediately transferred to ice-cold containers containing 0.9% NaCl for various biochemical estimations.  Biochemical estimations  Blood glucose was estimated by the method of Sasaki et al.[15] The activities of the enzymic antioxidants SOD, CAT and GPx were estimated by the method of Kakkar et al.,[16] Sinha,[17] and Rotruck et al.,[18] respectively. The levels of thiobarbituric acid reactive substances (TBARS) were estimated by Fraga et al.,[19] hydroperoxides by the method of Jiang et al.,[20] reduced glutathione by the method of Ellman,[21] ascorbic acid (vitamin C) by the method of Roe and Kuether,[22] and α-tocopherol (vitamin E) by the method of Baker et al.[23]  Statistical Analysis  The data shown in the tables are average values ± standard deviation (SD). Statistical analysis of the data was conducted using ANOVA, and the groups were compared by the method of the least significant difference (LSD). Results Table I shows the changes in blood glucose levels. An increase in the level of blood glucose was observed in the diabetic rats. Treatment with irradiated curcumin (groups 3 and 5) significantly decreased the blood glucose level, but photo-irradiated curcumin at 30 mg/kg bw (group 4) produced a more significant decrease in the blood glucose level than the other two dosages. The levels of TBARS and hydroperoxides in tissues (table II),which were significantly elevated in the diabetic group, decreased as a result of photo-irradiated curcumin treatment; the decrease observed was greater in group 4. The levels of the nonenzymic antioxidant ascorbic acid (table III) decreased in tissues, while α-tocopherol (table III) increased in the diabetic controls compared with the normal rats. After treatment with photo-irradiated curcumin, antioxidant status was significantly reduced –  Table III. Levels of non-enzymic antioxidants (ascorbic acid [vitamin C] and α-tocopherol [vitamin E]) in tissues from normal rats, rats with streptozotocin (STZ)-induced diabetes and STZ-induced diabetic rats treated with irradiated curcumin (IC) Groupsa,b  α-Tocopherol (mg/100g tissue)  Ascorbic acid ( mg/100g tissue ) liver  kidney  brain  liver  kidney  brain  Normal  1.41 ± 0.04 (A)  1.05 ± 0.16 (A)  1.160 ± 0.07 (A)  0.07 ± 0.02 (A)  0.45 ± 0.02 (A)  0.76 ± 0.01 (A)  Diabetic control  0.82 ± 0.08 (B)  0.81 ± 0.08 (B)  0.86 ± 0.03 (B)  0.92 ± 0.05 (B)  0.73 ± 0.03 (B)  0.93 ± 0.02 (B)  Diabetic + IC (LD)  0.94 ± 0.03 (C)  0.84 ± 0.03 (B,C)  0.90 ± 0.03 (B,C)  0.84 ± 0.04 (C)  0.64 ± 0.03 (C)  0.88 ± 0.01 (C)  Diabetic + IC (ID)  1.22 ± 0.07 (D)  0.98 ± 0.04 (D)  1.01 ± 0.03 (D)  0.73 ± 0.03 (D)  0.55 ± 0.03 (D)  0.81 ± 0.04 (D)  Diabetic + IC (HD)  1.04 ± 0.07 (E)  0.89 ± 0.04 (C)  0.93 ± 0.04 (C)  0.79 ± 0.05 (C)  0.59 ± 0.01 (E)  0.85 ± 0.03 (E)  a Values are mean ± standard deviation from seven rats in each group. b Values not sharing a common letter (in parentheses) differ significantly at p < 0.05 (LSD [least significant difference]). bw = bodyweight; HD = high dose (80 mg/kg bw); ID = intermediate dose (30 mg/kg bw); LD = low dose (10 mg/kg bw).   2004 Société Française de Pharmacologie  Thérapie 2004 Nov-Déc; 59 (6)  642  Mahesh et al.  to normal levels – with a greater effect in group 4 than in groups 3 and 5. In addition, glutathione (GSH) levels (table IV) decreased in the diabetic controls and increased significantly in treated groups. It was shown that the activity of SOD, CAT and GPx (tables IV and V) was significantly decreased in the diabetic groups compared with the normal control rats. Photo-irradiated curcumin treatment significantly improved the enzymic antioxidant status, but the improvement was more significant in group 4.  Discussion Photo-irradiated curcumin reduced the effect produced by STZ in rats. Diabetic rats showed a significant increase in blood glucose levels compared with the normal rats. This elevation of the glucose level in STZ-treated rats was due to oxidative stress in the pancreas, as a result of single strand breaks in pancreatic DNA.[24,25] Groups 3, 4, and 5 exhibited a reduction in the level of blood glucose, which may have been due to the antihyperglycaemic effects of photo-irradiated curcumin. Photo-irradiation of curcumin results in the production of the antioxidants vanillin and ferulic acid.[26] Thus, the effect of photo-irradiated curcumin may be due to its antioxidant properties,[11] which help to neutralise the free radicals produced by STZ, thereby preventing oxidative damage to the pancreas. This decreased oxidative stress on the pancreas may enable the beta cells, possibly reduced because of STZ treatment, to proliferate and secrete more insulin. The increased insulin secretion can cause increased utilisation of glucose by the extrahepatic tissues and thereby decrease the blood glucose level. The present dose-dependent study showed that treatment with 30 mg/kg bw of irradiated curcumin decreased the blood glucose level more effectively than the other doses used.  The role of free radicals in the aetiopathogenesis of diabetes is well known.[27] Our results showed that the lipid peroxide markers TBARS and hydroperoxides were significantly increased in the tissues of diabetic rats. The increase in tissue TBAR levels indicates enhanced lipid peroxidation, leading to tissue injury and failure of the antioxidant defence mechanisms to prevent the formation of excess free radicals. Lipid peroxidemediated tissue damage has been observed in diabetes. It has been observed that insulin secretion is closely associated with lipoxygenase-derived peroxides,[28,29] and a marked elevation in the concentration of TBARS and production of hydroperoxides has been observed in both types of diabetes.[30] These reactive compounds cause peroxidation of lipids, resulting in the formation of hydroperoxy fatty acids and endoperoxides.[31] Previous studies have shown that the levels of TBARS were enhanced in the tissues of diabetic rats.[2,32] In the present study, oral administration of photo-irradiated curcumin (30 mg/kg bw) decreased the levels of TBARS and hydroperoxides, although, in the case of the other treatment groups, the effect was only marginal. This is because both ferulic acid and vanillin, the components of photo-irradiated curcumin, are effective antioxidants. The α-tocopherol content was increased in the plasma and tissues of STZ-induced diabetic rats.[33] This effect is compatible with the hypothesis that excessive α-tocopherol in the plasma and tissue plays a protective role against increased lipid peroxidation[34] and hence against increased platelet aggregation. An increased α-tocopherol level may also be due to hyperlipidaemia in diabetic animals, which results in higher levels of plasma αtocopherol.[35] Elevated levels of α-tocopherol in diabetes have been reported, resulting from its protective role against lipid peroxidation.[36] Contrary to these observations, the levels of another natural antioxidant, ascorbic acid, are known to decrease, possibly to preserve the levels of other antioxidants such as GSH and  Table IV. Levels of glutathione (GSH) and glutathione peroxidase (GPx) in tissues from normal rats, rats with streptozotocin (STZ)-induced diabetes and STZ-induced diabetic rats treated with irradiated curcumin (IC) Groupsa,b  liver Normal  GPx (unitsc/mg protein)  GSH (mg/100g tissue) kidney  156.66 ± 15.05 (A) 96.66 ± 8.17 (A)  brain  liver  kidney  brain  98.33 ± 4.08 (A)  11.86 ± 0.57 (A)  8.38 ± 0.89  5.53 ± 0.58 (A)  Diabetic control  41.66 ± 2.58 (B)  45.83 ± 4.92 (B)  44.17 ± 4.92 (B)  4.60 ± 0.2 (B)  5.87 ± 0.48  1.55 ± 0.08 (B)  Diabetic + IC (LD)  76.67 ± 5.16 (C)  57.50 ± 6.12 (C)  57.50 ± 4.18 (C)  5.60 ± 0.33 (C)  6.63 ± 0.32  2.06 ± 0.20 (C)  Diabetic + IC (ID)  93.83 ± 4.49 (D)  75.83 ± 4.92 (D)  69.17 ± 3.76 (D)  7.05 ± 0.35 (D)  7.92 ± 0.25  2.87 ± 0.09 (D)  Diabetic + IC (HD)  83.18 ± 2.03 (C)  60.22 ± 5.29 (C)  62.32 ± 6.28 (C)  5.98 ± 0.54 (C)  7.47 ± 0.26  2.47 ± 0.09 (E)  a Values are mean ± standard deviation from seven rats in each group. b Values not sharing a common letter (in parentheses) differ significantly at p < 0.05 (LSD [least significant difference]). c µg of glutathione consumed per minute. bw = bodyweight; HD = high dose (80 mg/kg bw); ID = intermediate dose (30 mg/kg bw); LD = low dose (10 mg/kg bw).   2004 Société Française de Pharmacologie  Thérapie 2004 Nov-Déc; 59 (6)  Photo-Irradiated Curcumin and Diabetes  643  Table V. Activities of superoxide dismutase (SOD) and catalase (CAT) in tissues from normal rats, rats with streptozotocin (STZ)-induced diabetes and STZ-induced diabetic rats treated with irradiated curcumin (IC) Groupsa,b  SOD (unitsc/mg protein)  CAT (unitsd/mg protein)  liver  kidney  brain  liver  kidney  brain  15.17 ± 0.24 (A)  15.19 ± 0.30 (A)  8.29 ± 0.62 (A)  71.90 ± 3.65 (A)  58.96 ± 2.93 (A)  4.51 ± 0.39 (A)  4.48 ± 0.31 (B)  8.60 ± 1.21 (B)  4.93 ± 0.33 (B)  40.17 ± 3.23 (B)  37.21 ± 3.01 (B)  1.53 ± 0.28 (B)  Diabetic + IC (LD)  6.83 ± 0.48 (C)  10.86 ± 2.03 (C)  5.60 ± 0.43 (C)  48.84 ± 4.89 (C)  43.47 ± 4.47 (C)  1.92 ± 0.17 (C)  Diabetic + IC (ID)  7.90 ± 0.07 (D)  12.87 ± 0.56 (D)  7.12 ± 0.36 (D)  60.53 ± 3.58 (D)  49.76 ± 3.40 (D)  2.55 ± 0.14 (D)  Diabetic + IC (HD)  7.10 ± 0.89 (C)  11.40 ± 0.70 (C)  6.53 ± 0.30 (E)  54.32 ± 2.73 (E)  45.43 ± 1.10 (E)  2.42 ± 0.22 (E)  Normal Diabetic control  a Values are mean ± standard deviation from seven rats in each group. b Values not sharing a common letter (in parentheses) differ significantly at p < 0.05 (LSD [least significant difference]). c One unit of activity was taken as the enzyme reaction, which gave 50% inhibition of NBT (nitroblue tetrazolium dye test) reduction in 1 minute. d µmol of hydrogen peroxide consumed per minute. bw = bodyweight; HD = high dose (80 mg/kg bw); ID = intermediate dose (30 mg/kg bw); LD = low dose (10 mg/kg bw).  α-tocopherol.[36] GSH acts as a coenzyme for various enzymes and participates in many biological reactions involved in the transport of certain amino acids; it also protects against free radicals.[37] In our present study, GSH levels were decreased in the tissues of diabetic rats. In this context, other workers have reported decreased levels of tissue GSH in STZ-induced diabetic rats.[38] In the present study, oral administration of photo-irradiated curcumin resulted in near normal levels of ascorbic acid, α-tocopherol and GSH in tissues. An elevated free radical concentration and lipid peroxidation decrease antioxidant defence in a biological system.[39] SOD, CAT and GPx are the antioxidant enzymes responsible for the removal of superoxides and peroxides and have a specific role in protecting tissues against oxidative damage. Decreased activities of SOD, CAT and GPx in tissues of STZ-induced diabetes in rats have been reported.[40] In the present study, administration of irradiated curcumin in group 4 was found to restore enzymic activity to near normal. In groups 3 and 5, irradiated curcumin showed a similar change but to a lesser extent. The ferulic acid and vanillin in irradiated curcumin are effective in increasing the activity of antioxidant enzymes. This may be due to the inhibition of ascorbate/iron-induced peroxidation and by free-radical scavenging action of ferulic acid.[41] Decreased lipid peroxidation and improved antioxidant status may be one of the mechanisms by which dietary treatment contributes to the prevention of diabetic complications.[42] Our study clearly shows that photo-irradiated curcumin plays a protective role against STZ-induced diabetes. Photo-irradiation of curcumin produces ferulic acid and vanillin as major components. A finding of one study conducted in our laboratory and using ferulic acid at different doses was that 10 mg/kg bw was more effective than 40 mg/kg bw. It was postulated that ferulic acid at higher concentrations may lower the pH  2004 Société Française de Pharmacologie  of the biological system, resulting in its decreased efficacy at this lower pH.[43] This may be the reason for the decreased effects of photo-irradiated curcumin at the higher concentrations. Thus, photo-irradiated curcumin was more effective at 30 mg/kg bw than at 80 mg/kg bw. These findings suggest that the antioxidant properties of photo-irradiated curcumin may represent an important advance in the search for natural substances to replace synthetic antioxidant food additives. References 1.  Baynes JW. Role of oxidative stress in development of complication in diabetes. Diabetes 1991; 40: 405-12 2. Prince PSM, Menon VP. Effect of Syzigium cumini in plasma antioxidants on alloxan-induced diabetes in rats. J Clin Biochem Nutr 1998; 25: 81-6 3. Hunt JU, Dean RT, Wolff SP. Hydroxyl radical production and autoxidative glycosylation: glucose autoxidation as the cause of protein damage in the experimental glycation model of diabetes mellitus and ageing. Biochem J 1988; 256: 205-12 4. Wolff SP. Diabetes mellitus and free radicals. Br Med Bull 1993; 49: 642-52 5. Gillham B, Papachristodoulou DK, Thomas JH. Wills’ biochemical basis of medicine. 3rd ed. Oxford: Butterworth-Heinemann, 1977: 343-54 6. Acworth IN, McCabe DR, Maher TJ. The analysis of free radicals, their reaction products, and antioxidants. In: Baskin SI, Salem H, editors. Oxidants, antioxidants and free radicals. Washington, DC: Taylor & Francis, 1997: 23-77 7. Reddy S, Aggarwal BB. Curcumin is a non-competitive and selective inhibitor of phosphorylase kinase. FEBS Lett 1994; 341: 19-22 8. Ammon HP, Wahl MA. Pharmacology of curcuma longa. Planta Med 1991; 57 (1): 1-7 9. Babu PS, Srinivasan K. Hypolipidemic action of curcumin, the active principle of turmeric (curcuma longa) in streptozotocin-induced diabetic rats. Mol Cell Biochem 1997; 166 (1-2): 169-75 10. Sharma OP. Antioxidant activity of curcumin and related compounds. Biochem Pharmacol 1976; 25: 1811-2 11. Rukkumani R, Sribalasubashini M, Menon VP. Protective effects of curcumin and photo-irradiated curcumin on circulatory lipids and lipid peroxidation products in alcohol and polyunsaturated fatty acid-induced toxicity. Phytother Res 2003; 17: 925-9  Thérapie 2004 Nov-Déc; 59 (6)  644  12.  13.  14.  15.  16. 17. 18. 19.  20. 21. 22.  23. 24. 25. 26. 27.  28. 29.  Mahesh et al.  Rukkumani R, Balasubashini MS, Viswanathan P, et al. Comparative effects of curcumin and photo-irradiated curcumin on alcohol and polyunsaturated fatty acid-induced hyperlipidemia. Pharmacol Res 2002; 49 (3): 257-64 Marukami Y, Kadota M, Takahoshi D, et al. Suppressive effects of novel ferulic acid derivatives on phorbol ester and combined lipopolysaccharide and interferon-γ induced cellular responses. Cancer Lett 2000; 157 (1): 77-85 National Institute of Health. Guide for the care and use of laboratory animals. DHEW publication (NIH), revised (1985). Office of Science and Health Reports, DRR/NIH; Bethesda Sasaki T, Matsui S, Sonae A. Effect of acetic acid concentration on the colour reaction in the O-toluidine-boric acid method for blood glucose estimation. Rinshokagaku 1972; 1: 346-53 Kakkar P, Das B, Viswanathan PN. A modified spectrophotometric assay of superoxide dismutase (SOD). Ind J Biochem Biophys 1984; 21: 130-2 Sinha AK. Colorimetric assay of catalase. Anal Biochem 1972; 47: 389-94 Rotruck JT, Pope AL, Gauther HE, et al. Selenium: biochemical roles as a component of glutathione peroxidase. Science 1973; 179: 588-90 Fraga CG, Leibovity BF, Topell AL. Lipid peroxidation measured as TBARS in tissue slices: characterization and comparison with homogenate and microsomes. Free Radic Biol Med 1988; 4: 155-61 Jiang ZY, Hunt JY, Wolff SP. Detection of lipid hydroperoxides using the ‘Fox method’. Anal Biochem 1992; 202: 384-9 Ellman E. Tissue sulphydryl groups. Arch Biochem Biophys 1959; 82: 70-7 Roe JM, Kuether CA. Detection of ascorbic acid in whole blood and urine through the 2,4 DNPH derivative of dehydro ascorbic acid. J Biol Chem 1943; 147: 399-407 Baker H, Frank O, De Angelis B, et al. Plasma tocopherols in man at various times after ingesting free or acetylated tocopherol. Nut Res Int 1980; 21: 531-6 Omamoto H, Uchigata Y. STZ and alloxan induces DNA strand breaks and poly (ADP ribose) synthetase in pancreatic islets. Nature 1981; 294 (19): 284-6 Imaeda A, Kaneko T, Aoki T, et al. DNA damage and the effect of antioxidants in streptozotocin treated mice. Food Chem Toxicol 2002; 40 (7): 979-87 Dahl TA, Bilski P, Reszka K, et al. Photocytotoxicity of curcumin. Photochem Photobiol 1994; 59: 290-4 Ramanathan M, Jaiswal AK, Bhattacharya SK. Superoxide dismutase, catalase and glutathione peroxidase activities in the brain of streptozotocin-induced diabetic rats. Indian J Exp Biol 1999; 37: 182-3 Metz SA. Oxygenation products of arachidonic acid; third messengers for insulin release. Prostaglandins 1984; 27: 147-51 Walsh MF, Pek SB. Possible role of endogenous arachidonic acid metabolites in stimulated release of insulin and glucagon from the isolated, perfused rat pancreas. Diabetes 1984; 33 (10): 929-36   2004 Société Française de Pharmacologie  30.  31.  32. 33.  34.  35.  36. 37. 38. 39. 40.  41. 42.  43.  Krishnakumar K, Augusti KT, Vijayammal PL. Hypoglycemic and antioxidant actvity of Salacia oblonga wall extract in streptozotocin-induced diabetic rats. Indian J Physiol Pharmacol 1999; 43 (4): 510-4 Bassirat M, Khalil Z. Endothelin and free radicals modulate microvascular responses in streptozotocin-induced diabetic rats. Microvasc Res 2000; 59 (1): 88-98 Prince PSM, Menon VP. Antioxidant action of Tinospora cordifolia root extract in alloxan diabetic rats. Phytother Res 2001; 15: 213-8 Kwag OG, Kim SO, Choi JH, et al. Vitamin E improves microsomal phospholipase A2 activity and the arachidonic acid cascades in kidney of diabetic rats. J Nutr 2001; 131: 1297-301 Takenaka Y, Miki M, Yasuda M, et al. The effect of α tocopherol as an antioxidant on the oxidation of membrane protein thiols induced by free radicals generated in different sites. Arch Biochem Biophys 1991; 285: 344-50 Sukalski KA, Pinto KA, Bernsten JL. Decreased susceptibility of liver mitochondria from diabetic rats to oxidative damage and associated increase in α tocopherol. Free Radic Biol Med 1993; 14: 57-65 Gary MC, Ojha S, Bansal BD. Antioxidant status of streptozotocin diabetic rats. Indian J Exp Biol 1996; 34: 264-6 Meister A. Glutathione metabolism and its selective modification. J Biol Chem 1995; 263: 17205-8 Mclennam SV, Hefferman S, Wright L, et al. Changes in hepatic glutathione metabolism in diabetes are not due to oxidative stress. Diabetes 1991; 40: 344-8 Tappel AL. Measurement of and projection from in vivo lipid peroxidation. In: Pryor WA, editor. Free radicals in biology. New York: Academic Press, 147-9 Sander RA, Rauscher FM, Watkins III JB. Effect of quercetin on antioxidant defense in streptozotocin-induced diabetic rats. J Biochem Mol Toxicol 2001; 15 (3): 143-9 Conesa MTG, Plumb GW, Kroon PA, et al. Antioxidant properties of ferulic acid dimers. Redox Rep 1997; 3: 239-44 Armstrong A, Chestnutt J, Gormley M, et al. The effect of dietary treatment on lipid peroxidation and antioxidant status in newly diagnosed non insulin dependent diabetes. Free Radic Biol Med 1996; 21: 719-26 Balasubashini MS, Rukkumani R, Menon VP. Protective effects of ferulic acid on hyperlipidemic diabetic rats. Acta Diabetol 2003; 40 (3): 118-22  Correspondence and offprints: Venugopal Padmanabhan Menon, Department of Biochemistry, Annamalai University, Annamalainagar 608 002, India. E-mail: cmrana@sify.com  Thérapie 2004 Nov-Déc; 59 (6)  "
}