{
  "arkIstex": "ark:/67375/0T8-XSRK9L3Q-V",
  "title": "Nonlinear model predictive control of glucose concentration in subjects with type 1 diabetes",
  "abstract": "A nonlinear model predictive controller has been developed to maintain normoglycemia in subjects with type 1 diabetes during fasting conditions such as during overnight fast. The controller employs a compartment model, which represents the glucoregulatory system and includes submodels representing absorption of subcutaneously administered short-acting insulin Lispro and gut absorption. The controller uses Bayesian parameter estimation to determine time-varying model parameters. Moving target trajectory facilitates slow, controlled normalization of elevated glucose levels and faster normalization of low glucose values. The predictive capabilities of the model have been evaluated using data from 15 clinical experiments in subjects with type 1 diabetes. The experiments employed intravenous glucose sampling (every 15 min) and subcutaneous infusion of insulin Lispro by insulin pump (modified also every 15 min). The model gave glucose predictions with a mean square error proportionally related to the prediction horizon with the value of 0.2 mmol L1 per 15 min. The assessment of clinical utility of model-based glucose predictions using Clarke error grid analysis gave 95 of values in zone A and the remaining 5 of values in zone B for glucose predictions up to 60 min (n 1674). In conclusion, adaptive nonlinear model predictive control is promising for the control of glucose concentration during fasting conditions in subjects with type 1 diabetes.",
  "language": [
    "eng"
  ],
  "publicationDate": "2004",
  "copyrightDate": "2004",
  "doi": [
    "10.1088/0967-3334/25/4/010"
  ],
  "ark": [
    "ark:/67375/0T8-XSRK9L3Q-V"
  ],
  "pii": [
    "S0967-3334(04)80244-2"
  ],
  "articleId": [
    "180244"
  ],
  "genre": [
    "research-article"
  ],
  "originalGenre": [
    "paper"
  ],
  "author": [
    {
      "name": "Roman Hovorka",
      "affiliations": [
        "Diabetes Modelling Group, Department of Paediatrics, University of Cambridge, Box 116, Addenbrooke's Hospital, Hills Road, Cambridge CB2 2QQ, UK",
        "E-mail: r.hovorka@uk.avecho.com"
      ]
    },
    {
      "name": "Valentina Canonico",
      "affiliations": [
        "University of Perugia, Perugia, Italy",
        "E-mail: canonico@dimisem.med.unipg.it"
      ]
    },
    {
      "name": "Ludovic J Chassin",
      "affiliations": [
        "Diabetes Modelling Group, Department of Paediatrics, University of Cambridge, Box 116, Addenbrooke's Hospital, Hills Road, Cambridge CB2 2QQ, UK",
        "E-mail: ljc45@cam.ac.uk"
      ]
    },
    {
      "name": "Ulrich Haueter",
      "affiliations": [
        "Disetronic Medical Systems AG, Burgdorf, Switzerland",
        "E-mail: ulrich.haueter@roche.ch"
      ]
    },
    {
      "name": "Massimo Massi-Benedetti",
      "affiliations": [
        "University of Perugia, Perugia, Italy",
        "E-mail: massi@unipg.it"
      ]
    },
    {
      "name": "Marco Orsini Federici",
      "affiliations": [
        "University of Perugia, Perugia, Italy",
        "E-mail: orsini@dimisem.med.unipg.it"
      ]
    },
    {
      "name": "Thomas R Pieber",
      "affiliations": [
        "University of Graz, Graz, Austria",
        "E-mail: thomas.pieber@kfunigraz.ac.at"
      ]
    },
    {
      "name": "Helga C Schaller",
      "affiliations": [
        "University of Graz, Graz, Austria",
        "E-mail: schaller@microperfusion.at"
      ]
    },
    {
      "name": "Lukas Schaupp",
      "affiliations": [
        "University of Graz, Graz, Austria",
        "E-mail: schaupp@microperfusion.at"
      ]
    },
    {
      "name": "Thomas Vering",
      "affiliations": [
        "Disetronic Medical Systems AG, Burgdorf, Switzerland",
        "E-mail: thomas.vering@roche.ch"
      ]
    },
    {
      "name": "Malgorzata E Wilinska",
      "affiliations": [
        "Diabetes Modelling Group, Department of Paediatrics, University of Cambridge, Box 116, Addenbrooke's Hospital, Hills Road, Cambridge CB2 2QQ, UK",
        "E-mail: mew37@medschl.cam.ac.uk"
      ]
    }
  ],
  "subject": [
    {
      "lang": [
        "eng"
      ],
      "value": "nonlinear control"
    },
    {
      "lang": [
        "eng"
      ],
      "value": "compartment modeling"
    },
    {
      "lang": [
        "eng"
      ],
      "value": "Bayesian estimation"
    }
  ],
  "pmid": [
    "15382830"
  ],
  "host": {
    "title": "Physiological Measurement",
    "language": [
      "unknown"
    ],
    "issn": [
      "0967-3334"
    ],
    "eissn": [
      "1361-6579"
    ],
    "publisherId": [
      "pm"
    ],
    "volume": "25",
    "issue": "4",
    "pages": {
      "first": "905",
      "last": "920",
      "total": "16"
    },
    "genre": [
      "journal"
    ]
  },
  "corpusName": "iop",
  "qualityIndicators": {
    "score": 9.544,
    "pdfWordCount": 5750,
    "pdfCharCount": 34790,
    "pdfVersion": 1.3,
    "pdfPageCount": 16,
    "pdfPageSize": "595 x 842 pts (A4)",
    "refBibsNative": true,
    "abstractWordCount": 212,
    "abstractCharCount": 1461,
    "keywordCount": 3
  },
  "categories": {
    "wos": [
      "1 - science",
      "2 - physiology",
      "2 - engineering, biomedical",
      "2 - biophysics"
    ],
    "scienceMetrix": [
      "1 - applied sciences",
      "2 - engineering",
      "3 - biomedical engineering"
    ],
    "scopus": [
      "1 - Health Sciences",
      "2 - Medicine",
      "3 - Physiology (medical)",
      "1 - Physical Sciences",
      "2 - Engineering",
      "3 - Biomedical Engineering",
      "1 - Life Sciences",
      "2 - Biochemistry, Genetics and Molecular Biology",
      "3 - Physiology",
      "1 - Life Sciences",
      "2 - Biochemistry, Genetics and Molecular Biology",
      "3 - Biophysics"
    ],
    "inist": [
      "1 - sciences appliquees, technologies et medecines",
      "2 - sciences biologiques et medicales",
      "3 - sciences medicales"
    ]
  },
  "keywords": {
    "teeft": [
      "glucose",
      "hovorka",
      "mmol",
      "nonlinear",
      "insulin",
      "infusion",
      "subcutaneous",
      "fasting",
      "glucose concentration",
      "intravenous",
      "gure",
      "pancreas",
      "basal",
      "prediction horizon",
      "fasting conditions",
      "insulin infusion rate",
      "ieee",
      "biomed",
      "bayesian",
      "target trajectory",
      "model parameters",
      "glucoregulatory",
      "hypoglycemia",
      "optimizer",
      "trans",
      "nonlinear model",
      "kinetics",
      "egp0",
      "clinical experiments",
      "insulin action",
      "glucose values",
      "plasma glucose",
      "glucoregulatory system",
      "bayesian parameter estimation",
      "predictive accuracy",
      "glucose uptake",
      "insulin absorption",
      "glucose disposal",
      "glucose concentrations",
      "algorithm",
      "glucose measurements",
      "insulin lispro",
      "safety schemes",
      "clarke error grid analysis",
      "subcutaneous insulin infusion",
      "sample performance",
      "glucose kinetics",
      "trajectory",
      "diabetes",
      "glucose transport",
      "insulin bolus",
      "model constants",
      "insulin sensitivity",
      "adaptive capabilities",
      "glucose control",
      "postprandial conditions",
      "control sequence",
      "insulin infusion",
      "dose optimizer",
      "insulin infusion system",
      "meal ingestion",
      "nonlinear control",
      "clinical utility",
      "measurement error",
      "hypoglycemia events",
      "glucose predictions",
      "simulation tests",
      "endogenous glucose production",
      "insulin delivery",
      "measurement delay",
      "glucose absorption",
      "parameter",
      "simulation"
    ]
  },
  "namedEntities": {
    "unitex": {
      "date": [],
      "geogName": [],
      "orgName": [],
      "orgName_funder": [],
      "orgName_provider": [],
      "persName": [],
      "placeName": [],
      "ref_url": [],
      "ref_bibl": [],
      "bibl": []
    }
  },
  "enrichments": {
    "type": [
      "multicat",
      "nb",
      "teeft",
      "unitex"
    ]
  },
  "refBibs": [
    {
      "title": "An artificial endocrine pancreas",
      "author": [
        {
          "name": "A M Albisser"
        },
        {
          "name": "B S Leibel"
        },
        {
          "name": "T G Ewart"
        },
        {
          "name": "Z Davidovac"
        },
        {
          "name": "C K Botz"
        },
        {
          "name": "W Zingg"
        }
      ],
      "host": {
        "title": "Diabetes",
        "author": [],
        "volume": "23"
      }
    },
    {
      "title": "Nonlinear model-based control of a batch reactive distillation column",
      "author": [
        {
          "name": "L S Balasubramhanya"
        },
        {
          "name": "F J Doyle"
        }
      ],
      "host": {
        "title": "J. Process Control",
        "author": [],
        "volume": "10"
      }
    },
    {
      "title": "Assessment of insulin sensitivity in vivo: a critical review",
      "author": [
        {
          "name": "R N Bergman"
        },
        {
          "name": "I D Hope"
        },
        {
          "name": "Y J Yang"
        },
        {
          "name": "R M Watanabe"
        },
        {
          "name": "M A Meador"
        },
        {
          "name": "J H Youn"
        },
        {
          "name": "M Ader"
        }
      ],
      "host": {
        "title": "Diabetes/Metab. Rev.",
        "author": [],
        "volume": "5"
      }
    },
    {
      "title": "Glucose disposal is not proportional to plasma glucose level in man",
      "author": [
        {
          "name": "J D Best"
        },
        {
          "name": "G J Taborsky"
        },
        {
          "name": "J B Halter"
        },
        {
          "name": "D Porte, Jr"
        }
      ],
      "host": {
        "title": "Diabetes",
        "author": [],
        "volume": "30"
      }
    },
    {
      "title": "A simulation study on a self-tuning portable controller of blood glucose",
      "author": [
        {
          "name": "P Brunetti"
        },
        {
          "name": "C Cobelli"
        },
        {
          "name": "P Cruciani"
        },
        {
          "name": "P G Fabietti"
        },
        {
          "name": "F Filippucci"
        },
        {
          "name": "F Santeusanio"
        },
        {
          "name": "E Sarti"
        }
      ],
      "host": {
        "title": "Int. J. Artif. Organs",
        "author": [],
        "volume": "16"
      }
    },
    {
      "host": {
        "title": "Model Predictive Control",
        "author": []
      }
    },
    {
      "title": "An adaptive plasma glucose controller based on a nonlinear insulin/glucose model",
      "author": [
        {
          "name": "B Candas"
        },
        {
          "name": "J Radziuk"
        }
      ],
      "host": {
        "title": "IEEE Trans. Biomed. Eng.",
        "author": [],
        "volume": "41"
      }
    },
    {
      "host": {
        "title": "The Mathematical Modeling of Metabolic and Endocrine Systems",
        "author": []
      }
    },
    {
      "title": "Closed-loop glucose control with IV glucose sampling and SC insulin infusion: evaluation by simulation studies",
      "author": [
        {
          "name": "L J Chassin"
        },
        {
          "name": "R Hovorka"
        }
      ],
      "host": {
        "title": "Diabetologia",
        "author": [],
        "volume": "44"
      }
    },
    {
      "title": "Evaluation of glucose controllers in virtual environment: methodology and sample application",
      "author": [
        {
          "name": "L J Chassin"
        },
        {
          "name": "M E Wilinska"
        },
        {
          "name": "R Hovorka"
        }
      ],
      "host": {
        "title": "Artif. Intell. Med.",
        "author": []
      }
    },
    {
      "title": "Evaluating clinical accuracy of systems for self-monitoring of blood-glucose",
      "author": [
        {
          "name": "W L Clarke"
        },
        {
          "name": "D Cox"
        },
        {
          "name": "L A Gonderfrederick"
        },
        {
          "name": "W Carter"
        },
        {
          "name": "S L Pohl"
        }
      ],
      "host": {
        "title": "Diabetes Care",
        "author": [],
        "volume": "10"
      }
    },
    {
      "title": "The development of biostator, a glucose controlled insulin infusion system (GCIIS)",
      "author": [
        {
          "name": "A H Clemens"
        },
        {
          "name": "P H Chang"
        },
        {
          "name": "R W Myers"
        }
      ],
      "host": {
        "title": "Horm. Metab. Res.",
        "author": []
      }
    },
    {
      "title": "Control of diabetes with artificial systems for insulin deliveryalgorithm independent limitations revealed by a modeling study",
      "author": [
        {
          "name": "C Cobelli"
        },
        {
          "name": "A Mari"
        }
      ],
      "host": {
        "title": "IEEE Trans. Biomed. Eng.",
        "author": [],
        "volume": "32"
      }
    },
    {
      "title": "Basal plasma insulin levels exert a qualitative but not quantitative effect on glucose-mediated glucose uptake",
      "author": [
        {
          "name": "S Del Prato"
        },
        {
          "name": "A Riccio"
        },
        {
          "name": "D K Vigili"
        },
        {
          "name": "M Dorella"
        },
        {
          "name": "A Tiengo"
        },
        {
          "name": "R A DeFronzo"
        }
      ],
      "host": {
        "title": "Am. J. Physiol.",
        "author": [],
        "volume": "268"
      }
    },
    {
      "title": "Kinetics of insulin-mediated and non-insulin-mediated glucose uptake in humans",
      "author": [
        {
          "name": "S V Edelman"
        },
        {
          "name": "M Laakso"
        },
        {
          "name": "P Wallace"
        },
        {
          "name": "G Brechtel"
        },
        {
          "name": "J M Olefsky"
        },
        {
          "name": "A D Baron"
        }
      ],
      "host": {
        "title": "Diabetes",
        "author": [],
        "volume": "39"
      }
    },
    {
      "title": "Experimental validation of a glucose insulin control model to simulate patterns in glucose-turnover",
      "author": [
        {
          "name": "U Fischer"
        },
        {
          "name": "E Salzsieder"
        },
        {
          "name": "E J Freyse"
        },
        {
          "name": "G Albrecht"
        }
      ],
      "host": {
        "title": "Comput. Methods Programs Biomed.",
        "author": [],
        "volume": "32"
      }
    },
    {
      "title": "Optimal insulin infusion resulting from a mathematical model of blood glucose dynamics",
      "author": [
        {
          "name": "M E Fisher"
        },
        {
          "name": "K L Teo"
        }
      ],
      "host": {
        "title": "IEEE Trans. Biomed. Eng.",
        "author": [],
        "volume": "36"
      }
    },
    {
      "title": "Fail-safe systems for the wearable artificial endocrine pancreas",
      "author": [
        {
          "name": "Y Goriya"
        },
        {
          "name": "N Ueda"
        },
        {
          "name": "K Nao"
        },
        {
          "name": "Y Yamasaki"
        },
        {
          "name": "R Kawamori"
        },
        {
          "name": "M Shichiri"
        },
        {
          "name": "T Kamada"
        }
      ],
      "host": {
        "title": "Int. J. Artif. Organs",
        "author": [],
        "volume": "11"
      }
    },
    {
      "title": "Five-compartment model of insulin kinetics and its use to investigate action of chloroquine in NIDDM",
      "author": [
        {
          "name": "R Hovorka"
        },
        {
          "name": "J K Powrie"
        },
        {
          "name": "G D Smith"
        },
        {
          "name": "P H Sonksen"
        },
        {
          "name": "E R Carson"
        },
        {
          "name": "R H Jones"
        }
      ],
      "host": {
        "title": "Am. J. Physiol.",
        "author": [],
        "volume": "265"
      }
    },
    {
      "title": "Partitioning glucose distribution/transport, disposal, and endogenous production during IVGTT",
      "author": [
        {
          "name": "R Hovorka"
        },
        {
          "name": "F Shojaee-Moradie"
        },
        {
          "name": "P V Carroll"
        },
        {
          "name": "L J Chassin"
        },
        {
          "name": "I J Gowrie"
        },
        {
          "name": "N C Jackson"
        },
        {
          "name": "R S Tudor"
        },
        {
          "name": "A M Umpleby"
        },
        {
          "name": "R H Jones"
        }
      ],
      "host": {
        "title": "Am. J. Physiol.",
        "author": [],
        "volume": "282"
      }
    },
    {
      "title": "[Lys(B28), Pro(B29)]-human insulin A rapidly absorbed analogue of human insulin",
      "author": [
        {
          "name": "D C Howey"
        },
        {
          "name": "R R Bowsher"
        },
        {
          "name": "R L Brunelle"
        },
        {
          "name": "J R Woodworth"
        }
      ],
      "host": {
        "title": "Diabetes",
        "author": [],
        "volume": "43"
      }
    },
    {
      "title": "A robust controller for insulin pumps based on H-infinity theory",
      "author": [
        {
          "name": "K H Kienitz"
        },
        {
          "name": "T Yoneyama"
        }
      ],
      "host": {
        "title": "IEEE Trans. Biomed. Eng.",
        "author": [],
        "volume": "40"
      }
    },
    {
      "title": "Diurnal variation in glucose tolerance",
      "author": [
        {
          "name": "A Lee"
        },
        {
          "name": "M Ader"
        },
        {
          "name": "G A Bray"
        },
        {
          "name": "R N Bergman"
        }
      ],
      "host": {
        "title": "Diabetes",
        "author": [],
        "volume": "41"
      }
    },
    {
      "title": "Simultaneous time-varying systemic appearance of oral and hepatic glucose in adults monitored with stable isotopes",
      "author": [
        {
          "name": "G Livesey"
        },
        {
          "name": "P D Wilson"
        },
        {
          "name": "J R Dainty"
        },
        {
          "name": "J C Brown"
        },
        {
          "name": "R M Faulks"
        },
        {
          "name": "M A Roe"
        },
        {
          "name": "T A Newman"
        },
        {
          "name": "J Eagles"
        },
        {
          "name": "F A Mellon"
        },
        {
          "name": "R H Greenwood"
        }
      ],
      "host": {
        "title": "Am. J. Physiol.",
        "author": [],
        "volume": "275"
      }
    },
    {
      "host": {
        "title": "Estimation-based model predictive control of blood glucose in type I diabetics: a simulation study",
        "author": []
      }
    },
    {
      "title": "An algorithm for least squares estimation of nonlinear parameters",
      "author": [
        {
          "name": "D W Marquardt"
        }
      ],
      "host": {
        "title": "J. Soc. Ind. Appl. Math.",
        "author": [],
        "volume": "2"
      }
    },
    {
      "title": "Protracted glucose fall in subcutaneous adipose tissue and skeletal muscle compared with blood during insulin-induced hypoglycaemia",
      "author": [
        {
          "name": "E Moberg"
        },
        {
          "name": "E HagstromToft"
        },
        {
          "name": "P Arner"
        },
        {
          "name": "J Bolinder"
        }
      ],
      "host": {
        "title": "Diabetologia",
        "author": [],
        "volume": "40"
      }
    },
    {
      "title": "Application of optimal control theory to diabetes mellitus",
      "author": [
        {
          "name": "R L Ollerton"
        }
      ],
      "host": {
        "title": "Int. J. Control",
        "author": [],
        "volume": "50"
      }
    },
    {
      "title": "A model-based algorithm for blood glucose control in type I diabetic patients",
      "author": [
        {
          "name": "R S Parker"
        },
        {
          "name": "F J Doyle"
        },
        {
          "name": "N A Peppas, III"
        }
      ],
      "host": {
        "title": "IEEE Trans. Biomed. Eng.",
        "author": [],
        "volume": "46"
      }
    },
    {
      "title": "The intravenous route to blood glucose control",
      "author": [
        {
          "name": "R S Parker"
        },
        {
          "name": "F J Doyle"
        },
        {
          "name": "N A Peppas, III"
        }
      ],
      "host": {
        "title": "IEEE Eng. Med. Biol. Mag.",
        "author": [],
        "volume": "20"
      }
    },
    {
      "title": "The artificial beta cella continuous control of blood sugar by external regulation of insulin infusion (glucose controlled insulin infusion system)",
      "author": [
        {
          "name": "E F Pfeiffer"
        },
        {
          "name": "C Thum"
        },
        {
          "name": "A H Clemens"
        }
      ],
      "host": {
        "title": "Horm. Metab. Res.",
        "author": [],
        "volume": "6"
      }
    },
    {
      "title": "Nonlinear model predictive control of an industrial four-stage evaporator system via simulation",
      "author": [
        {
          "name": "G P Rangaiah"
        },
        {
          "name": "P Saha"
        },
        {
          "name": "M O Tade"
        }
      ],
      "host": {
        "title": "Chem. Eng. J.",
        "author": [],
        "volume": "87"
      }
    },
    {
      "title": "Premixed formulations of insulin lispro. Activity profiles in type 1 diabetic patients",
      "author": [
        {
          "name": "K Rave"
        },
        {
          "name": "L Heinemann"
        },
        {
          "name": "L Puhl"
        },
        {
          "name": "U Gudat"
        },
        {
          "name": "J R Woodworth"
        },
        {
          "name": "C Weyer"
        },
        {
          "name": "T Heise"
        }
      ],
      "host": {
        "title": "Diabetes Care",
        "author": [],
        "volume": "22"
      }
    },
    {
      "title": "Kinetic modeling of the glucoregulatory system to improve insulin therapy",
      "author": [
        {
          "name": "E Salzsieder"
        },
        {
          "name": "G Albrecht"
        },
        {
          "name": "U Fischer"
        },
        {
          "name": "E J Freyse"
        }
      ],
      "host": {
        "title": "IEEE Trans. Biomed. Eng.",
        "author": [],
        "volume": "32"
      }
    },
    {
      "title": "On-line implementation of nonlinear MPC: an experimental case study",
      "author": [
        {
          "name": "L O Santos"
        },
        {
          "name": "P A F N Afonso"
        },
        {
          "name": "J A A M Castro"
        },
        {
          "name": "N M C Oliveira"
        },
        {
          "name": "L T Biegler"
        }
      ],
      "host": {
        "title": "Control Eng. Pract.",
        "author": [],
        "volume": "9"
      }
    },
    {
      "title": "Feasibility of the SC-SC route for an extracorporeal artificial pancreas",
      "author": [
        {
          "name": "H C Schaller"
        },
        {
          "name": "L A Schaupp"
        },
        {
          "name": "M Bodenlenz"
        },
        {
          "name": "R Sommer"
        },
        {
          "name": "A Wutte"
        },
        {
          "name": "B Semlitsch"
        },
        {
          "name": "L J Chassin"
        },
        {
          "name": "M Wilinska"
        },
        {
          "name": "R Hovorka"
        },
        {
          "name": "P Wach"
        },
        {
          "name": "T R Pieber"
        }
      ],
      "host": {
        "title": "Diabetes",
        "author": [],
        "volume": "51"
      }
    },
    {
      "title": "Glycaemic control in pancreatectomized dogs with a wearable artificial endocrine pancreas",
      "author": [
        {
          "name": "M Shichiri"
        },
        {
          "name": "R Kawamori"
        },
        {
          "name": "Y Goriya"
        },
        {
          "name": "Y Yamasaki"
        },
        {
          "name": "M Nomura"
        },
        {
          "name": "N Hakui"
        },
        {
          "name": "H Abe"
        }
      ],
      "host": {
        "title": "Diabetologia",
        "author": [],
        "volume": "24"
      }
    },
    {
      "title": "Enhanced, simplified glucose sensors: long-term clinical application of wearable artificial endocrine pancreas",
      "author": [
        {
          "name": "M Shichiri"
        },
        {
          "name": "M Sakakida"
        },
        {
          "name": "K Nishida"
        },
        {
          "name": "S Shimoda"
        }
      ],
      "host": {
        "title": "Artif. Organs",
        "author": [],
        "volume": "22"
      }
    },
    {
      "title": "Closed-loop subcutaneous insulin infusion algorithm with a short-acting insulin analog for long-term clinical application of a wearable artificial endocrine pancreas",
      "author": [
        {
          "name": "S Shimoda"
        },
        {
          "name": "K Nishida"
        },
        {
          "name": "M Sakakida"
        },
        {
          "name": "Y Konno"
        },
        {
          "name": "K Ichinose"
        },
        {
          "name": "M Uehara"
        },
        {
          "name": "T Nowak"
        },
        {
          "name": "M Shichiri"
        }
      ],
      "host": {
        "title": "Front. Med. Biol. Eng.",
        "author": [],
        "volume": "8"
      }
    },
    {
      "title": "An optimal control model of diabetes mellitus",
      "author": [
        {
          "name": "G W Swan"
        }
      ],
      "host": {
        "title": "Bull. Math. Biol.",
        "author": [],
        "volume": "44"
      }
    },
    {
      "title": "Neural predictive controller for insulin delivery using the subcutaneous route",
      "author": [
        {
          "name": "Z Trajanoski"
        },
        {
          "name": "P Wach"
        }
      ],
      "host": {
        "title": "IEEE Trans. Biomed. Eng.",
        "author": [],
        "volume": "45"
      }
    },
    {
      "title": "Circadian modulation of glucose and insulin responses to mealsrelationship to cortisol rhythm",
      "author": [
        {
          "name": "E V Van Cauter"
        },
        {
          "name": "E T Shapiro"
        },
        {
          "name": "H Tillil"
        },
        {
          "name": "K S Polonsky"
        }
      ],
      "host": {
        "title": "Am. J. Physiol.",
        "author": [],
        "volume": "262"
      }
    }
  ],
  "fulltext": "INSTITUTE OF PHYSICS PUBLISHING Physiol. Meas. 25 (2004) 905–920  PHYSIOLOGICAL MEASUREMENT PII: S0967-3334(04)80244-2  Nonlinear model predictive control of glucose concentration in subjects with type 1 diabetes Roman Hovorka1, Valentina Canonico3, Ludovic J Chassin1, Ulrich Haueter2, Massimo Massi-Benedetti3, Marco Orsini Federici3, Thomas R Pieber4, Helga C Schaller4, Lukas Schaupp4, Thomas Vering2 and Malgorzata E Wilinska1 1 Diabetes Modelling Group, Department of Paediatrics, University of Cambridge, Box 116, Addenbrooke’s Hospital, Hills Road, Cambridge CB2 2QQ, UK 2 Disetronic Medical Systems AG, Burgdorf, Switzerland 3 University of Perugia, Perugia, Italy 4 University of Graz, Graz, Austria  E-mail: r.hovorka@uk.avecho.com, ljc45@cam.ac.uk, mew37@medschl.cam.ac.uk, ulrich.haueter@roche.ch, thomas.vering@roche.ch, massi@unipg.it, orsini@dimisem.med.unipg.it, canonico@dimisem.med.unipg.it, thomas.pieber@kfunigraz.ac.at, schaller@microperfusion.at and schaupp@microperfusion.at  Received 6 May 2004, accepted for publication 17 June 2004 Published 22 July 2004 Online at stacks.iop.org/PM/25/905 doi:10.1088/0967-3334/25/4/010  Abstract A nonlinear model predictive controller has been developed to maintain normoglycemia in subjects with type 1 diabetes during fasting conditions such as during overnight fast. The controller employs a compartment model, which represents the glucoregulatory system and includes submodels representing absorption of subcutaneously administered short-acting insulin Lispro and gut absorption. The controller uses Bayesian parameter estimation to determine time-varying model parameters. Moving target trajectory facilitates slow, controlled normalization of elevated glucose levels and faster normalization of low glucose values. The predictive capabilities of the model have been evaluated using data from 15 clinical experiments in subjects with type 1 diabetes. The experiments employed intravenous glucose sampling (every 15 min) and subcutaneous infusion of insulin Lispro by insulin pump (modiﬁed also every 15 min). The model gave glucose predictions with a mean square error proportionally related to the prediction horizon with the value of 0.2 mmol L−1 per 15 min. The assessment of clinical utility of model-based glucose predictions using Clarke error grid analysis gave 95% of values in zone A and the remaining 5% of values in zone B for glucose predictions up to 60 min (n = 1674). In conclusion, adaptive nonlinear model predictive control is  0967-3334/04/040905+16$30.00 © 2004 IOP Publishing Ltd Printed in the UK  905  906  R Hovorka et al  promising for the control of glucose concentration during fasting conditions in subjects with type 1 diabetes. Keywords: nonlinear control, compartment modeling, Bayesian estimation 1. Introduction The ‘artiﬁcial endocrine pancreas’ has been the subject of extensive research since the 1970s. The ﬁrst generation of control approaches was designed for intravenous glucose sampling and intravenous insulin infusion. The initial work was carried out independently by Albisser et al (1974) and Pfeiffer et al (1974) developing the glucose controlled insulin infusion system (GCIIS) leading to the development of ‘Biostator’ (Clemens et al 1977). In terms of titration algorithms, insulin infusion was linked to the rate of glucose change by Albisser et al (1974). The development of advanced algorithms followed (Fischer et al 1990, Fisher and Teo 1989, Kienitz and Yoneyama 1993, Ollerton 1989, Salzsieder et al 1985, Shichiri et al 1983, Swan 1982). A good review of control algorithms based on intravenous insulin delivery is by Parker et al (2001). The subcutaneous delivery of insulin is less invasive than the intravenous insulin delivery and suitable for use with a wearable extracorporal artiﬁcial pancreas. However, it has been well recognized that subcutaneous insulin delivery poses problems to efﬁcient glucose control due to the additional delay associated with the absorption of subcutaneously infused insulin (Cobelli and Mari 1985) and only with the availability of short-acting insulin (Howey et al 1994) could the next generation of control algorithms have been developed (Brunetti et al 1993, Candas and Radziuk 1994, Shichiri et al 1998, Shimoda et al 1997, Trajanoski and Wach 1998). The model predictive control (MPC) (Camacho and Bordons 1999) is an emerging methodology to facilitate control of systems with long time delays and open loop characteristics. When combined with adaptive capabilities, it promises to tackle successfully problems such as the control of glucose concentrations in subjects with type 1 diabetes. Model predictive control has been at the forefront of recent research endeavors with contributions, for example, by Parker et al (1999) and Lynch and Bequette (2001). It is within this context that a model predictive controller for use with subcutaneous insulin infusion has been developed with the aim of facilitating control during fasting conditions, such as during overnight fast, with ‘infrequent’ sampling, i.e. a sample taken every 15 min. This is in recognition that the wearable pancreas may adopt a minimally invasive glucose sensor with a discrete sampling technique and that a combination of a closed-loop control during fasting conditions with open loop characteristics during meals (specifying manually meal related insulin bolus) is a realistic way forward. The controller employs a novel nonlinear model of glucose kinetics based on a detailed double-tracer study by Hovorka et al (2002) and adopts Bayesian parameter estimation to facilitate adaptive behavior. In the following sections, we ﬁrst describe the underlying glucoregulatory model, then the control strategy, and ﬁnally the evaluation focusing on the predictive accuracy of the model. 2. Model of glucose and insulin kinetics 2.1. Introduction The glucoregulatory model represents the input–output relationship between subcutaneous insulin infusion as input and intravenous glucose concentration as output. Meal ingestion and  Controlling glucose  907  gut G=Q1/VG absorption UG  EGP0  Q1  k12  Q2  Fc01Q1/(GVG)-FR  ka1  insulin absorption UI /VI  ka2  I  x1  kb2 x2  ke ka3  kb1  kb3 x3  Figure 1. Compartment model of glucose–insulin system. Q1 and Q2 represent masses in accessible (plasma) and non-accessible compartments, I represents plasma insulin, xi represent insulin action on glucose transport, disposal and endogenous glucose production. For more details, see the text.  intravenous glucose infusion represent additional inputs (the latter applicable during clinical studies to recover from hypoglycemia). The model outline is shown in ﬁgure 1. The model consists of a glucose subsystem (glucose absorption, distribution and disposal), an insulin subsystem (insulin absorption, distribution, disposal) and an insulin action subsystem (insulin action on glucose transport, disposal and endogenous production). The model builds on recent experimental and modeling work, which employed glucose tracers to determine structure and parameter values of glucose kinetics in normal subjects during basal conditions and during the intravenous glucose tolerance test (Hovorka et al 2002). 2.2. Glucose subsystem At the heart of the model is a two-compartment representation of glucose kinetics c F01 dQ1 (t) =− + x1 (t) Q1 (t) + k12 Q2 (t) − FR + UG (t) + EGP0 [1 − x3 (t)] dt VG G(t) (1) dQ2 (t) = x1 (t)Q1 (t) − [k12 + x2 (t)]Q2 (t)y(t)G(t) = Q1 (t)/VG dt where Q1 and Q2 represent the masses of glucose in the accessible (where measurements are made) and non-accessible compartments, k12 represents the transfer rate constant from the non-accessible to the accessible compartment, VG represents the distribution volume of the accessible compartment, y and G is the (measurable) glucose concentration, and EGP0 represents endogenous glucose production (EGP) extrapolated to the zero insulin concentration.  908  R Hovorka et al  c F01 is the total non-insulin-dependent glucose ﬂux corrected for the ambient glucose concentration if G 4.5 mmol L−1 F01 c (2) F01 = F01 G/4.5 otherwise.  FR is the renal glucose clearance above the glucose threshold of 9 mmol L−1 if G 9 mmol L−1 0.003(G − 9)VG (3) FR = 0 otherwise. Glucose absorption is a fundamental process affecting postprandial glucose excursions. In our model, the gut absorption rate UG is represented by a two-compartment chain with identical transfer rates 1/tmax,G DG AG t e−t/tmax,G UG (t) = (4) 2 tmax,G where tmax,G is the time-of-maximum appearance rate of glucose in the accessible glucose compartment, DG is the amount of carbohydrates digested, and AG is carbohydrate bioavailability. 2.3. Insulin subsystem Insulin absorption is described as S1 (t) S1 (t) S2 (t) dS1 (t) dS2 (t) = u(t) − = − (5) dt tmax,I dt tmax,I tmax,I where S1 and S2 are a two-compartment chain representing absorption of subcutaneously administered short-acting (e.g. Lispro) insulin, u(t) represents administration (bolus and infusion) of insulin, and tmax,I is the time-to-maximum insulin absorption. The insulin absorption rate (appearance of insulin in plasma) is obtained as UI = S2 (t)/t max,I. The plasma insulin concentration I(t) is described as UI (t) dI (t) = − ke I (t) (6) dt VI where ke is the fractional elimination rate and VI is the distribution volume. 2.4. Insulin action subsystem The model represents three actions of insulin on glucose kinetics dx1 = −ka1 x1 (t) + kb1 I (t) dt dx2 = −ka2 x2 (t) + kb2 I (t) (7) dt dx3 = −ka3 x3 (t) + kb3 I (t) dt where x1, x2 and x3 represent the (remote) effects of insulin on glucose distribution/transport, glucose disposal and endogenous glucose production (Hovorka et al 2002); kai, i = 1, . . . , 3, represent deactivation rate constants, and kbi, i = 1, . . . , 3, represent activation rate constants. 2.5. Model constants and parameters Model quantities were divided into model constants and model parameters with the objective to reduce the number of parameters while retaining the ability to represent the wide range of glucose excursions seen in subjects with type 1 diabetes during physiological conditions.  Controlling glucose  909  Table 1. Model constants. Symbol k12 ka1 ka2 ka3 ke VI VG AG tmax,G  Quantity  Value  Transfer rate Deactivation rate Deactivation rate Deactivation rate Insulin elimination from plasma Insulin distribution volume Glucose distribution volume Carbohydrate (CHO) bioavailability Time-to-maximum of CHO absorption  Source min−1  0.066 0.006 min−1 0.06 min−1 0.03 min−1 0.138 min−1 0.12 L kg−1 0.16 L kg−1 0.8 (unitless) 40 min  Hovorka et al 2002 Hovorka et al 2002 Hovorka et al 2002 Hovorka et al 2002 Hovorka et al 1993 Hovorka et al 1993 Hovorka et al 2002 Livesey et al 1998 Livesey et al 1998  Table 2. Model parameters. Symbol ∗S f b IT ∗S f b ID ∗S f b IE  EGP0 F01 tmax,I  a b  Quantity  Valuea  Source  Insulin sensitivity of distribution/ transport  51.2 × 10−4 min−1 per mU L−1  Hovorka et al 2002  Insulin sensitivity of disposal  8.2 × 10−4 min−1 per mU L−1  Hovorka et al 2002  Insulin sensitivity of EGP EGP extrapolated to zero insulin concentration Non-insulin-dependent glucose ﬂux Time-to-maximum of absorption of subcutaneously injected short-acting insulin  10−4  L−1  520 × per mU 0.0161 mmol kg−1 min−1  Hovorka et al 2002 Hovorka et al 2002  0.0097 mmol kg−1 min−1 55 min  Hovorka et al 2002 Howey et al 1994, Rave et al 1999  Mean value of the parameter for the purpose of Bayesian parameter estimation. f f f Alternative parameterization ∗SI T = kb1 /ka1 , ∗SI D = kb2 /ka2 and ∗SI E = kb3 /ka3 .  Generally, constants were those quantities which (i) were not a priori identiﬁable (Carson et al 1983) or (ii) were unlikely to be identiﬁable from the data (a posteriori non-identiﬁability). Table 1 lists model constants and table 2 model parameters. 2.6. Sources of nonlinearity Nonlinearity of the model arises primarily due to the insulin action on parameters of glucose production, glucose distribution/transport and glucose disposal. This is further confounded by the zero-order glucose disposal representing insulin-independent glucose utilization. Under fasting conditions, insulin exerts relatively little control over glucose disposal. Model-based results from healthy subjects indicate that insulin-dependent glucose uptake is about 13% of the total glucose turnover (Hovorka et al 2002) further supported by modelindependent measurements (Best et al 1981). At basal conditions, non-insulin-dependent glucose uptake dominates. This is in agreement with studies showing that acute suppression of basal insulin levels has only limited effect on whole-body glucose utilization (<20%, Del Prato et al 1995, Edelman et al 1990). The relative ‘unimportance’ of insulin-dependent disposal at basal insulin results in nonlinearity of insulin action in the periphery. Modelbased calculations show that raising basal insulin by 50% results in a 50% increment in insulin-dependent glucose uptake but this increases whole body glucose disposal by only about 7% (Hovorka et al 2002). However, when insulin-dependent disposal dominates such as at postprandial conditions (plasma insulin >50 mU L−1) insulin has a nearly proportional effect on whole-body glucose disposal.  910  R Hovorka et al  u(t)  u(t+k|t)  ^ y(t+k|t)  y(t) prediction horizon N  t-1  t  t+1  t+k  t+N  Figure 2. Strategy of model predictive control.  Another source of nonlinearity of insulin action results from the difference in the activation/deactivation proﬁle of the three insulin actions. Insulin activates/deactivates peripheral disposal and EGP quickly (deactivation halftime of about 30 min) whereas glucose distribution/transport is activated/deactivated slowly (deactivation halftime of about 200 min) (Hovorka et al 2002). Under fasting conditions, when insulin controls plasma glucose primarily by suppressing EGP, the effect of insulin action will be faster and the action will dissipate also faster than under postprandial conditions when the distribution/transport pathway contributes to glucose control and the attainment/dissipation of the action will take longer. 3. Nonlinear model predictive control with parameter estimation 3.1. Overview The strategy of model predictive control is shown in ﬁgure 2 (Camacho and Bordons 1999). Based on a model, the output trajectory y(t + k|t), k = 1, . . . , N, is estimated for any given control sequence u(t + k|t) over a prediction horizon N. The model primary use is to determine the optimum control sequence, which results in a desired (target) trajectory. The MPC controller used the nonlinear model speciﬁed by (1)–(7). Linearization around the operating point was considered undesirable, see discussion about the sources and the extent of nonlinearity. The full model was retained. The block diagram of the controller is shown in ﬁgure 3. The controller includes the following components: parameter optimizer, target projector, dose optimizer and safety schemes 1–4. It is known that parameters of the glucoregulatory system differ considerably between subjects (Bergman et al 1989) and also exhibit diurnal variations (Lee et al 1992, Van Cauter et al 1992) although exact quantiﬁcation of the variation (amplitude and frequency) within a subject is yet to be determined. In recognition of the variation between and within subjects, the controller adapts itself to the changing environment. This is carried out by re-estimating parameters at each control step, see section on Bayesian parameter estimation. The parameter optimizer estimates model parameters employing glucose measurements from a ‘learning window’, i.e. a time period immediately preceding the control time. Three lengths of the learning window are predeﬁned, short, medium and long, to be able to deal with both a time-invariant (or slowly varying) underlying system, which is best identiﬁed  Controlling glucose  Learning Window  Parameter Optimizer  911  Target Projector  Target Trajectory Individual Parameters  Dose Optimizer  Switch  SC Insulin Switch Infusion  Type 1 Diabetes Subject  Glucose measurement  Model  Model  Minimum Dose  Basal Dose Calculated Basal Dose  Safety Scheme 1  Safety Scheme 2-4  Figure 3. Block diagram of the model predictive algorithm.  over a long learning window, and a time-variant system best identiﬁed over a shorter learning window. The target projector calculates target trajectory, i.e. the desired glucose proﬁle. The dose optimizer calculates a sequence of insulin infusion rates, which gives best ﬁt to the target trajectory. From this sequence, the ﬁrst element is returned and is suggested to be infused by the insulin pump. The remaining elements in the sequence are discarded. The dose optimizer adopts nonlinear function minimization as the underlying model is nonlinear. Control systems must be able to cope with exceptional circumstances (Goriya et al 1988). Safety schemes 1–4 protect against system failures and minimize the risk of insulin overdosing and subsequent hypoglycemia. The controller receives glucose measurements every 15 min and calculates the insulin infusion rate also every 15 min although, in principle, other sampling/control frequencies, equidistant or non-equidistant, are possible without changes to the controller design. The calculated insulin infusion rate is administered as a constant insulin infusion over the 15 min window. 3.2. Bayesian parameter estimation The model parameters (see table 2) are estimated using the Bayesian approach to avoid problems with posterior identiﬁability. f f f The prior multivariate log normal distribution for parameters ∗SI T , ∗SI D , ∗SI E , F01 and EGP0 was obtained from the study by Hovorka et al (2002). For the sake of a simpler implementation and numerical stability of the optimization, the multivariate normal distribution was expressed as a linear combination of ﬁve univariate independent normal distributions with a zero mean and a unit standard deviation, pi ∼ N(0, 1), i = 1, . . . , 5, ∗ f  ln S I T = a11 p1 + b1 ∗ f  ln S I D = a12 p1 + a22 p2 + b2 ∗ f  ln S I E = a13 p1 + a23 p2 + a33 p3 + b3 ln(F 01 ) = a14 p1 + a24 p2 + a34 p3 + a44 p4 + b4 ln(EGP0 ) = a15 p1 + a25 p2 + a35 p3 + a45 p4 + a55 p5 + b5 . The random variable transformation technique was adopted to derive coefﬁcients aij and bi.  912  R Hovorka et al  plasma glucose (mmol/L)  16 14 12 10 8 6 4 2 0 t+0  t+60  t+120  t+180  t+240  t+300  t+360  time (min)  Figure 4. Moving target trajectories associated with high and low glucose concentrations. At glucose concentration > 8 mmol L−1, the trajectory linearly decreases at a rate of 2 mmol L−1 per hour; at 6 mmol L−1 < glucose 8 mmol L−1, the linear decrease is 1 mmol L−1 per hour. If glucose < 6 mmol L−1, the trajectory exponentially increases with a halftime of 15 min.  The log normal prior of the remaining parameter tmax,I was obtained from literature sources (Howey et al 1994, Livesey et al 1998) and was again standardized for the purposes of numerical stability and simpler implementation. The objective function at time t includes a weighted sum of squares of residuals and a penalty due to the distance from prior distributions (the latter collapses into the sum of squares of standardized parameter values due to standardization of random variables) NW −2.5 p1 ···p6 2.5  6  ˆ wt−i [y(t − i|p1 · · · p6 ) − y(t − i)]2 +  arg min i=1  2 pk  (8)  k=1  where wi is the weight reciprocal to the square of the measurement error (coefﬁcient of variation ˆ of 2–9% depending on the source of glucose sample), y(i|p1 · · · p6 ) is model predicted glucose concentration at time i given standardized parameters p1 , . . . , p6 , and NW is the length of the learning window. A running internal assessment of predictive accuracy determines which learning window of 2, 4, or 12 h is to be used. 3.3. Target trajectory The target trajectory is generated at each time step (see ﬁgure 4), using as the starting point the measured glucose concentration y(t), or if that is not available, the model estimated glucose ˆ concentration y(t|p1 · · · p6 ). The target glucose concentration is 6 mmol L−1. When starting above the target value, the target trajectory is linearly declining with a maximum decrease set to a conservative value of 2 mmol L−1 per hour to reduce the risk of undershoot. When starting below the target trajectory, a faster exponential normalization of glucose values is speciﬁed reﬂecting the need to recover faster from low glucose values. 3.4. Calculating insulin infusion rate The control action is the ﬁrst insulin infusion rate u(t + 1) of a control sequence u(t + 1) · · · u(t + N ), which is calculated by minimizing an objective function composed  Controlling glucose  913  ˆ of two components, (i) the adherence of the predicted glucose y(t + i|t) to the target trajectory y(t + i) and (ii) the variation in the control sequence N  ˆ [y(t + i|t) − y(t + i)]2 +  arg min 0 u(t+1)···u(t+N) 4  i=1  1 kagr  N  [u(t + i) − u(t + i − 1)]2  (9)  i=1  where kagr is an ‘aggressiveness’ constant balancing the contribution of the two components. The prediction horizon N extends over 4 h representing the duration of action of subcutaneously injected short-acting insulin Lispro. The insulin infusion rate is limited to u(t) 4 U h−1 due to technical limitations of insulin pumps. The aggressiveness constant kagr was determined by assessing safety (the number of hypoglycemia events) and efﬁcacy (e.g. the settling time) during simulation tests with a glucose simulator. The aim was to limit the number of hypoglycemia events while attaining good efﬁcacy (fasting glucose close to the target level). We selected a value of kagr which gave hypoglycemia events (glucose < 3.3 mmol L−1) in less than 5% out of 36 simulated cases and resulted in a mean fasting glucose of around 6 mmol L−1. 3.5. Safety schemes Four safety schemes are implemented, which override the model-based calculations of the insulin infusion rate. The description of these is beyond the scope of the present paper. 3.6. Implementation The minimization of (8) and (9) was achieved using the Marquardt algorithm (Marquardt 1963) with the maximum number of iterations set arbitrarily at 50 to limit the run time. Normally, the convergence was achieved within 5 to 30 iterations. An informal investigation using a higher maximum number of iterations did not document an improvement in the performance of the controller. The current version of MPC was implemented in Microsoft Visual C++ and runs both on a PC (MS Windows NT/98/2000) and a PDA (MS PocketPC). The computational time for a PC (x86 400 MHz) is <5 s and <45 s for PocketPC (iPAQ, Compaq). The PC version of MPC was used in evaluation studies. 4. Evaluation 4.1. Simulation tests The performance of MPC has been extensively evaluated by simulation tests using a specialized methodology for evaluating glucose controllers (Chassin et al 2004). These tests also enabled the system to be tuned prior to real clinical evaluation and suggested acceptable clinical performance (Chassin and Hovorka 2001). Sample evaluation using the simulator is shown in ﬁgure 5. 4.2. Clinical experiments The system was evaluated in 15 clinical experiments in 10 subjects with type 1 diabetes over an 8–10 h period during fasting conditions. Five subjects participated on two occasions. A representative clinical experiment is shown in ﬁgure 6. Detailed evaluation of clinical tests is outside the scope of this document. In a proof-of-concept, six type 1 diabetes subjects  914  R Hovorka et al  plasma glucose (mmol/L)  14 3  12 10 8  2  6 1  4  insulin infusion rate (U/h)  4  16  2 0  0 0  90  180  270  360  450  540  630  720  time (min) Figure 5. Sample performance of MPC during a simulation test. At time 0 min, the synthetic type 1 diabetes subject had a meal and received insulin bolus. At 180 min (vertical bar), glucose was artiﬁcially raised to 11 mmol L−1 and the subcutaneous insulin infusion was initiated. MPC calculated the infusion rate every 15 min using intravenous glucose measurements taken also every 15 min.  plasma glucose (mmol/L)  14 3  12 10 8  2  6 4  1  insulin infusion rate (U/h)  4  16  2 0  0 0  90  180  270  360  450  540  630  time (min) Figure 6. Sample performance of MPC during a clinical test in a male subject with type 1 diabetes (age 59 yr, weight 82 kg, basal insulin dose 27 U/day, HbA1C 8.3%). At time 0 min, subject had a standardized meal (40 g CHO) and received insulin bolus of 6 U. After 180 min of constant insulin infusion, MPC took over the control of the insulin delivery (vertical bar) with sample/control every 15 min.  were controlled over 8 h following a 3 h monitoring period after meal ingestion. The mean glucose concentration was 6.0, 5.8 and 6.3 mmol L−1 in the period 2–4 h, 4–6 h and 6–8 h after the start of the control with a decreasing standard deviation of 1.0, 0.6 and 0.4 mmol L−1, respectively. The algorithm was able to achieve and maintain normoglycemia even in the presence of a 30 min delay in glucose measurements mimicking subcutaneous glucose sampling, presenting similar results to those obtained without the measurement delay (Schaller et al 2002).  915  45 40 35 30 25 20 6 5 4 3 2 1 450 400 350 300 250 200 150 165 160 155 150 145 140 135 110 108 106 104 102 100 98 96 94 62 60 58 56 54 52 50 48 46 180  tmax,I  F01  EGP0  f  *S IE  f  *S ID  *SfIT  Controlling glucose  270  360  450  540  630  time (min) Figure 7. Trace of model parameters estimated by MPC during sample performance shown f f f in ﬁgure 6. The units are as follows: ∗SI T and ∗SI D (10−4 min−1 per mU L−1), ∗SI E (10−4 per mU L−1), EGP0 and F01 (µmol−1 kg−1 min−1), and tmax,I (min).  Figure 7 demonstrates the adaptive capabilities of the controller by plotting the timeevolving model parameters in a clinical experiment shown in ﬁgure 6. Figure 7 shows that insulin sensitivities are increasing up to 6 1 h postmeal and achieve values about two-fold 2 higher than those at 3 h postmeal. The remaining three parameters also change but the extent of the change is not as striking as when considering insulin sensitivities and the values depart not more than 15% from the population mean. An example of a study with the measurement delay is shown in ﬁgure 8. The 30 min delay represents a ‘worst’ case scenario and is obtained by adding a physiological delay and a technical delay. The former results from the properties of glucose transport from plasma into the interstitial ﬂuid and is reported to be about 10–15 min although this is still a matter of discussion (Moberg et al 1997). The latter 5–10 min delay results from the dead space of the cannula transporting interstitial ﬂuid from the sampling site to the extracorporally positioned glucose sensor. This latter delay is not present when using implantable glucose sensors such as Continuing Glucose Monitoring System (Minimed, Slymar, CA).  916  R Hovorka et al  plasma glucose (mmol/L)  14 3  12 10  2  8 6  1  4  insulin infusion rate (U/h)  4  16  2 0  0 0  90  180  270  360  450  540  630  time (min) Figure 8. Sample performance of MPC during another clinical test with the same initial conditions and in the same subject as in ﬁgure 6. On this occasion, however, glucose concentrations were presented to MPC with a (known) 30 min delay to simulate the measurement delay between plasma and interstitial glucose.  4.3. Model predictive accuracy Major effort has been dedicated to assess prediction accuracy of the model. For this purpose, data were used from 15 clinical experiments originally designed to test MPC performance. Model-based predictions for prediction horizons from 15 to 240 min were compared with measured glucose values and the root mean square error (RMSE) was calculated. In total 5256 measured–predicted glucose pairs were obtained. Prediction accuracy was evaluated for glucose values starting 240 min after food ingestion to avoid the effect of glucose absorption and to have sufﬁcient data to learn individual parameters. On average, RMSE increased proportionally by 0.2 mmol L−1 per 15 min of the prediction horizon. This means that the error associated with predicting 30 min ahead is comparable to a measurement error with a CV of 8% (assuming a glucose concentration of 6 mmol L−1). This implies good accuracy for up to 60–90 min prediction horizon and explains why MPC is able to work well in the presence of the delay in glucose measurements. Clinical utility of the predictions was further assessed using the Clarke error grid analysis (Clarke et al 1987), which assigns pairs of estimated–true glucose concentrations into zones A to E. Zone A implies that correct insulin treatment can be initiated using the estimated glucose concentration. Adjacent zones have progressively lower clinical utility with zone E leading to incorrect (opposite in trend) and potentially dangerous insulin treatment. Figure 9 shows results for prediction horizon up to 60 min. The majority of points lie in zone A and the remaining in zone B. Prediction horizon up to 240 min (5256 data pairs) gave 66% of pairs in zone A, 33% in zone B, 1% in zone C and 0.1% in zone E. 5. Discussion The present study describes the development of a nonlinear model predictive controller to achieve and maintain normoglycemia in subjects with type 1 diabetes during fasting conditions. The aim of the controller is to control safely glucose during the night allowing a subject with type 1 diabetes to start the day in normoglycemic conditions.  Controlling glucose  917 16  A  C 14  E A  Predicted BG (mmol/L)  12  B 10  8  D  D B  6  4  E  2  C 0 0  2  4  6  8  10  12  14  16  Measured BG (mmol/L)  Figure 9. The Clarke error grid analysis for prediction horizon 15–60 min. Data from 15 clinical experiments gave 1674 data pairs with 95% of pairs in zone A and the remaining 5% in zone B.  The controller adopts a nonlinear model of the glucoregulatory system. The novelty of the approach is that model parameters are repeatedly estimated using the Bayesian approach avoiding problems associated with posterior identiﬁability. This allows adaptation both to a particular subject and to the time-varying characteristics of the glucoregulatory system. The underlying system is characterized by a long time delay of over 90 min between insulin delivery and its peak action, which results from the superposition of delays associated with insulin absorption from the subcutaneous depot and the duration of insulin action (so-called remote insulin). These difﬁcult conditions promote MPC to be a suitable strategy to approach the problem. MPC also allows for open loop inputs such as meals, manual insulin input, or exercise (after a suitable representation in the model), which could be entered by a subject with type 1 diabetes acting in the supervisory mode. In both simulation and clinical experiments the controller commenced its operation in postprandial conditions, normally three hours or earlier following meal ingestion and prandial bolus delivery. The information about the meal content in terms of grams of CHO, and the size of the prandial bolus were presented to the controller, which utilized this information by employing the submodel of insulin absorption, see (5), and the submodel of gut absorption, see (4), to generate a gut absorption rate and an insulin absorption rate, respectively. The controller uses this meal-related information as it has a considerable effect on glucose excursions for up to 6 h postmeal. Important for the present application is the use of informative prior distribution of parameters. The prior distribution speciﬁes the mean and standard deviation of and correlation among parameters. The parameter estimation process relies on the prior distribution to achieve posterior identiﬁability at situations with limited system dynamics and/or short learning periods. Linearization would require recalculation of the prior distribution at each operating point with an unclear effect on the parameter estimation process and subsequently on the controller performance.  918  R Hovorka et al  Nonlinear MPC has become a ﬁeld of intense research in response to users’ demands for higher performance. A number of approaches/applications have been developed (Balasubramhanya and Doyle 2000, Rangaiah et al 2002, Trajanoski and Wach 1998) considering also on-line implementation (Santos et al 2001). Nonlinear control is particularly suitable for medical applications where tolerances are small and predictive accuracy is of fundamental importance. Detailed evaluation of MPC performance during clinical tests is beyond the scope of the present study. The evaluation of predictive accuracy has shown that the model is able to predict plasma glucose up to 60 min ahead with an error comparable to the measurement error. The results for predicting 60 min ahead are excellent with predicting 120 min ahead still clinically good. This good predictive accuracy is a necessary condition for good performance of the controller. The Clarke error grid analysis also supports the clinical utility of the predictions over a wide range of glucose concentrations. An extracorporal biomechanical portable artiﬁcial pancreas will most likely use a glucose sensor measuring interstitial (subcutaneous) glucose, which will further extend system delays. The predictive accuracy of the present controller appears to be sufﬁcient to cope with this additional obstacle to the control of glucose concentration. The pilot tests and also simulation tests have shown that the controller has to recognize special conditions and recover from them. For this purpose, the four safety schemes have been implemented with the aim of preventing serious hypoglycemia events resulting from insulin overdosing. Hypoglycemia is potentially a life-threatening condition and occurs more often during intensiﬁed insulin therapy. Thus every means needs to be employed to facilitate the prevention. 6. Conclusions Nonlinear model predictive control with adaptive capabilities is well suited to control glucose concentration during fasting conditions in subjects with type 1 diabetes mellitus. Good predictive accuracy of the internal nonlinear model suggests that this approach is suitable for use with subcutaneous glucose sampling and subcutaneous insulin infusion. Acknowledgment This work was supported by the 5th EC Framework Programme under grant no IST-199914027 (ADICOL). References Albisser A M, Leibel B S, Ewart T G, Davidovac Z, Botz C K and Zingg W 1974 An artiﬁcial endocrine pancreas Diabetes 23 389–404 Balasubramhanya L S and Doyle F J 2000 Nonlinear model-based control of a batch reactive distillation column J. Process Control 10 209–18 Bergman R N, Hope I D, Yang Y J, Watanabe R M, Meador M A, Youn J H and Ader M 1989 Assessment of insulin sensitivity in vivo: a critical review Diabetes/Metab. Rev. 5 411–29 Best J D, Taborsky G J, Halter J B and Porte D Jr 1981 Glucose disposal is not proportional to plasma glucose level in man Diabetes 30 847–50 Brunetti P, Cobelli C, Cruciani P, Fabietti P G, Filippucci F, Santeusanio F and Sarti E 1993 A simulation study on a self-tuning portable controller of blood glucose Int. J. Artif. Organs 16 51–7 Camacho E F and Bordons C 1999 Model Predictive Control (Berlin: Springer) Candas B and Radziuk J 1994 An adaptive plasma glucose controller based on a nonlinear insulin/glucose model IEEE Trans. Biomed. Eng. 41 116–24  Controlling glucose  919  Carson E R, Cobelli C and Finkelstein L 1983 The Mathematical Modeling of Metabolic and Endocrine Systems (New York: Wiley) Chassin L J and Hovorka R 2001 Closed-loop glucose control with IV glucose sampling and SC insulin infusion: evaluation by simulation studies Diabetologia 44 221 Chassin L J, Wilinska M E and Hovorka R 2004 Evaluation of glucose controllers in virtual environment: methodology and sample application Artif. Intell. Med. at press Clarke W L, Cox D, Gonderfrederick L A, Carter W and Pohl S L 1987 Evaluating clinical accuracy of systems for self-monitoring of blood-glucose Diabetes Care 10 622–8 Clemens A H, Chang P H and Myers R W 1977 The development of biostator, a glucose controlled insulin infusion system (GCIIS) Horm. Metab. Res. 23–33 Cobelli C and Mari A 1985 Control of diabetes with artiﬁcial systems for insulin delivery—algorithm independent limitations revealed by a modeling study IEEE Trans. Biomed. Eng. 32 840–5 Del Prato S, Riccio A, Vigili D K, Dorella M, Tiengo A and DeFronzo R A 1995 Basal plasma insulin levels exert a qualitative but not quantitative effect on glucose-mediated glucose uptake Am. J. Physiol. 268 E1089–95 Edelman S V, Laakso M, Wallace P, Brechtel G, Olefsky J M and Baron A D 1990 Kinetics of insulin-mediated and non-insulin-mediated glucose uptake in humans Diabetes 39 955–64 Fischer U, Salzsieder E, Freyse E J and Albrecht G 1990 Experimental validation of a glucose insulin control model to simulate patterns in glucose-turnover Comput. Methods Programs Biomed. 32 249–58 Fisher M E and Teo K L 1989 Optimal insulin infusion resulting from a mathematical model of blood glucose dynamics IEEE Trans. Biomed. Eng. 36 479–86 Goriya Y, Ueda N, Nao K, Yamasaki Y, Kawamori R, Shichiri M and Kamada T 1988 Fail-safe systems for the wearable artiﬁcial endocrine pancreas Int. J. Artif. Organs 11 482–6 Hovorka R, Powrie J K, Smith G D, Sonksen P H, Carson E R and Jones R H 1993 Five-compartment model of insulin kinetics and its use to investigate action of chloroquine in NIDDM Am. J. Physiol. 265 E162–75 Hovorka R, Shojaee-Moradie F, Carroll P V, Chassin L J, Gowrie I J, Jackson N C, Tudor R S, Umpleby A M and Jones R H 2002 Partitioning glucose distribution/transport, disposal, and endogenous production during IVGTT Am. J. Physiol. 282 E992–1007 Howey D C, Bowsher R R, Brunelle R L and Woodworth J R 1994 [Lys(B28), Pro(B29)]-human insulin A rapidly absorbed analogue of human insulin Diabetes 43 396–402 Kienitz K H and Yoneyama T 1993 A robust controller for insulin pumps based on H-inﬁnity theory IEEE Trans. Biomed. Eng. 40 1133–7 Lee A, Ader M, Bray G A and Bergman R N 1992 Diurnal variation in glucose tolerance Diabetes 41 750–9 Livesey G, Wilson P D, Dainty J R, Brown J C, Faulks R M, Roe M A, Newman T A, Eagles J, Mellon F A and Greenwood R H 1998 Simultaneous time-varying systemic appearance of oral and hepatic glucose in adults monitored with stable isotopes Am. J. Physiol. 275 E717–28 Lynch S M and Bequette B W 2001 Estimation-based model predictive control of blood glucose in type I diabetics: a simulation study Proc. IEEE 27th Annual Northeast Bioengineering Conf. pp 79–80 Marquardt D W 1963 An algorithm for least squares estimation of nonlinear parameters J. Soc. Ind. Appl. Math. 2 431–41 Moberg E, HagstromToft E, Arner P and Bolinder J 1997 Protracted glucose fall in subcutaneous adipose tissue and skeletal muscle compared with blood during insulin-induced hypoglycaemia Diabetologia 40 1320–6 Ollerton R L 1989 Application of optimal control theory to diabetes mellitus Int. J. Control 50 2503–22 Parker R S, Doyle F J and Peppas N A III 1999 A model-based algorithm for blood glucose control in type I diabetic patients IEEE Trans. Biomed. Eng. 46 148–57 Parker R S, Doyle F J and Peppas N A III 2001 The intravenous route to blood glucose control IEEE Eng. Med. Biol. Mag. 20 65–73 Pfeiffer E F, Thum C and Clemens A H 1974 The artiﬁcial beta cell—a continuous control of blood sugar by external regulation of insulin infusion (glucose controlled insulin infusion system) Horm. Metab. Res. 6 339–42 Rangaiah G P, Saha P and Tade M O 2002 Nonlinear model predictive control of an industrial four-stage evaporator system via simulation Chem. Eng. J. 87 285–99 Rave K, Heinemann L, Puhl L, Gudat U, Woodworth J R, Weyer C and Heise T 1999 Premixed formulations of insulin lispro. Activity proﬁles in type 1 diabetic patients Diabetes Care 22 865–6 Salzsieder E, Albrecht G, Fischer U and Freyse E J 1985 Kinetic modeling of the glucoregulatory system to improve insulin therapy IEEE Trans. Biomed. Eng. 32 846–55 Santos L O, Afonso P A F N, Castro J A A M, Oliveira N M C and Biegler L T 2001 On-line implementation of nonlinear MPC: an experimental case study Control Eng. Pract. 9 847–57 Schaller H C, Schaupp L A, Bodenlenz M, Sommer R, Wutte A, Semlitsch B, Chassin L J, Wilinska M, Hovorka R, Wach P and Pieber T R 2002 Feasibility of the SC-SC route for an extracorporeal artiﬁcial pancreas Diabetes 51 462  920  R Hovorka et al  Shichiri M, Kawamori R, Goriya Y, Yamasaki Y, Nomura M, Hakui N and Abe H 1983 Glycaemic control in pancreatectomized dogs with a wearable artiﬁcial endocrine pancreas Diabetologia 24 179–84 Shichiri M, Sakakida M, Nishida K and Shimoda S 1998 Enhanced, simpliﬁed glucose sensors: long-term clinical application of wearable artiﬁcial endocrine pancreas Artif. Organs 22 32–42 Shimoda S, Nishida K, Sakakida M, Konno Y, Ichinose K, Uehara M, Nowak T and Shichiri M 1997 Closed-loop subcutaneous insulin infusion algorithm with a short-acting insulin analog for long-term clinical application of a wearable artiﬁcial endocrine pancreas Front. Med. Biol. Eng. 8 197–211 Swan G W 1982 An optimal control model of diabetes mellitus Bull. Math. Biol. 44 793–808 Trajanoski Z and Wach P 1998 Neural predictive controller for insulin delivery using the subcutaneous route IEEE Trans. Biomed. Eng. 45 1122–34 Van Cauter E V, Shapiro E T, Tillil H and Polonsky K S 1992 Circadian modulation of glucose and insulin responses to meals—relationship to cortisol rhythm Am. J. Physiol. 262 E467–75  "
}