<?xml version="1.0" encoding="UTF-8"?>
<!--Version 0.1 générée le 31-01-2018-->
<TEI xmlns="http://www.tei-c.org/ns/1.0"
     xmlns:xsi="http://www.w3.org/2001/XMLSchema-instance"
     xsi:noNamespaceSchemaLocation="https://istex.github.io/odd-istex/out/istex.xsd"
     xml:lang="fr">
   <teiHeader>
      <fileDesc>
         <titleStmt>
            <title level="a" type="main">Clinically Relevant Efficacy of Insulin Therapy in Patients
          with Type 2 Diabetes</title>
         </titleStmt>
         <publicationStmt>
            <authority>ISTEX</authority>
            <publisher>EDP Sciences</publisher>
            <date when="2013">2013</date>
            <availability>
               <licence>© 2013 Société Française de Pharmacologie et de
          Thérapeutique</licence>
               <p>Société Française de Pharmacologie et de Thérapeutique</p>
            </availability>
         </publicationStmt>
         <notesStmt>
            <note type="content-type"
                  source="research-article"
                  scheme="https://content-type.data.istex.fr/ark:/67375/XTP-7474895G-0">research-article</note>
            <note type="publication-type"
                  scheme="https://publication-type.data.istex.fr/ark:/67375/JMC-0GLKJH51-B">journal</note>
         </notesStmt>
         <sourceDesc>
            <biblStruct type="article">
               <analytic>
                  <title level="a" type="main" xml:lang="fr">Clinically Relevant Efficacy of Insulin Therapy in Patients
          with Type 2 Diabetes</title>
                  <title level="a" type="alt" xml:lang="en">Efficacité cliniquement pertinente de l’insulino-thérapie chez les patients
            diabétiques de type 2</title>
                  <author xml:id="author-0000" role="corresp">
                     <persName>
                        <surname>Boussageon</surname>
                        <forename type="first">Rémy</forename>
                     </persName>
                     <affiliation>
                        <orgName type="institution">Faculty of PoitiersDepartment of General Practice</orgName>
                        <address>
                           <settlement>Poitiers</settlement>
                           <country key="FR">France</country>
                        </address>
                     </affiliation>
                     <email>remy.boussageon2@wanadoo.fr</email>
                  </author>
                  <author xml:id="author-0001">
                     <persName>
                        <surname>Gamble</surname>
                        <forename type="first">John-Michael</forename>
                     </persName>
                     <affiliation>
                        <orgName type="institution">School of Pharmacy, Memorial University of Newfoundland</orgName>
                        <address>
                           <street>St. John’s</street>
                           <settlement>Newfoundland and Labrador</settlement>
                           <country key="CA">Canada</country>
                        </address>
                     </affiliation>
                  </author>
                  <author xml:id="author-0002">
                     <persName>
                        <surname>Gueyffier</surname>
                        <forename type="first">François</forename>
                     </persName>
                     <affiliation>
                        <orgName type="institution">Lyon University</orgName>
                        <address>
                           <settlement>Lyon</settlement>
                           <country key="FR">France</country>
                        </address>
                     </affiliation>
                     <affiliation>
                        <orgName type="institution">CHU Lyon, Louis Pradel Hospital, Clinical
              pharmacology</orgName>
                        <address>
                           <settlement>Lyon</settlement>
                           <country key="FR">France</country>
                        </address>
                     </affiliation>
                     <affiliation>
                        <orgName type="institution">CNRS</orgName>
                        <address>
                           <postCode>UMR5558</postCode>
                           <settlement>Lyon</settlement>
                           <country key="FR">France</country>
                        </address>
                     </affiliation>
                  </author>
                  <author xml:id="author-0003">
                     <persName>
                        <surname>Cornu</surname>
                        <forename type="first">Catherine</forename>
                     </persName>
                     <affiliation>
                        <orgName type="institution">Inserm, Clinical Investigation Centre (CIC201)</orgName>
                        <address>
                           <country key="">Lyon</country>
                        </address>
                     </affiliation>
                     <affiliation>
                        <orgName type="institution">Lyon University</orgName>
                        <address>
                           <settlement>Lyon</settlement>
                           <country key="FR">France</country>
                        </address>
                     </affiliation>
                     <affiliation>
                        <orgName type="institution">CHU Lyon, Louis Pradel Hospital, Clinical
              pharmacology</orgName>
                        <address>
                           <settlement>Lyon</settlement>
                           <country key="FR">France</country>
                        </address>
                     </affiliation>
                     <affiliation>
                        <orgName type="institution">CNRS</orgName>
                        <address>
                           <postCode>UMR5558</postCode>
                           <settlement>Lyon</settlement>
                           <country key="FR">France</country>
                        </address>
                     </affiliation>
                  </author>
                  <idno type="istex">657B192595E7820E2B0352A98D27397FE9D62D5C</idno>
                  <idno type="ark">ark:/67375/80W-PMDSV3BC-P</idno>
                  <idno type="DOI">10.2515/therapie/2013063</idno>
                  <idno type="publisher-id">th132185</idno>
               </analytic>
               <monogr>
                  <title level="j" type="main">Thérapie</title>
                  <title level="j" type="abbrev">Therapie</title>
                  <title level="j" type="publisher-id">therapie</title>
                  <idno type="pISSN">0040-5957</idno>
                  <idno type="eISSN">1958-5578</idno>
                  <imprint>
                     <publisher>EDP Sciences</publisher>
                     <date type="Final-Published" when="2013-12-20"/>
                     <date type="ePublished" when="2013-11-11"/>
                     <date type="Published" when="2013-11"/>
                     <biblScope unit="vol">68</biblScope>
                     <biblScope unit="issue">6</biblScope>
                     <biblScope unit="page" from="415">415</biblScope>
                     <biblScope unit="page" to="417">417</biblScope>
                     <biblScope unit="page-count">3</biblScope>
                     <biblScope unit="ref-count">19</biblScope>
                  </imprint>
               </monogr>
            </biblStruct>
         </sourceDesc>
      </fileDesc>
      <profileDesc>
         <textClass ana="subject">
            <keywords scheme="section">
               <term>Lettres à la Rédaction/Letters to Editor</term>
            </keywords>
         </textClass>
         <textClass>
            <keywords xml:lang="en">
               <term>insulin</term>
               <term>randomized controlled trial</term>
               <term>type 2 diabetes mellitus</term>
            </keywords>
         </textClass>
         <textClass>
            <keywords xml:lang="fr">
               <term>diabète sucré de type 2</term>
               <term>essai clinique randomisé</term>
               <term>insuline</term>
            </keywords>
         </textClass>
         <langUsage>
            <language ident="fr"/>
         </langUsage>
      </profileDesc>
      <revisionDesc>
        <change when="2013-07-05">Received</change>
        <change when="2013-09-03">Accepted</change>
      </revisionDesc>
   </teiHeader>
   <text>
      <body>
         <div>
            <p>LETTRE

À LA

Thérapie 2013 Novembre-Décembre; 68 (6): 415–417
DOI: 10.2515/therapie/2013063

RÉDACTION

© 2013 Société Française de Pharmacologie et de Thérapeutique

Clinically Relevant
Efficacy of Insulin
Therapy in Patients
with Type 2 Diabetes
Efficacité cliniquement pertinente de l’insulinothérapie chez les patients diabétiques de type 2
Rémy Boussageon1, John-Michael Gamble2, François
Gueyffier4,5,6 and Catherine Cornu3,4,5,6
1 Faculty of Poitiers, Department of General Practice, Poitiers, France
2 School of Pharmacy, Memorial University of Newfoundland, St.
John’s, Newfoundland and Labrador, Canada
3 Inserm, Clinical Investigation Centre (CIC201), Lyon
4 Lyon University, Lyon, France
5 CHU Lyon, Louis Pradel Hospital, Clinical pharmacology,
Lyon, France;
6 CNRS, UMR5558, Lyon, France
Text received July 5th, 2013; accepted september 3rd, 2013
Keywords: insulin; randomized controlled trial; type 2 diabetes mellitus
Mots clés : diabète sucré de type 2 ; essai clinique randomisé ; insuline
Abbreviations: see end of article.

The aim of type 2 diabetes (T2D) treatment is supposed to be
glycaemic control. This is often described as a glucocentric
approach or “treat-to-target” model. Treatment success is based on
how close we can get to and maintain euglycemia and is usually
measured by HbA1c. Hyperglycemia is often considered to be a
causal factor responsible for micro- and macrovascular complications. In other words, any intervention that lowers HbA1c is
expected to reduce the risk of developing chronic complications.
However, several large randomized controlled trials (RCTs) have
failed to provide convincing evidence supporting this hypothesis,
regardless of treatment option.[1] No oral antidiabetic drug, including metformin,[2] has demonstrated efficacy on patient-centered
outcomes (e.g. blindness, leg amputations, or cardiovascular mortality) in a double-blind placebo-controlled RCT. High-quality trials
demonstrating superior efficacy of insulin versus placebo for
patient-centered outcomes are suprisingly absent. In this analysis,
we discuss the current state of clinical trial evidence on insulin treatment for T2D and provide a summary of the data for patient-centered
outcomes.

About 28% of patients with T2D take insulin in the United
States[3] and France.[4] The American diabetes association and the
European association for the study of diabetes (EASD) issued a consensus statement recommending insulin as a well-validated tier
1 option for the metabolic management of hyperglycemia in T2D.[5]
But what is the evidence supporting the efficacy of insulin therapy
on micro- and macrovascular complications?
To answer this question, we present appropriate studies from
our systematic review that was published in BMJ in July 2011.[1]
Out of the 13 studies that were included in our systematic review,
only two can be used to evaluate the clinical efficacy of insulin therapy in patients with T2D: the University group diabetes program
(UGDP)[6] and the United Kingdom prospective diabetes study
(UKPDS 33).[7] The UGDP trial randomized patients into a fixedinsulin dosage arm (ISTD) vs a variable-insulin arm (IVAR) [aim:
maintain blood glucose at normal levels]. UKPDS randomized
patients to insulin (aim: fasting plasma glucose (FPG) &amp;lt;6 mmol/L) versus diet alone (aim: FPG &amp;lt;15 mmol/L). The other studies included in
our meta-analysis did not specifically study the effect of insulin therapy
(UKPDS 34 and HOME studies [metformin], PROactive (pioglitazone), Dargie et al.[8] [rosiglitazone], UGDP phenformin or tolbutamid), but rather treatment strategies that mixed several antidiabetic
drugs (action in diabetes and vascular disease: preterax and diamicron controlled evaluation [ADVANCE], action to control cardiovascular risk in diabetes [ACCORD], veterans affairs diabetes trial
[VADT],veteransaffairstrial[VA1997]),ortheydonotpresentresults
on the endpoints chosen for this paper (the Kumamoto study).[9]
There is a description of included studies in table I. These randomized trials involved patients with newly diagnosed T2D, with a
mean age of 52 years, and a fasting glucose of around 1.44 g/L. They
were followed up for 10 years. We present relative risks with 99%
condidence intervals of the two studies’ endpoints.[6,7] For UGDP,
they are from the results of our meta-analysis (the UGDP-b Study)[1]
and for UKPDS 33, these relative risks were published in the main
study.[7] Insulin did not change any of the endpoints studied in
UGDP[6] or UKPDS 33[7] (table II), including mortality and microor macrovascular complications.
In 2013, there is still no convincing evidence that insulin is
effective at reducing mortality or other patient-oriented outcomes,
such as blindness and leg amputations. However, the lack of evidence and the few good-quality studies available make it difficult
to come to a definite conclusion. It is important to note that the
patients who participated in UGDP and UKPDS had diabetes that
was recently diagnosed. Their results cannot be extrapolated to longterm T2D patients, who are often poorly controlled. The results of
three recent mega-trials (ACCORD, ADVANCE, and VADT), that
used insulin to achieve glycemic targets, raised doubts on the efficacy of intensive-insulin therapy in patients with long-term T2D.
Although the reasons for the excess mortality observed in the
ACCORD[10] study are not yet clear, it is worth noting that 77.3%
of patients used insulin in the intensive treatment group versus
55.4% in the standard group (p&amp;lt;0.0001).

Article publié par EDP Sciences

416

Boussageon et al.

Table I. Characteristics of studies evaluating the efficacy of insulin therapy in T2D based on clinically pertinent criteria.

Study
Participants
Design
Acronym
(n)
Males
Age
Publication
Intensive/
(%) (years)
Blinded
year
standard
UGDP
414
29
52
1982[6]
204/210
UKPDS 33
1807
47
53
1998[7]
911/896

BMI

Duration
of known
diabetes
(years)

Follow-up
(years)

% Patients
with previous
CV events

Initial HbA1c
(%)
FPG (g/L)

Final HbA1c
(%)
Insulin group
Standard

NA

&amp;lt;1

10

9.5%

FPG 1.43

NA

28

&amp;lt;1

10

?

7.1%
FPG 1.45 g/L

7.0%
7.9%

BMI: body mass index; FPG: fasting plasma glucose; NA: not available; T2D: type 2 diabetes
Table II. Results on the main endpoints available from included studies.

Study
Acronym
Publication
year

All-cause
mortality

Cardiovascular
mortality

UGDP
1982[6]

RR=1.00
CI 99%
[0.75 at 1.32]

RR=1.00
CI 99%
[0.55 at 1.81]

UKPDS 33
1998[7]

RR=0.95
CI 99%
[0.75 at 1.21]

RR=0.93
CI 99%
[0.67 at 1.29]

Renal failure
or doubling
of serum
creatinine level

Fatal
or non fatal
amputations

RR=1.03
RR=1.65
RR=1.00
RR=0.99
CI 99%
CI 99%
CI 99%
CI 99%
[0.62 at 1.70] [0.53 at 1.85] [0.39 at 7.00] [0.47 at 2.06]

RR=0.93
CI 99%
[0.51 at 1.68]

RR=3.13
CI 99%
[0.16 at 60.5]

RR=0.93
RR=0.97
RR=0.88
RR=0.79
CI 99%
CI 99%
CI 99%
CI 99%
[0.75 at 1.16] [0.66 at 1.43] [0.52 at 1.50] [0.42 at 1.49]

RR=0.61
CI 99%
[0.14 at 2.66]

RR=0.98
CI 99%
[0.39 at 2.50]

All
myocardial
infarctions

Non fatal
myocardial
infarction

All strokes

Visual
deterioration
or blindness

CI: confidence interval; RR: relative risk

The fact that insulin did not reduce patient-oriented outcomes
in these trials is worth reflecting on. Two recent reviews examine
the theoretical underpinnings (including cellular and molecular
mechanisms) of the potential negative clinical consequences of insulin.[11,12] From a pathophysiological point of view, insulin is
required for patients with absolute insulin deficiency, as is the case
for those with type 1 diabetes. However, the role of exogenous insulin is not as clear in T2D because of insulin resistance and high circulating levels of endogenous insulin.[11] Observational studies have
shown a link between endogenous insulin levels and cardiovascular
risk.[13] In a retrospective cohort study, insulin therapy was associated with increased total mortality (adjusted hazard ratio
[HR] =1.75; 95% confidence interval [CI]: 1.24 to 2.47 for low insulin exposure and HR=2.79; 95% CI: 2.36 to 3.30 for high insulin
exposure, compared to no exposure).[14] Insulin is also associated
with an increased risk of developing cardiovascular disease, especially in patients with diabetes, heart failure,[15,16] and cancer.[17]
The mechanism for the excess risks associated with insulin is not
clearly understood.[11,12] This may be explained by the fact that
patients with T2D, who use insulin, are generally older, have diabetes for a longer period of time, suffer from more comorbidities,
possess more cardiovascular risk factors,andhavemoresevereinsulin

© Société Française de Pharmacologie et de Thérapeutique

resistance. Although observational studies may partially adjust for
these factors in their analysis, residual confounding may be responsible for the reported associations. However, it is also possible that
hypoglycemia plays a role (via sympathoadrenal activation, abnormal cardiac repolarization, increased thrombogenesis, inflammation, and vasoconstriction), there is a direct atherogenic effect, or an
unknown specific effect of insulin may be responsible for the
increased risks seen in these studies.[11,12] Certain adverse effects
of insulin therapy are well known and greatly affect patients’ quality
of life. Hypoglycemia occurs frequently and is sometimes severe and
fatal. Insulin is the second leading cause of drug-related hospital stays
in people over 65.[18] Moreover, hypoglycemia has been associated
with vascular complications and mortality in patients with T2D.[19]
Insulin is also associated with substantial weight gain and we fully
understand the long-term consequences of this.
In conclusion, we believe that the current evidence for recommending insulin therapy to prevent patient-oriented outcomes in
patients with T2D is weak. Given such uncertainty surrounding the
efficacy of insulin therapy, its well-known adverse effects (weight gain
and hypoglycemia) and long-term safety concerns,[11] we believe
that in the absence of stronger randomized clinical trial evidence,
insulin therapy should be undertaken with caution in these patients.

Thérapie 2013 Novembre-Décembre; 68 (6)

Insulin Therapy in Type 2 Diabetes

417

Acknowledgements
We thank Kent Neal (supported by the French Cochrane Center)
for proofreading the manuscript.

American diabetes association (ADA) and the European association for the
study of diabetes (EASD). Diabetologia 2012; 55(6): 1577-96
6.

UGDP. Effects of hypoglycemic agents on vascular complications in patients
with adult-onset diabetes. VIII. Evaluation of insulin therapy: final report.
Diabetes 1982; 31: 1-81

7.

Intensive blood-glucose control with sulphonylureas or insulin compared
with conventional treatment and risk of complications in patients with type 2
diabetes, UKPDS 33. Lancet 1998; 352: 837-53

8.

Dargie HJ, Hildebrandt PR, Riegger GA, et al. A randomized, placebocontrolled trial assessing the effects of rosiglitazone on echocardiographic
function and cardiac status in type 2 diabetic patients with New York Heart
association functional class I or II heart failure. J Am Coll Cardiol 2007; 49:
1696-704

9.

Ohkubo Y, Kishikawa H, Araki E, et al. Intensive insulin therapy prevents the
progression of diabetic microvascular complications in Japanese patients
with non-insulin dependent diabetes mellitus: a randomized prospective
6 year study. Diab Res Clin Pract 1995; 28: 103-17

Conflicts of interests. The authors have no conflict of interests to
declare.
Abbreviations. ACCORD: action to control cardiovascular risk
in diabetes. ADVANCE: action in diabetes and vascular disease:
preterax and diamicron controlled evaluation; CI: confidence
interval; EASD: European association for the study of diabetes;
FPG: fasting plasma glucose; ISTD: fixed-insulin dosage arm;
IVAR: variable-insulin arm; RCTs: randomized controlled trials;
T2D: type 2 diabetes; UGPD: University group diabetes program;
UKPDS 33: United Kingdom prospective diabetes study; VA:
veteran affairs trial; VADT: veterans affairs diabetes trial.
Authors’ contributions. Literature search, figures, study design,
data collection: Rémy Boussageon, Catherine Cornu. Data analysis,
data interpretation: Rémy Boussageon, John-Michael Gamble,
François Gueyffier, Catherine Cornu. Writing: Rémy Boussageon,
John-Michael Gamble.
Funding. No funding was received for this article.

References
1.

Boussageon R, Bejan-Angoulvant T, Saadatian-Elahi M, et al. Effect of intensive glucose lowering treatment on all cause mortality, cardiovascular death,
and microvascular events in type 2 diabetes: meta-analysis of randomised
controlled trials. BMJ 2011; 343: d4169

2.

Boussageon R, Supper I, Bejan-Angoulvant T, et al. Reappraisal of metformin efficacy in the treatment of type 2 diabetes: a meta-analysis of randomised controlled trials. PLOS Med 2012; 9: e1001204

3.

Centers for disease control and prevention. National diabetes fact sheet: general information and national estimates on diabetes in the United States,
2005. Atlanta: department of health and human services, centers for disease
control and prevention; 2005 http://www.cdc.gov/diabetes/

4.

Ricci P, Blotière PO, Weill A, et al. Diabète traité : quelles évolutions entre
2000 et 2009 en France ? BEH 2010; 42-43: 425-31
http://www.invs.sante.fr/beh/2010/42_43/BEH_42_43.pdf

5.

Inzucchi SE, Bergenstal RM, Buse JB, et al. Management of hyperglycaemia
in type 2 diabetes: a patient-centered approach. Position statement of the

© Société Française de Pharmacologie et de Thérapeutique

10. Action to control cardiovascular risk in diabetes study group, Gerstein HC,
Miller ME, et al. Effects of intensive glucose lowering in type 2 diabetes. N
Engl J Med 2008; 358: 2545-59
11. Rensing KL, Reuwer AQ, Arsenault BJ, et al. Reducing cardiovascular
disease risk in patients with type 2 diabetes and concomitant macrovascular
disease: can insulin be too much of a good thing? Diabetes Obes Metab
2011; 13: 1073-87
12. Currie CJ, Johnson JA. The safety profile of exogenous insulin in people with
type 2 diabetes: justification for concern. Diabetes Obes Metab 2012; 14: 1-4
13. Ruige JB, Assendelft WJ, Dekker JM, et al. Insulin and risk of cardiovascular
disease: a meta-analysis. Circulation 1998; 97: 996-1001
14. Gamble JM, Simpson SH, Eurich DT, et al. Insulin use and increased risk of
mortality in type 2 diabetes: a cohort study. Diabetes Obes Metab 2010; 12:
47-53
15. Murcia AM, Hennekens CH, Lamas GA, et al. Impact of diabetes on mortality in patients with myocardial infarction and left ventricular dysfunction.
Arch Intern Med 2004; 164: 2273-9
16. Eurich DT, McAlister FA, Blackburn DF, et al. Benefits and harms of antidiabetic in patients with diabetes and heart failure: systematic review. BMJ
2007; 335: 497
17. Bowker SL, Majumdar SR, Veugelers P, et al. Increased cancer-related mortality for patients with type 2 diabetes who use sulphonylureas or insulin.
Diabetes Care 2006; 29: 254-8
18. Budnitz DS, Lovegrove MC, Shehab N, et al. Emergency hospitalizations for
adverse drug events in older Americans. N Engl J Med 2011; 365: 2002-12
19. Zoungas S, Patel A, Chalmers J, et al. Severe hypoglycemia and risks of vascular events and death. N Eng J Med 2010; 363: 1410-8

Correspondence and offprints: Rémy Boussageon, General practice,
11 route du Clos Bardien, 79290 Saint Martin de Sanzay, France.
Email: remy.boussageon2@wanadoo.fr

Thérapie 2013 Novembre-Décembre; 68 (6)

</p>
         </div>
      </body>
      <back>
         <div type="references">
            <head>References</head>
            <listBibl>
               <bibl type="journal" xml:id="R1">
                  <persName>
                     <surname>Boussageon</surname>
                     <forename type="first">R</forename>
                  </persName>,
              <persName>
                     <surname>Bejan-Angoulvant</surname>
                     <forename type="first">T</forename>
                  </persName>,
              <persName>
                     <surname>Saadatian-Elahi</surname>
                     <forename type="first">M</forename>
                  </persName>, 
          <title level="a" type="main">Effect of intensive glucose lowering treatment on all cause mortality,
            cardiovascular death, and microvascular events in type 2 diabetes: meta-analysis of
            randomised controlled trials</title>. <title level="j">BMJ</title>
                  <date type="year">2011</date>; <biblScope unit="vol">343</biblScope>: <biblScope unit="page" from="d4169">d4169</biblScope>
               </bibl>
               <bibl type="journal" xml:id="R2">
                  <persName>
                     <surname>Boussageon</surname>
                     <forename type="first">R</forename>
                  </persName>, <persName>
                     <surname>Supper</surname>
                     <forename type="first">I</forename>
                  </persName>,
              <persName>
                     <surname>Bejan-Angoulvant</surname>
                     <forename type="first">T</forename>
                  </persName>, .
            <title level="a" type="main">Reappraisal of metformin efficacy in the treatment of type 2 diabetes: a
            meta-analysis of randomised controlled trials</title>. <title level="j">PLOS Med</title>
                  <date type="year">2012</date>; <biblScope unit="vol">9</biblScope>:
          <idno type="elocation-id">e1001204</idno>
               </bibl>
               <bibl type="other" xml:id="R3">Centers for disease control and prevention.
          National diabetes fact sheet: general information and national estimates on diabetes in
          the United States, 2005. Atlanta: department of health and human services, centers for
          disease control and prevention; 2005 <ref type="uri" target="http://www.cdc.gov/diabetes/">http://www.cdc.gov/diabetes/</ref>
               </bibl>
               <bibl type="journal" xml:id="R4">
                  <persName>
                     <surname>Ricci</surname>
                     <forename type="first">P</forename>
                  </persName>, <persName>
                     <surname>Blotière</surname>
                     <forename type="first">PO</forename>
                  </persName>, <persName>
                     <surname>Weill</surname>
                     <forename type="first">A</forename>
                  </persName>, . <title level="a" type="main">Diabète
            traité : quelles évolutions entre 2000 et 2009 en France </title>?
            <title level="j">BEH</title>
                  <date type="year">2010</date>; <biblScope unit="vol">42-43</biblScope>: <biblScope unit="page" from="425">425</biblScope>-<biblScope unit="page" to="31h">31h</biblScope>
                  <ref type="uri"
                       target="http://www.invs.sante.fr/beh/2010/42_43/BEH_42_43.pdf">http://www.invs.sante.fr/beh/2010/42_43/BEH_42_43.pdf</ref>
               </bibl>
               <bibl type="journal" xml:id="R5">
                  <persName>
                     <surname>Inzucchi</surname>
                     <forename type="first">SE</forename>
                  </persName>, <persName>
                     <surname>Bergenstal</surname>
                     <forename type="first">RM</forename>
                  </persName>, <persName>
                     <surname>Buse</surname>
                     <forename type="first">JB</forename>
                  </persName>, . <title level="a" type="main">Management of
          hyperglycaemia in type 2 diabetes: a patient-centered approach. Position statement of the
          American diabetes association (ADA) and the European association for the study of diabetes
          (EASD)</title>. <title level="j">Diabetologia</title> 
                  <date type="year">2012</date>; <biblScope unit="vol">55</biblScope>(<biblScope unit="issue">6</biblScope>): <biblScope unit="page" from="1577">1577</biblScope>-<biblScope unit="page" to="96">96</biblScope>
               </bibl>
               <bibl type="other" xml:id="R6"> UGDP. Effects of hypoglycemic agents on vascular
          complications in patients with adult-onset diabetes. VIII. Evaluation of insulin therapy:
          final report. Diabetes 1982; 31: 1-81</bibl>
               <bibl type="other" xml:id="R7"> Intensive blood-glucose control with sulphonylureas
          or insulin compared with conventional treatment and risk of complications in patients with
          type 2 diabetes, UKPDS 33. Lancet 1998; 352: 837-53</bibl>
               <bibl type="journal" xml:id="R8">
                  <persName>
                     <surname>Dargie</surname>
                     <forename type="first">HJ</forename>
                  </persName>, <persName>
                     <surname>Hildebrandt</surname>
                     <forename type="first">PR</forename>
                  </persName>, <persName>
                     <surname>Riegger</surname>
                     <forename type="first">GA</forename>
                  </persName>, . <title level="a" type="main">A randomized,
          placebo-controlled trial assessing the effects of rosiglitazone on echocardiographic
          function and cardiac status in type 2 diabetic patients with New York Heart association
          functional class I or II heart failure</title>. <title level="j">J Am Coll Cardiol</title> 
                  <date type="year">2007</date>; <biblScope unit="vol">49</biblScope>:
          <biblScope unit="page" from="1696">1696</biblScope>-<biblScope unit="page" to="704">704</biblScope>
               </bibl>
               <bibl type="journal" xml:id="R9">
                  <persName>
                     <surname>Ohkubo</surname>
                     <forename type="first">Y</forename>
                  </persName>, <persName>
                     <surname>Kishikawa</surname>
                     <forename type="first">H</forename>
                  </persName>, <persName>
                     <surname>Araki</surname>
                     <forename type="first">E</forename>
                  </persName>, . <title level="a" type="main">Intensive
            insulin therapy prevents the progression of diabetic microvascular complications in
            Japanese patients with non-insulin dependent diabetes mellitus: a randomized prospective
            6 year study</title>. <title level="j">Diab Res Clin Pract</title>
                  <date type="year">1995</date>; <biblScope unit="vol">28</biblScope>:
          <biblScope unit="page" from="103">103</biblScope>-<biblScope unit="page" to="17">17</biblScope>
               </bibl>
               <bibl type="other" xml:id="R10"> Action to control cardiovascular risk in
          diabetes study group, Gerstein HC, Miller ME, et al. Effects of intensive glucose lowering
          in type 2 diabetes. N Engl J Med 2008; 358: 2545-59</bibl>
               <bibl type="journal" xml:id="R11">
                  <persName>
                     <surname>Rensing</surname>
                     <forename type="first">KL</forename>
                  </persName>, <persName>
                     <surname>Reuwer</surname>
                     <forename type="first">AQ</forename>
                  </persName>, <persName>
                     <surname>Arsenault</surname>
                     <forename type="first">BJ</forename>
                  </persName>, . <title level="a" type="main">Reducing
          cardiovascular disease risk in patients with type 2 diabetes and concomitant macrovascular
          disease: can insulin be too much of a good thing?</title> 
                  <title level="j">Diabetes Obes Metab</title> 
                  <date type="year">2011</date>; <biblScope unit="vol">13</biblScope>:
          <biblScope unit="page" from="1073">1073</biblScope>-<biblScope unit="page" to="87">87</biblScope>
               </bibl>
               <bibl type="journal" xml:id="R12">
                  <persName>
                     <surname>Currie</surname>
                     <forename type="first">CJ</forename>
                  </persName>, <persName>
                     <surname>Johnson</surname>
                     <forename type="first">JA</forename>
                  </persName>. <title level="a" type="main">The safety profile of
            exogenous insulin in people with type 2 diabetes: justification for
            concern</title>. <title level="j">Diabetes Obes Metab</title>
                  <date type="year">2012</date>; <biblScope unit="vol">14</biblScope>: <biblScope unit="page" from="1">1</biblScope>-<biblScope unit="page" to="4">4</biblScope>
               </bibl>
               <bibl type="journal" xml:id="R13">
                  <persName>
                     <surname>Ruige</surname>
                     <forename type="first">JB</forename>
                  </persName>, <persName>
                     <surname>Assendelft</surname>
                     <forename type="first">WJ</forename>
                  </persName>, <persName>
                     <surname>Dekker</surname>
                     <forename type="first">JM</forename>
                  </persName>, . <title level="a" type="main">Insulin
            and risk of cardiovascular disease: a meta-analysis</title>.
            <title level="j">Circulation</title>
                  <date type="year">1998</date>; <biblScope unit="vol">97</biblScope>:
          <biblScope unit="page" from="996">996</biblScope>-<biblScope unit="page" to="1001">1001</biblScope>
               </bibl>
               <bibl type="journal" xml:id="R14">
                  <persName>
                     <surname>Gamble</surname>
                     <forename type="first">JM</forename>
                  </persName>, <persName>
                     <surname>Simpson</surname>
                     <forename type="first">SH</forename>
                  </persName>, <persName>
                     <surname>Eurich</surname>
                     <forename type="first">DT</forename>
                  </persName>, . <title level="a" type="main">Insulin
            use and increased risk of mortality in type 2 diabetes: a cohort study</title>.
            <title level="j">Diabetes Obes Metab</title>
                  <date type="year">2010</date>; <biblScope unit="vol">12</biblScope>:
          <biblScope unit="page" from="47">47</biblScope>-<biblScope unit="page" to="53">53</biblScope>
               </bibl>
               <bibl type="journal" xml:id="R15">
                  <persName>
                     <surname>Murcia</surname>
                     <forename type="first">AM</forename>
                  </persName>, <persName>
                     <surname>Hennekens</surname>
                     <forename type="first">CH</forename>
                  </persName>, <persName>
                     <surname>Lamas</surname>
                     <forename type="first">GA</forename>
                  </persName>, . <title level="a" type="main">Impact
            of diabetes on mortality in patients with myocardial infarction and left ventricular
            dysfunction</title>. <title level="j">Arch Intern Med</title>
                  <date type="year">2004</date>; <biblScope unit="vol">164</biblScope>:
          <biblScope unit="page" from="2273">2273</biblScope>-<biblScope unit="page" to="9">9</biblScope>
               </bibl>
               <bibl type="journal" xml:id="R16">
                  <persName>
                     <surname>Eurich</surname>
                     <forename type="first">DT</forename>
                  </persName>, <persName>
                     <surname>McAlister</surname>
                     <forename type="first">FA</forename>
                  </persName>, <persName>
                     <surname>Blackburn</surname>
                     <forename type="first">DF</forename>
                  </persName>, . <title level="a" type="main">Benefits and harms
          of antidiabetic in patients with diabetes and heart failure: systematic review</title>. <title level="j">BMJ</title> 
                  <date type="year">2007</date>;
          <biblScope unit="vol">335</biblScope>: <biblScope unit="page" from="497">497</biblScope>
               </bibl>
               <bibl type="journal" xml:id="R17">
                  <persName>
                     <surname>Bowker</surname>
                     <forename type="first">SL</forename>
                  </persName>, <persName>
                     <surname>Majumdar</surname>
                     <forename type="first">SR</forename>
                  </persName>, <persName>
                     <surname>Veugelers</surname>
                     <forename type="first">P</forename>
                  </persName>, . <title level="a" type="main">Increased
          cancer-related mortality for patients with type 2 diabetes who use sulphonylureas or
          insulin</title>. <title level="j">Diabetes Care</title> 
                  <date type="year">2006</date>; <biblScope unit="vol">29</biblScope>: <biblScope unit="page" from="254">254</biblScope>-<biblScope unit="page" to="8">8</biblScope> 
               </bibl>
               <bibl type="journal" xml:id="R18">
                  <persName>
                     <surname>Budnitz</surname>
                     <forename type="first">DS</forename>
                  </persName>, <persName>
                     <surname>Lovegrove</surname>
                     <forename type="first">MC</forename>
                  </persName>, <persName>
                     <surname>Shehab</surname>
                     <forename type="first">N</forename>
                  </persName>, . <title level="a" type="main">Emergency
            hospitalizations for adverse drug events in older Americans</title>. <title level="j">N
            Engl J Med</title>
                  <date type="year">2011</date>; <biblScope unit="vol">365</biblScope>:
          <biblScope unit="page" from="2002">2002</biblScope>-<biblScope unit="page" to="12">12</biblScope>
               </bibl>
               <bibl type="journal" xml:id="R19">
                  <persName>
                     <surname>Zoungas</surname>
                     <forename type="first">S</forename>
                  </persName>, <persName>
                     <surname>Patel</surname>
                     <forename type="first">A</forename>
                  </persName>, <persName>
                     <surname>Chalmers</surname>
                     <forename type="first">J</forename>
                  </persName>, . <title level="a" type="main">Severe
            hypoglycemia and risks of vascular events and death</title>. <title level="j">N Eng J
            Med</title>
                  <date type="year">2010</date>; <biblScope unit="vol">363</biblScope>:
          <biblScope unit="page" from="1410">1410</biblScope>-<biblScope unit="page" to="8">8</biblScope>
               </bibl>
            </listBibl>
         </div>
      </back>
   </text>
</TEI>
