<?xml version="1.0" encoding="UTF-8"?>
<!--Version 0.1 générée le 31-01-2018-->
<TEI xmlns="http://www.tei-c.org/ns/1.0"
     xmlns:xsi="http://www.w3.org/2001/XMLSchema-instance"
     xsi:noNamespaceSchemaLocation="https://istex.github.io/odd-istex/out/istex.xsd"
     xml:lang="fr">
   <teiHeader>
      <fileDesc>
         <titleStmt>
            <title level="a" type="main">Diabète et maladies parondontales</title>
         </titleStmt>
         <publicationStmt>
            <authority>ISTEX</authority>
            <publisher>EDP Sciences</publisher>
            <date when="2014">2014</date>
            <availability>
               <licence>© EDP Sciences, 2014</licence>
               <p>EDP Sciences</p>
            </availability>
         </publicationStmt>
         <notesStmt>
            <note type="content-type"
                  source="research-article"
                  scheme="https://content-type.data.istex.fr/ark:/67375/XTP-7474895G-0">research-article</note>
            <note type="publication-type"
                  scheme="https://publication-type.data.istex.fr/ark:/67375/JMC-0GLKJH51-B">journal</note>
         </notesStmt>
         <sourceDesc>
            <biblStruct type="article">
               <analytic>
                  <title level="a" type="main" xml:lang="fr">Diabète et maladies parondontales</title>
                  <title level="a" type="alt" xml:lang="en">Diabetes and periodontal diseases</title>
                  <author xml:id="author-0000">
                     <persName>
                        <surname>Dagorne</surname>
                        <forename type="first">Cécile</forename>
                     </persName>
                     <affiliation>Ancien Interne en Odontologie,
          European Postgraduate in Periodontology, Periodontics and Implant Dentistry,
          Département de parodontologie, Hôpital Rothschild, APHP, Paris, France</affiliation>
                  </author>
                  <author xml:id="author-0001">
                     <persName>
                        <surname>Rangé</surname>
                        <forename type="first">Hélène</forename>
                     </persName>
                     <affiliation>AHU, Département de parodontologie,
              Hôpital Rothschild, APHP, Paris, France. UFR d’odontologie Garancière, Université
              Paris Diderot, Paris, France.
              INSERM U1148, hôpital Bichat, APHP, Paris, France</affiliation>
                  </author>
                  <idno type="istex">D61634C085DE8807C1E7288F47471FC8F51C4267</idno>
                  <idno type="ark">ark:/67375/80W-VDC54VP7-G</idno>
                  <idno type="DOI">10.1051/aos/2014105</idno>
                  <idno type="publisher-id">aos2014267p27</idno>
               </analytic>
               <monogr>
                  <title level="j" type="main">Actualités Odonto-Stomatologiques</title>
                  <title level="j" type="issue">Spécial parodontologie</title>
                  <title level="j" type="abbrev">Actual.
          Odonto-Stomatol.</title>
                  <title level="j" type="publisher-id">aos</title>
                  <idno type="pISSN">0001-7817</idno>
                  <idno type="eISSN">1760-611X</idno>
                  <imprint>
                     <publisher>EDP Sciences</publisher>
                     <date type="Final-Published" when="2014-03-17"/>
                     <date type="ePublished" when="2014-03-17"/>
                     <date type="Published" when="2014-03"/>
                     <biblScope unit="issue">267</biblScope>
                     <biblScope unit="page" from="27">27</biblScope>
                     <biblScope unit="page" to="34">34</biblScope>
                     <biblScope unit="page-count">8</biblScope>
                     <biblScope unit="ref-count">25</biblScope>
                  </imprint>
               </monogr>
            </biblStruct>
         </sourceDesc>
      </fileDesc>
      <profileDesc>
         <abstract xml:lang="fr">
            <p>Le diabète et les maladies parodontales sont deux pathologies chroniques dont la
          prévalence mondiale est élevée et qui entretiennent des relations cliniques et biologiques
          complexes. L’augmentation de l’incidence et de la sévérité des parodontites chez les
          diabétiques est prouvée par de nombreuses études épidémiologiques. Les spécificités du
          traitement parodontal chez le diabétique sont liées à l’immunodépression qui engendre des
          retards de cicatrisation mais son efficacité est démontrée. Cependant les mécanismes
          pathogéniques sont encore loin d’être parfaitement élucidés. Depuis quelques années, la
          relation inverse entre parodontites et diabète a été l’objet de nombreuses recherches. </p>
            <p>De
          récentes revues systématiques indiquent que les parodontites augmentent l’incidence, le
          contrôle et les complications du diabète et que le traitement parodontal classique
          (détartrage-surfaçage) diminue le taux d’hémoglobine glyquée de 0,4 %. Là encore, les
          mécanismes biologiques sous-jacents restent à démontrer même si l’inflammation et le
          stress oxydant semblent impliqués.</p>
         </abstract>
         <abstract xml:lang="en">
            <p>Diabetes and periodontal diseases are two chronic diseases with a high global prevalence
          and with complex clinical and biological relationships. Many epidemiological studies have
          shown an increased incidence and severity of periodontitis in diabetics. Immunosuppression
          in diabetics explains delay healing and specificity of periodontal therapy in those
          patients, but effectiveness of the treatment has been demonstrated. The pathogenic
          mechanisms are still far from being fully elucidated. In recent years, the inverse
          relationship between periodontitis and diabetes has been the subject of many researches.</p>
            <p>Recent systematic reviews indicate that periodontitis is responsible for increasing the
          incidence, control and complications of diabetes and that conventional periodontal
          treatment (scaling and root planning) reduces glycated haemoglobin of 0.4%. The biological
          mechanisms implicated remain to be analysed however it appears that inflammation and
          oxidative stress are involved.</p>
         </abstract>
         <textClass ana="subject">
            <keywords scheme="heading">
               <term>Spécial parodontologie</term>
            </keywords>
         </textClass>
         <textClass>
            <keywords xml:lang="fr">
               <term>Maladies parodontales</term>
               <term>parodontites</term>
               <term>diabète</term>
               <term>inflammation</term>
            </keywords>
         </textClass>
         <textClass>
            <keywords xml:lang="en">
               <term>Periodontal diseases</term>
               <term>periodontitis</term>
               <term>diabetes</term>
               <term>inflammation</term>
            </keywords>
         </textClass>
         <langUsage>
            <language ident="fr"/>
         </langUsage>
      </profileDesc>
   </teiHeader>
   <text>
      <body>
         <div>
            <p>SPÉCIAL PARODONTOLOGIE

Diabète
et maladies parondontales
Diabetes and periodontal diseases.

MOTS-CLEFS :

&#x96; Maladies parodontales,
parodontites, diabète,
inflammation
KEYWORDS:

&#x96; Periodontal diseases,
periodontitis, diabetes,
inflammation.

AOS 2014;267:27-34
DOI: 10.1051/aos/2014105
© EDP Sciences 2014

Résumé

Abstract

Le diabète et les maladies parodontales
sont deux pathologies chroniques dont
la prévalence mondiale est élevée et qui
entretiennent des relations cliniques et
biologiques complexes. L’augmentation de
l’incidence et de la sévérité des parodontites
chez les diabétiques est prouvée par de
nombreuses études épidémiologiques. Les
spécificités du traitement parodontal chez le
diabétique sont liées à l’immunodépression
qui engendre des retards de cicatrisation mais
son efficacité est démontrée. Cependant les
mécanismes pathogéniques sont encore loin
d’être parfaitement élucidés. Depuis quelques
années, la relation inverse entre parodontites
et diabète a été l’objet de nombreuses
recherches.
De récentes revues systématiques indiquent
que les parodontites augmentent l’incidence,
le contrôle et les complications du diabète
et que le traitement parodontal classique
(détartrage-surfaçage) diminue le taux
d’hémoglobine glyquée de 0,4 %. Là encore,
les mécanismes biologiques sous-jacents
restent à démontrer même si l’inflammation et
le stress oxydant semblent impliqués.

Diabetes and periodontal diseases
are two chronic diseases with a high
global prevalence and with complex
clinical and biological relationships.
Many epidemiological studies have
shown an increased incidence and
severity of periodontitis in diabetics.
Immunosuppression in diabetics
explains delay healing and specificity of
periodontal therapy in those patients, but
effectiveness of the treatment has been
demonstrated. The pathogenic mechanisms
are still far from being fully elucidated.
In recent years, the inverse relationship
between periodontitis and diabetes has
been the subject of many researches.
Recent systematic reviews indicate that
periodontitis is responsible for increasing
the incidence, control and complications of
diabetes and that conventional periodontal
treatment (scaling and root planning)
reduces glycated haemoglobin of 0.4%.
The biological mechanisms implicated
remain to be analysed however it appears
that inflammation and oxidative stress are
involved.

X

Cécile Dagorne, Ancien Interne en Odontologie, European Postgraduate
in Periodontology, Periodontics and Implant Dentistry, Département de parodontologie,
Hôpital Rothschild, APHP, Paris, France

Hélène Rangé, AHU, Département de parodontologie, Hôpital Rothschild,
APHP, Paris, France. UFR d’odontologie Garancière, Université Paris Diderot, Paris,
France. INSERM U1148, hôpital Bichat, APHP, Paris, France

MARS 2014 l AOS 267
Publié par EDP Sciences et disponible sur le site http://www.aos-journal.org ou http://dx.doi.org/10.1051/aos/2014105

27

Spécial parodontologie Dagorne C., Rangé H.

INTRODUCTION
Le diabète est une maladie métabolique liée à une
dysfonction de la régulation de la glycémie menant à
une hyperglycémie chronique. Certains symptômes
sont caractéristiques du diabète : polydipsie, polyurie,
polyphagie, amaigrissement. Les complications du
diabète correspondent à des lésions vasculaires microscopiques (rétine, rein) et macroscopiques (complications cardiovasculaires). Le terme « diabète » vient du
grec et signifie « passer au travers » puisqu&amp;apos;à l&amp;apos;époque
d&amp;apos;Hippocrate, les médecins avaient observés que « les
malades étaient frappés d&amp;apos;une soif continuelle, et qu&amp;apos;ils
semblaient uriner aussitôt ce qu&amp;apos;ils venaient de boire,
comme s&amp;apos;ils étaient traversés par l&amp;apos;eau sans pouvoir la
retenir ». Aujourd&amp;apos;hui, le diagnostic du diabète repose
principalement sur la mesure de la glycémie (tableau 1).
Toutefois, selon les mécanismes pathogéniques à
l&amp;apos;origine de l&amp;apos;hyperglycémie, différentes formes de
diabète sont distinguées : diabète de type 1, de type 2,
gestationnel, essentiellement. Le diabète de type 1,
autrefois appelé diabète insulino-dépendant (ou encore
diabète juvénile), est la forme la plus fréquente chez
l&amp;apos;enfant, mais peut survenir à tous les âges et souvent
de façon brutale accompagné de troubles de la vision et
d&amp;apos;une fatigue inhabituelle. Il s&amp;apos;apparente à une maladie
auto-immune où les cellules β des îlots de Langerhans
du pancréas (synthétisant l&amp;apos;insuline) sont détruites par
le système immunitaire. L&amp;apos;insuffisance de sécrétion
d&amp;apos;insuline dans le sang rend donc le patient diabétique
de type 1 insulinodépendant. Le risque de transmission
génétique de ce type de diabète est faible (autour de
5 %), les autres causes sont mal connues ce qui le
rend difficilement évitable. En revanche, le diabète de
type 2, qui repose sur une résistance des tissus cibles
(foie, muscles) à l&amp;apos;action de l&amp;apos;insuline présente une
composante génétique forte puisque le risque d&amp;apos;être
diabétique de type 2 est de 30 % quand un des parent
est atteint et de 50 % quand les deux parents le sont.
De plus, près de 50% des diabétiques de type 2 sont
obèses (indice de masse corporelle ≥ 30 kg/m2) et 80 %
présentent un surpoids (IMC ≥ 25 kg/m2). La pression
T

Tableau 1 : Valeurs de la glycémie et signification clinique (d&amp;apos;après l&amp;apos;American Diabetes Association en 2004)

Valeurs de la glycémie
De 0,8 et 1,10 g/L (à jeun)
De 1,10 à 1,25 (à jeun)

28

génétique et environnementale est forte pour ce type
de diabète qui peut donc être prévenu. Il représente
près de 90 % de l&amp;apos;ensemble des cas de diabète, il est
généralement asymptomatique durant de longues
années. Il faut souligner que son dépistage est simple
et repose sur l&amp;apos;examen biologique de la glycémie
facilement accessible au chirurgien dentiste en cas de
signes d&amp;apos;alarme (infections récidivantes, difficultés de
cicatrisation associées au contexte médical). Le diabète
de type 2 est le plus souvent non insulinodépendant,
mais un traitement par insuline peut être nécessaire
pour la maîtrise de l&amp;apos;équilibre glycémique, d&amp;apos;où l&amp;apos;évolution actuelle de la terminologie. Le diabète de type 2 est
souvent associé à d&amp;apos;autres facteurs de risque cardiovasculaire, comme l&amp;apos;hypertension artérielle, le surpoids et
l&amp;apos;obésité, la dyslipidémie et le syndrome métabolique.
Son incidence augmente de manière spectaculaire, en
conséquence des modifications du mode de vie (sédentarité, alimentation hypercalorique) non seulement
chez les adultes mais aussi chez les enfants.
Les complications du diabète sont multiples, essentiellement nerveuses et vasculaires. Il faut distinguer
les atteintes des gros vaisseaux dues à l&amp;apos;athérosclérose
(infarctus du myocarde, accidents vasculaires cérébraux,
artériopathie oblitérante des membres inférieurs) des
atteintes microangiopathiques caractéristiques des
diabétiques  : rétinopathies, néphropathies. Les neuropathies parfois douloureuses peuvent alourdir les
complications vasculaires notamment dans les situations
d&amp;apos;artériopathie des membres inférieurs où la diminution
de la sensibilité douloureuse peut entraîner un retard
de prise en charge de plaies du pied (mal perforant
plantaire).
Enfin, sur le plan biologique, le diabète est caractérisé
par une dysfonction immunitaire et un état inflammatoire de bas grade qui sont source d&amp;apos;infection.
Les maladies parodontales sont depuis longtemps
reconnues comme une des complications du diabète
et les preuves épidémiologiques et biologiques de
cette relation sont nombreuses. Plus récemment, les
études cliniques ont montré un impact des parodontites sur le contrôle de la glycémie, l&amp;apos;incidence et les

Signiﬁcation clinique
Sujet non diabétique
Intolérance au
glucose - hyperglycémie

k Supérieure ou égale à 1,26 g/L (à jeun)

Sujet diabétique

k Supérieure ou égale à 2 g/L (associée à la triade
polydipsie, polyurie, amaigrissement)

Sujet diabétique

k Supérieure ou égale à 2 g/L (2 heures après l&amp;apos;ingestion
de 75 g de glucose par voie orale)

Sujet diabétique

AOS 267 l MARS 2014

Diabète et maladies parodontales Spécial parodontologie

complications du diabète. L&amp;apos;objectif de cet article est
de faire la synthèse des connaissances actuelles sur
cette relation bidirectionnelle entre le diabète et les
maladies parodontales.

NOTIONS D’ÉPIDÉMIOLOGIE
SUR LE DIABÈTE ET LES MALADIES
PARODONTALES
Prévalence des maladies parodontales et
du diabète
La parodontite chronique est la cause la plus fréquente
d&amp;apos;avulsion chez les plus de 40 ans. La prévalence de la
parodontite chronique chez les adultes varie de 20 à
50 % selon les études, la plaçant en tête des maladies
inflammatoires chroniques dans le monde [1]. Dans
une revue de la littérature menée par Mealey et al. en
2007 [2], il est rapporté que le diabète de type 1 est
une des pathologies chroniques les plus fréquentes de
l&amp;apos;enfance. De plus, les pays scandinaves montrent les
plus fortes incidences de diabète de type 1 avec plus
de 30 cas/an/100 000 habitants, suivis par l&amp;apos;Europe et
les États-Unis (10-15 cas/an/100 000 habitants) puis
par les pays asiatiques avec 0,5 cas/an/100 000 habitants [2]. La prévalence mondiale du diabète de type 2
était de 150 millions en 2000 et de 220 millions en
2010. Selon l&amp;apos;OMS, en mars 2013, 347 millions de
personnes étaient diabétiques dans le monde (type 1
et 2) et il est prévu que le diabète sera la septième
cause de décès dans le monde avec 439 millions de
personnes atteintes en 2030. La progression rapide
et constante du nombre de malades (plus 54  % en
20 ans), tant dans les pays développés que dans les
pays en voie de développement, signe l&amp;apos;urgence d&amp;apos;une
prise en charge pluridisciplinaire de ce problème
majeur de santé publique. Aujourd&amp;apos;hui près de 10 %
de la population mondiale est diabétique.

Association maladies parodontales
et diabète : données épidémiologiques
Il existe des preuves épidémiologiques fortes du rôle
du diabète dans le développement et la sévérité des
maladies parodontales. En France, une étude portant
sur plus de 2000 sujets a montré que la perte d&amp;apos;attache
chez les diabétiques de type 2 était significativement
plus élevée (parodontite plus sévère) que chez les
non diabétiques (2,7 mm versus 2,5 mm, p = 0,001) [3].
La National Health and Nutrition Examination Survey, aux États-Unis entre 1999-2000, a donné une
prévalence des parodontites chez les sujets diabétiques
et non diabétiques de respectivement 12 % et 6 % chez

les Afro-Américains, 15 % et 4 % chez les Latino-Américains, 12  % et 3  % chez les Caucasiens [4]. Plus
récemment, un rôle des parodontites sur l&amp;apos;incidence,
le contrôle et les complications du diabète a été mis
en évidence. Le rapport de consensus du Workshop
2013 commun à l&amp;apos;EFP et l&amp;apos;AAP traitant de  « maladies
parodontales et pathologies systémiques » [5] a montré
les éléments suivants :
kévidence forte de l&amp;apos;influence négative des parodontites
sévères sur le niveau d&amp;apos;HbA1c chez les sujets avec ou
sans diabète ;
krelation directe entre la sévérité des parodontites et
les complications du diabète de type 2 ;
kévidence limitée de l&amp;apos;association entre maladies parodontales et complications du diabète chez des adultes
atteints depuis longtemps de diabète de type 1 ;
kl&amp;apos;évidence disponible à ce jour suggère un rôle dose-dépendant des parodontites sur le diabète : risque augmenté de développer un diabète chez les individus
atteints de parodontite sévère comparativement à
ceux ayant une parodontite modérée ou un terrain
parodontal sain.
En 2013, dans une revue systématique épidémiologique
Borgnakke et ses collaborateurs [6] ont confirmé qu&amp;apos;il
existait à ce jour un nombre limité d&amp;apos;études à haut niveau
de preuve (petits échantillons) attestant de manière
significative des effets néfastes des parodontites sur le
contrôle glycémique, les complications du diabète et le
développement d&amp;apos;un diabète de type 2 ou gestationnel.
À ce jour, la littérature scientifique suggère une influence
négative des maladies parodontales sur le diabète,
cependant des études longitudinales sont nécessaires à
la confirmation de ces résultats.

MÉCANISMES BIOLOGIQUES DU
LIEN ENTRE LE DIABÈTE ET LES
MALADIES PARODONTALES
Inﬂuence du diabète sur les maladies
parodontales (fig.1)
Les taux plus élevés de glucose dans le fluide gingival
des patients diabétiques pourraient constituer un
environnement favorable au développement d&amp;apos;une
flore microbienne spécifique et plus pathogène. Cependant, les nombreuses études cliniques transversales
sur la composition de la plaque sous-gingivale entre
patients diabétiques et non diabétiques n&amp;apos;ont pas permis de mettre en évidence un impact du diabète sur le
microbiote parodontal. Il n&amp;apos;existe pas non plus de lien
entre le niveau de contrôle de la glycémie (HbA1c)
chez les diabétiques et la composition de la plaque
sous-gingivale [7].
MARS 2014 l AOS 267

29

Spécial parodontologie Dagorne C., Rangé H.

S
Figure 1 :

Mécanismes biologiques impliquant le diabète dans la pathogenèse
des maladies parodontales (d&amp;apos;après Taylor et al 2013).
RANKL/OPG : Receptor Activator of Nuclear Factor-kappa B
Ligand/Osteoprotegerin; AGEs/RAGEs : Advanced Glycation
end-products/Receptor of Advanced Glycation End-products

Rôle de la dysfonction immunitaire et de la
réaction inflammatoire exacerbée
De nombreuses études se sont intéressées à la dysfonction des polynucléaires neutrophiles chez le diabétique
en lien avec la prévalence et la sévérité des maladies
parodontales. Certaines études animales et cliniques
semblent montrer que l&amp;apos;adhérence, le chimiotactisme
(diminution de l&amp;apos;IL-8) et la phagocytose des neutrophiles tant périphériques que gingivaux sont altérés
chez les patients diabétiques de type 2 [8]. De même,
le rôle des monocytes dits «  hyper répondants  » ou
« hyper inflammatoires » est soulevé dans la susceptibilité des patients diabétiques aux maladies parodontales. Les études de Salvi et de ses collaborateurs en
1997 [9] ont montré que les monocytes des patients
diabétiques de type 1 produisaient plus de cytokines et
médiateurs pro-inflammatoires tels que l&amp;apos;interleukine 1
bêta (IL-1β), le tumor necrosis factor alpha (TNFα) et la
prostaglandine E2 (PGE2) en réponse à l&amp;apos;agression bactérienne (notamment au lipopolysaccharide ou LPS)
que les monocytes de patients non diabétiques [9]. Plus
récemment, un troisième type cellulaire a été impliqué
dans la pathogenèse des maladies parodontales chez
le diabétique : les lymphocytes T. En effet, les lymphocytes T auraient un rôle dans le dysfonctionnement de
l&amp;apos;infiltrat macrophagique observé dans le tissu adipeux
chez les patients obèses et ou diabétiques. Différentes
sous-populations de lymphocytes T existent suivant
l&amp;apos;environnement cytokinique pro ou anti-inflammatoire. Il apparait que les patients atteints de parodontite
et de diabète de type 2 non équilibré auraient plus
30

AOS 267 l MARS 2014

de lymphocytes Th  17 (sécrétant l&amp;apos;interleukine  17,
pro-inflammatoire) et de T régulateurs que les patients
atteints de parodontite mais non diabétiques [10].
Enfin, l&amp;apos;implication des cytokines, adipokines et
médiateurs pro-inflammatoires dans la pathogenèse
des maladies parodontales chez les diabétiques fait
aujourd&amp;apos;hui consensus. Dans le cas du diabète de
type  1, les études de Salvi et collaborateurs sur le
fluide gingival de patients diabétiques et non diabétiques atteints de parodontite de même sévérité
ont montré des taux plus élevés d&amp;apos;IL-1β, de PGE2
et de métallo-protéinases (MMPs) [9]. Pour le diabète de type 2, les résultats des études cliniques, bien
que controversés, semblent indiquer une augmentation des taux d&amp;apos;IL-1β et d&amp;apos;IL-6 avec le diabète chez
les patients atteints de parodontite chronique [7] ainsi
qu&amp;apos;avec le taux d&amp;apos;hémoglobine glyquée ou HbA1c.
D&amp;apos;autres médiateurs de l&amp;apos;inflammation pourraient
participer à la pathogenèse des parodontites chez
les diabétiques de type 2 tels l&amp;apos;interféron γ (IFNγ), la
macrophage inhibitory protein-2 (MIP-2), la monocyte
chemotactic protein-1 (MCP-1) ou encore le TNFα.
Cependant, seules des études animales ont apporté
la preuve de l&amp;apos;implication de TNFα dans le développement des parodontites chez les rongeurs diabétiques de type 1 et 2 [11]. Les cytokines et médiateurs
pro-inflammatoires ne sont pas les seuls mécanismes
moléculaires impliqués dans la pathogenèse des maladies parodontales chez le sujet diabétique. Des études
récentes ont montré que le ratio entre le ligand du
récepteur activateur du facteur nucléaire kappa B et
l&amp;apos;ostéoprotégérine (RANKL/OPG) était augmenté
chez les diabétiques de type 2 atteints de parodontite
chronique [12] et positivement associé au contrôle de
la glycémie (fig. 2). Enfin, les adipokines (cytokines
produites par le tissu adipeux) telles que la leptine,
la résistine ou l&amp;apos;adiponectine, impliquées dans le lien
entre l&amp;apos;obésité et les maladies parodontales [13] pourraient l&amp;apos;être également dans le diabète mais les études
peu nombreuses restent controversées.

Rôle de l’hyperglycémie sur les advanced
glycation end-products et leurs récepteurs
(AGEs/RAGEs), l’inflammation, le stress
oxydant et le métabolisme osseux
Si il y a carence ou mauvaise utilisation de l&amp;apos;insuline, le
glucose ne peut pas pénétrer dans les cellules de stockage
(muscle, tissu adipeux, foie). Lorsque les protéines et
les lipides plasmatiques et membranaires sont exposés
pendant un temps long à une haute concentration en
glucose (hyperglycémie), elles subissent une modification structurelle non enzymatique et irréversible : la glycation. Ces protéines modifiées sont appelées advanced
glycation end products (AGEs) et sont présentes sur les

Diabète et maladies parodontales Spécial parodontologie

W
Figure 2 :
Schéma synthétique du système RANKL/RANK/OPG.
L&amp;apos;ostéoprotégérine (OPG), sécrétée par les ostéoblastes,
entre en compétition avec le ligand au récepteur-activateur
du facteur nucléaire kappa B (RANKL) pour le récepteuractivateur du facteur nucléaire kappa B (RANK) porté
par les précurseurs d&amp;apos;ostéoclastes pour neutraliser
leur différenciation et leur maturation en ostéoclastes
matures. Un ratio RANKL/OPG élevé est en faveur de
l&amp;apos;ostéoclastogenèse et donc de la résorption osseuse.

S
Figure 3 :

Mécanisme d&amp;apos;action des advanced
glycation end-products (AGEs)
et de leurs récepteurs (RAGEs)

protéines plasmatiques, sur les protéines des parois
vasculaires et aussi à la surface des globules rouges. Les
AGEs ont un pouvoir chimiotactique sur les monocytes
et les macrophages. Elles se lient spécifiquement à des
récepteurs (immunoglobulines) appelés RAGEs situés à
la surface de ces cellules. Les monocytes et macrophages
ainsi activés produisent alors plus de radicaux libres
oxygénés (stress oxydant) et de cytokines pro-inflammatoires conduisant ainsi à diverses complications
du diabète dont les maladies parodontales [14, 15]
(fig. 3). Une étude animale chez le rongeur diabétique
a montré que l&amp;apos;apport de RAGEs solubles diminuait la
production de TNF, d&amp;apos;IL-6 et de MMPs dans les tissus
parodontaux et empêchait l&amp;apos;alvéolyse [16]. Les AGEs

pourraient aussi intervenir dans la pathogenèse des
maladies parodontales par la voie des toll-like receptors
(TLR), à l&amp;apos;origine de la réponse inflammatoire induite
par le LPS des bactéries.
L&amp;apos;hyperglycémie est également source de stress oxydant, avec une répercussion pro-inflammatoire, pour
de nombreux types cellulaires (monocytes, fibroblastes,
cellules épithéliales) et ce par divers mécanismes de
signalisation intra-cellulaire comme la voie des MAP
kinases, du facteur nucléaire kappa B (NF-κB) et de
l&amp;apos;inflammasome NALP3. Les radicaux libres oxygénés
(Reactive Oxygen Species) ont également un effet sur
le métabolisme osseux et pourraient donc intervenir
par ce biais sur la pathogenèse des parodontites [7].
MARS 2014 l AOS 267

31

Spécial parodontologie Dagorne C., Rangé H.

Enfin, l&amp;apos;hyperglycémie modulerait, directement et
indirectement par le système AGEs/RAGEs, le ratio
RANKL/OPG en faveur de l&amp;apos;ostéoclastogenèse et donc
de l&amp;apos;aléolyse chez le diabétique.

Inﬂuence des parodontites sur le diabète
Bien que de nombreuses études épidémiologiques aient
montré un effet des parodontites sur le taux d&amp;apos;HbA1c,
l&amp;apos;équilibre et les complications du diabète, les études
cliniques et animales l&amp;apos;ont encore rarement démontré.

Rôle de la flore parodontopathogène
Une étude d&amp;apos;intervention a montré qu&amp;apos;une souche de
Porphyromonas gingivalis (fimbriae type II) pourrait
influer sur le contrôle de la glycémie chez des patients
diabétiques et atteints de parodontite chronique [7].
Cette souche de P. gingivalis induirait des taux plus
élevés de cytokines pro-inflammatoires que les autres.
Toutefois, à ce jour, les études ne sont pas assez nombreuses pour affirmer un rôle du microbiote parodontal sur l&amp;apos;équilibre de la glycémie.

Rôle des facteurs inflammatoires
Un état inflammatoire chronique de bas grade, à
l&amp;apos;instar de ce qui est observé dans l&amp;apos;obésité, est maintenant considéré comme un environnement à risque
de pré-diabète de type 1 et 2. Il paraît plausible que les
parodontites, en augmentant les taux in situ et systémiques de médiateurs pro-inflammatoires comme la
protéine C réactive (CRP), le TNFα et l&amp;apos;IL-6, favorisent
le développement du diabète. De plus, les radicaux
libres produits par les monocytes activés au cours des
parodontites pourraient aussi favoriser l&amp;apos;inflammation
et le pré-diabète [18].

Diabète et traitement des maladies
parodontales
Bénéfice du traitement parodontal
chez le sujet diabétique
En 2013, Engebretson et ses collaborateurs [19] ont
effectué une méta-analyse dans le but d&amp;apos;étudier les
effets du traitement parodontal chez le sujet diabétique.
Les critères d&amp;apos;inclusion étaient les suivants :
kessais randomisés contrôlés ;
ktraitement parodontal chez des sujets diabétiques ;
kgroupe contrôle non traité ;
ksuivi sur 3 mois.
Ces critères n&amp;apos;ont été retrouvé que pour 9 publications, les résultats de la méta-analyse montraient que
le traitement parodontal permettait une diminution
significative de 0,36  % (IC 95  % -0,54  ; -0,19) des
niveaux d&amp;apos;HbA1c chez les sujets diabétiques traités
32

AOS 267 l MARS 2014

comparativement au groupe contrôle (p&amp;lt;0,0001). Les
études sélectionnées ne concernaient que des sujets
diabétiques de type 2.
D&amp;apos;autres méta-analyses effectuées en 2010 donnaient les même résultats : diminution de l&amp;apos;HbA1c de
0,40 % après traitement parodontal [20, 21]. En 2008,
Darré et ses collaborateurs ont également réalisé une
méta-analyse, cette dernière montrait une diminution
de l&amp;apos;HbA1c de 0,46 %. La diminution de l&amp;apos;HbA1c permet un meilleur contrôle du diabète et ainsi de limiter
l&amp;apos;apparition de complications.
Les traitements parodontaux effectués dans ces études
sont variés mais comprennent toujours des débridements mécaniques professionnels (détartrages et
surfaçages radiculaires), avec ou sans antibiothérapie,
associés à l&amp;apos;enseignement de l&amp;apos;hygiène orale [5].
Les résultats présentés demandent à être confirmés
par des études multicentriques avec de plus grands
échantillons de population. En ce qui concerne les
sujets diabétiques de type 1, nous ne disposons pas à
ce jour de résultats avec un niveau de preuve suffisant.

Gestion du diabète pendant le traitement
parodontal
Pendant la thérapeutique initiale
En 1998, Christgau et collaborateurs ont comparé
les résultats du traitement de parodontites modérées
à sévères (indice de plaque, inflammation, indice de
saignement, profondeur de poche, niveau d&amp;apos;attache,
microbiologie) entre un groupe de patients diabétiques
(HbA1 c = 4,4-10,6 %, 7 diabétiques de type 1 et 13
diabétiques de type 2) et un groupe contrôle de patients
non diabétiques (n  =  20). Les résultats montraient,
quatre mois après la thérapeutique non chirurgicale,
une amélioration significative de tous les paramètres
parodontaux sans différence entre les sujets diabétiques
et les non diabétiques.
Les recommandations du dernier Workshop EFP/
AAP [5] préconisaient, chez les sujets diabétiques de
type 2, une prise en charge des maladies parodontales
par un traitement parodontal classique : débridement
mécanique professionnel et enseignement de l&amp;apos;hygiène
orale (fig. 4 et 5). En effet, il n&amp;apos;y a pas, à ce jour, d&amp;apos;évidence de supériorité d&amp;apos;un traitement spécifique ou de
l&amp;apos;adjonction d&amp;apos;une antibiothérapie. De plus, les sujets
diabétiques doivent être informés de leur plus grand
risque de développer une maladie parodontale et d&amp;apos;un
moins bon contrôle des paramètres glycémiques en cas
de parodontite non traitée. Ces sujets doivent recevoir
chaque année un examen parodontal complet. Enfin,
il est nécessaire d&amp;apos;adresser à un spécialiste (endocrinologue) les patients non diagnostiqués comme diabétiques mais présentant des signes de maladie parodontale associée à des signes de diabète de type 2 (polyurie,

Diabète et maladies parodontales Spécial parodontologie

T

Tableau 2. Prise en charge des patients diabétiques avec ou sans maladie parodontale

Phase systémique
du traitement parodontal

Diabétiques diagnostiqués

Diabétiques non-diagnostiqués

Vériﬁer les taux d&amp;apos;HbA1c et la bonne prise en
charge du patient pour son diabète.
Si nécessaire, contacter le médecin traitant.

Maladie parodontale associée à des signes
de diabète : détection des taux d&amp;apos;HbA1c
et adresser le patient à un spécialiste.

Thérapeutique parodontale
initiale

Débridement mécanique professionnel et enseignement de l&amp;apos;hygiène orale.
Pas de preuve de l&amp;apos;intérêt de l&amp;apos;adjonction d&amp;apos;une antibiothérapie.

Thérapeutique parodontale
chirurgicale et/ou implantaire

Possible si HbA1c &amp;lt; 7 %.

Suivi des patients

Diabétiques sans maladie parodontale

Diabétiques avec maladie parodontale

Réaliser un examen parodontal complet
chaque année. Informer le patient
des risques augmentés de développer
une maladie parodontale.

Adapter la fréquence des séances de thérapeutique
parodontale de soutien. Informer le patient
du risque de diminution du contrôle glycémique
si la parodontite n&amp;apos;est pas traitée.

S
Figure 4 :
Parodontite chronique sévère chez un patient diabétique de type 2. Situation
clinique avant traitement parodontal.

polydipsie, polyphagie). Dans ce cas, la mesure du taux
d&amp;apos;HbA1c, simple et rapide, peut être prescrite par le
chirurgien dentiste en première intention.
Chez les sujets diabétiques de type 1, l&amp;apos;intérêt de la
doxycycline parallèlement au traitement parodontal
non chirurgical a été étudié en administration locale et
systémique. En 2004, Martorelli de Lima et ses collaborateurs, ont réalisé une étude clinique, en bouche comparée, sur 22 défauts parodontaux résiduels (≥ 5 mm)
après la thérapeutique initiale, chez 11  sujets. Les
résultats montraient, de manière significative (p &amp;lt; 0,05),
une plus grande diminution de la profondeur de poche
et un plus grand gain d&amp;apos;attache dans le groupe test
(détartrage-surfaçage radiculaire et gel de doxycycline
en sous-gingival), comparativement au groupe contrôle
(détartrage-surfaçage radiculaire + gel placebo en
sous-gingival) 12 mois après le traitement.
En 2005, Llambés et ses collaborateurs [24] ont analysé
les résultats du traitement parodontal non chirurgical
chez 60 sujets diabétiques de type 1. Le groupe test
(n = 30) avait reçu, en plus du traitement parodontal
mécanique initial, une administration systémique de

S
Figure 5 :

Parodontite chronique sévère chez un patient diabétique de
type 2. Situation clinique 8 semaines après la thérapeutique
initiale (enseignement à l&amp;apos;hygiène orale, détartrage et surfaçages
radiculaires).

doxycycline pendant 15 jours et le groupe contrôle
(n = 30) n&amp;apos;avait pas reçu de doxycycline. 12 semaines
après le traitement, la réduction des profondeurs de
poche pour les poches profondes (≥ 6 mm) et du saignement au sondage était significativement supérieure
dans le groupe test (p = 0,03). Cependant les résultats
de ces deux études demandent à être confirmés par
des études de plus haut niveau de preuve sur de plus
grands échantillons de population.

Cicatrisation et chirurgie parodontale
ou implantaire
Les taux sériques d&amp;apos;HbA1c reflètent le contrôle de
la glycémie lors des trois derniers mois. Un diabète
est dit équilibré lorsque le taux d&amp;apos;HbA1c est &amp;lt; à 7 %.
Chez les patients diabétiques devant recevoir un
traitement parodontal chirurgical ou un traitement
implantaire, il est donc nécessaire d&amp;apos;obtenir des taux
d&amp;apos;HbA1 &amp;lt; à 7 %. Une communication entre le dentiste
ou le parodontiste et le médecin traitant peut alors
s&amp;apos;avérer indispensable. Des taux d&amp;apos;HbA1c trop élevés
entraîneront des complications pour la cicatrisation
MARS 2014 l AOS 267

33

Spécial parodontologie Dagorne C., Rangé H.

postopératoire. Le tableau 2 résume les spécificités du
traitement parodontal chez les patients diabétiques
ainsi que les précautions à mettre en œuvre lors du
suivi de ces patients en parodontologie.

CONCLUSION
Le diabète, avec le tabac, est un des deux facteurs de
risque majeurs des maladies parodontales. Les mécanismes biologiques impliqués dans la pathogenèse des
parodontites chez le patient diabétique sont de mieux
en mieux connus et reposent sur la dysrégulation de
médiateurs pro-inflammatoires comme l&amp;apos;IL-1β, l&amp;apos;IL-6,
le TNFα et de molécules clés du métabolisme osseux et
de la cicatrisation tels que le système RANKL/OPG et
AGEs/RAGEs. Les patients diabétiques sont et seront
aussi de plus en plus fréquents au cabinet dentaire
puisque près de 10 % de la population mondiale est
diabétique. L&amp;apos;influence croissante du surpoids et de

Bibliographie
[1] Eke P.I. et al. Prevalence of Periodontitis in
adults in the United States : 2009 and 2010.
J Dent Res (2012) 91:914-920.
[2] Mealey B.L. et al. Diabetes mellitus and
periodontal disease. Periodontol 2000 (2007)
44 :127–153.
[3] Mattout C, Bourgeois D, Bouchard P.
Type 2 diabetes and periodontal indicators:
epidemiology in France 2002-2003.
J Periodontal Res. 2006 Aug;41(4):253-8.
[4] Borrell L.N. et al. Prevalence and trends in
periodontitis in the USA: from the NHANES
III to the NHANES, 1988 to 2000. J Dent Res
(2005) 84 :924-930.
[5] Chapple I.L.C. et al. Diabetes and
periodontal diseases: consensus report of the
Joint EFP/AAP Workshop on Periodontitis
and Systemic Diseases. J Periodontol (2013)
84:S106–S112.
[6] Borgnakke W.S. et al. Effect of periodontal
disease on diabetes: systematic review of
epidemiologic observational evidence.
J Clin Periodontol (2013) 40 :S135–S152.
[7] Taylor J.J., Preshaw P.M., Lalla E. A review
of the evidence for pathogenic mechanisms that
may link periodontitis and diabetes.
J Clin Periodontol (2013) 40:S113-S134.
[8] Engebretson, S. et al. The influence of
diabetes on gingival crevicular fluid betaglucuronidase and interleukin-8.
J Clin Periodontology (2006) 11: 784-790.

34

AOS 267 l MARS 2014

l&amp;apos;obésité renforce cette prise de conscience sanitaire.
Si les parodontites sont plus fréquentes et plus sévères
chez les diabétiques, leur traitement ne diffère pas
et les résultats sont bons  [25]. Toutefois les relations
qu&amp;apos;entretiennent le diabète et les maladies parodontales
sont complexes et depuis quelques années les preuves
s&amp;apos;accumulent également dans le sens inverse. Le cercle
est vicieux. Les maladies parodontales déséquilibrent
la glycémie, augmentent le risque de complication chez
le diabétique et pourraient être un facteur de risque de
diabète. Le traitement parodontal est bénéfique chez les
diabétiques puisque les méta-analyses s&amp;apos;accordent sur
une réduction d&amp;apos;environ 0,4 % du taux d&amp;apos;hémoglobine
glyquée (HbA1c), ce qui équivaut au bénéfice thérapeutique de l&amp;apos;administration d&amp;apos;un deuxième médicament
anti-diabétique pour le patient. Il apparaît clair que les
maladies parodontales doivent être prévenues et traitées
efficacement, non seulement pour conserver une denture fonctionnelle à long terme mais aussi pour réduire
le risque de pathologies métaboliques comme le diabète.

[9] Salvi G.E. et al. Inflammatory mediator
response as a potential risk marker for
periodontal diseases in insulin-dependent
diabetes mellitus patients. J Periodontol (1997)
68:127-135.
[10] Duarte P.M. Role of smoking and type 2
diabetes in the immunobalance of advanced
chronic periodontitis. J Periodontology (2011)
82:429-438.
[11] Takano et al. The effect of systemic antitumor necrosis factor-alpha treatment on
Porphyromonas gingivalis infection in type 2
diabetic mice. Archives of Oral Biology (2010)
55:79-384.
[12] Vieira Ribeiro et al. Cytokines and bonerelated factors in systemically healthy patients
with chronic periodontitis and patients with
type 2 diabetes and chronic periodontitis.
J Periodontology (2008) 79:1208-1216.
[13] Rangé H. et al. Risque Parodontal chez
le patient obèse. Obesité (2010) 5 :67-73.
[14] Schmidt et al. Advanced glycation
endproducts (AGEs) induce oxidant stress
in the gingiva: a potentiam mechanism
underlying accelerated periodontal disease
associated with diabetes. J Periodontal Research
(1996) 31:508-515.
[15] Takeda et al. Relationship of serum
advanced glycation end products with
deterioration of periodontitis in type 2 diabetes
patients. J Periodontology (2006) 77: 15-20.
[16] Lalla et al. Blockade of RAGE suppresses
periodontitis associated bone loss in diabetic
mice. J Clin Invest (2000) 105: 1117-1124.
[17] Makiura et al. Relationship of
Porphyromonas gingivalis with glycemic level

in patients with type 2 diabetes following
periodontal treatment. Oral Microbiology and
Immunol (2008) 23:348-351.
[18] D&amp;apos;Aiuto et al. Oxidative stress, systemic
inflammation, and severe periodontitis.
J Dent Res (2010) 89:1241-1246.
[19] Engebretson, S. et al. Evidence that
periodontal treatment improves diabetes
outcomes: a systematic review and metaanalysis. J Periodontol (2013) 84 :S153–S163.
[20] Teeuw W.J. et al. Effect of Periodontal
Treatment on Glycemic Control of Diabetic
Patients: A systematic review and metaanalysis. Diabetes Care (2010) 33 :421–427.
[21] Simpson T.C. et al. Treatment of
periodontal disease for glycaemic control in
people with diabetes. Cochrane Database Syst
Rev (2010) 12 : CD004714.
[22] Darré, L. et al. Efficacy of periodontal
treatment on glycaemic control in diabetic
patients: A meta-analysis of interventional
studies. Diabetes Metab (2008) 34 :497–506.
[23] Martorelli de Lima A.F. et al. Therapy with
adjunctive doxycycline local delivery in patients
with type 1 diabetes mellitus and periodontitis.
J Clin Periodontol (2004) 31 :648-653.
[24] Llambes F. et al. Effect of non-surgical
periodontal treatment with or without
doxycycline on the periodontium of type 1
diabetic patients. J Clin Periodontol (2005)
32 :915–920.
[25] Christgau M. et al. Healing response to
non-surgical periodontal therapy in patients
with diabetes mellitus: clinical, microbiological,
and immunologic results. J Clin Periodontol
(1998) 25:112-124.

</p>
         </div>
      </body>
      <back>
         <div type="references">
            <head>References</head>
            <listBibl>
               <bibl type="journal" xml:id="R1">
                  <persName>
                     <surname>Eke</surname>
                     <forename type="first">P.I.</forename>
                  </persName> . <title level="a" type="main">Prevalence of Periodontitis in adults in the United States : 2009 and 2010</title>. <title level="j">
                     <hi rend="italic">J Dent Res</hi>
                  </title> (<date type="year">2012</date>) <biblScope unit="vol">91</biblScope>:<biblScope unit="page" from="914">914</biblScope>-<biblScope unit="page" to="920">920</biblScope>. </bibl>
               <bibl type="journal" xml:id="R2">
                  <persName>
                     <surname>Mealey</surname>
                     <forename type="first">B.L.</forename>
                  </persName> . <title level="a" type="main">Diabetes mellitus and periodontal disease</title>. <title level="j">
                     <hi rend="italic">Periodontol 2000</hi>
                  </title> (<date type="year">2007</date>) <biblScope unit="vol">44</biblScope> :<biblScope unit="page" from="127">127</biblScope>-<biblScope unit="page" to="153">153</biblScope>. </bibl>
               <bibl type="journal" xml:id="R3">
                  <persName>
                     <surname>Mattout</surname>
                     <forename type="first">C</forename>
                  </persName>, <persName>
                     <surname>Bourgeois</surname>
                     <forename type="first">D</forename>
                  </persName>, <persName>
                     <surname>Bouchard</surname>
                     <forename type="first">P</forename>
                  </persName>. <title level="a" type="main">Type 2 diabetes and periodontal indicators: epidemiology in France 2002-2003</title>. <title level="j">
                     <hi rend="italic">J Periodontal Res.</hi>
                  </title> 
                  <date type="year">2006</date> 
                  <date type="month">Aug</date>;<biblScope unit="vol">41</biblScope>(<biblScope unit="issue">4</biblScope>):<biblScope unit="page" from="253">253</biblScope>-<biblScope unit="page" to="8">8</biblScope>. </bibl>
               <bibl type="journal" xml:id="R4">
                  <persName>
                     <surname>Borrell</surname>
                     <forename type="first">L.N.</forename>
                  </persName> . <title level="a" type="main">Prevalence and trends in periodontitis in the USA: from the NHANES III to the NHANES, 1988 to 2000</title>. <title level="j">
                     <hi rend="italic">J Dent Res</hi>
                  </title> (<date type="year">2005</date>) <biblScope unit="vol">84</biblScope> :<biblScope unit="page" from="924">924</biblScope>-<biblScope unit="page" to="930">930</biblScope>. </bibl>
               <bibl type="journal" xml:id="R5">
                  <persName>
                     <surname>Chapple</surname>
                     <forename type="first">I.L.C.</forename>
                  </persName> . <title level="a" type="main">Diabetes and periodontal diseases: consensus report of the Joint EFP/AAP Workshop on Periodontitis and Systemic Diseases</title>. <title level="j">
                     <hi rend="italic">J Periodontol</hi>
                  </title> (<date type="year">2013</date>) <biblScope unit="vol">84</biblScope>:<biblScope unit="page" from="S106">S106</biblScope>-<biblScope unit="page" to="S112">S112</biblScope>. </bibl>
               <bibl type="journal" xml:id="R6">
                  <persName>
                     <surname>Borgnakke</surname>
                     <forename type="first">W.S.</forename>
                  </persName> . <title level="a" type="main">Effect of periodontal disease on diabetes: systematic review of epidemiologic observational evidence</title>. <title level="j">
                     <hi rend="italic">J Clin Periodontol</hi>
                  </title> (<date type="year">2013</date>) <biblScope unit="vol">40</biblScope> :<biblScope unit="page" from="S135">S135</biblScope>-<biblScope unit="page" to="S152">S152</biblScope>. </bibl>
               <bibl type="journal" xml:id="R7">
                  <persName>
                     <surname>Taylor</surname>
                     <forename type="first">J.J.</forename>
                  </persName>, <persName>
                     <surname>Preshaw</surname>
                     <forename type="first">P.M.</forename>
                  </persName>, <persName>
                     <surname>Lalla</surname>
                     <forename type="first">E</forename>
                  </persName>. <title level="a" type="main">A review of the evidence for pathogenic mechanisms that may link periodontitis and diabetes</title>. <title level="j">
                     <hi rend="italic">J Clin Periodontol</hi>
                  </title> (<date type="year">2013</date>) <biblScope unit="vol">40</biblScope>:<biblScope unit="page" from="S113">S113</biblScope>-<biblScope unit="page" to="S134">S134</biblScope>. </bibl>
               <bibl type="journal" xml:id="R8">  
                  <persName>
                     <surname>Engebretson</surname>
                     <forename type="first">S</forename>
                  </persName>, . <title level="a" type="main">The influence of diabetes on gingival crevicular fluid betaglucuronidase and interleukin-8</title>. <title level="j">
                     <hi rend="italic">J Clin Periodontology</hi>
                  </title> (<date type="year">2006</date>) <biblScope unit="vol">11</biblScope>: <biblScope unit="page" from="784">784</biblScope>-<biblScope unit="page" to="790">790</biblScope>. </bibl>
               <bibl type="journal" xml:id="R9">
                  <persName>
                     <surname>Salvi</surname>
                     <forename type="first">G.E.</forename>
                  </persName> . <title level="a" type="main">Inflammatory mediator response as a potential risk marker for periodontal diseases in insulin-dependent diabetes mellitus patients</title>. <title level="j">
                     <hi rend="italic">J Periodontol</hi>
                  </title> (<date type="year">1997</date>) <biblScope unit="vol">68</biblScope>:<biblScope unit="page" from="127">127</biblScope>-<biblScope unit="page" to="135">135</biblScope>. </bibl>
               <bibl type="journal" xml:id="R10">
                  <persName>
                     <surname>Duarte</surname>
                     <forename type="first">P.M.</forename>
                  </persName>. <title level="a" type="main">Role of smoking and type 2 diabetes in the immunobalance of advanced chronic periodontitis</title>. <title level="j">
                     <hi rend="italic">J Periodontology</hi>
                  </title> (<date type="year">2011</date>) <biblScope unit="vol">82</biblScope>:<biblScope unit="page" from="429">429</biblScope>-<biblScope unit="page" to="438">438</biblScope>. </bibl>
               <bibl type="journal" xml:id="R11">
                  <persName>
                     <surname>Takano</surname>
                  </persName> . <title level="a" type="main">The effect of systemic antitumor necrosis factor-alpha treatment on Porphyromonas gingivalis infection in type 2 diabetic mice</title>. <title level="j">
                     <hi rend="italic">Archives of Oral Biology</hi>
                  </title> (<date type="year">2010</date>) <biblScope unit="vol">55</biblScope>:<biblScope unit="page" from="79">79</biblScope>-<biblScope unit="page" to="384">384</biblScope>. </bibl>
               <bibl type="journal" xml:id="R12">
                  <persName>
                     <surname>Vieira Ribeiro</surname>
                  </persName> . <title level="a" type="main">Cytokines and bonerelated factors in systemically healthy patients with chronic periodontitis and patients with type 2 diabetes and chronic periodontitis</title>. <title level="j">
                     <hi rend="italic">J Periodontology</hi>
                  </title> (<date type="year">2008</date>) <biblScope unit="vol">79</biblScope>:<biblScope unit="page" from="1208">1208</biblScope>-<biblScope unit="page" to="1216">1216</biblScope>. </bibl>
               <bibl type="journal" xml:id="R13">
                  <persName>
                     <surname>Rangé</surname>
                     <forename type="first">H.</forename>
                  </persName> . <title level="a" type="main">Risque Parodontal chez le patient obèse</title>. <title level="j">
                     <hi rend="italic">Obesité</hi>
                  </title> (<date type="year">2010</date>) <biblScope unit="vol">5</biblScope> :<biblScope unit="page" from="67">67</biblScope>-<biblScope unit="page" to="73">73</biblScope>. </bibl>
               <bibl type="journal" xml:id="R14">  
                  <persName>
                     <surname>Schmidt</surname>
                  </persName> . <title level="a" type="main">Advanced glycation endproducts (AGEs) induce oxidant stress in the gingiva: a potentiam mechanism underlying accelerated periodontal disease associated with diabetes</title>. <title level="j">
                     <hi rend="italic">J Periodontal Research</hi>
                  </title> (<date type="year">1996</date>) <biblScope unit="vol">31</biblScope>:<biblScope unit="page" from="508">508</biblScope>-<biblScope unit="page" to="515">515</biblScope>. </bibl>
               <bibl type="journal" xml:id="R15">
                  <persName>
                     <surname>Takeda</surname>
                  </persName> . <title level="a" type="main">Relationship of serum advanced glycation end products with deterioration of periodontitis in type 2 diabetes patients</title>. <title level="j">
                     <hi rend="italic">J Periodontology</hi>
                  </title> (<date type="year">2006</date>) <biblScope unit="vol">77</biblScope>: <biblScope unit="page" from="15">15</biblScope>-<biblScope unit="page" to="20">20</biblScope>. </bibl>
               <bibl type="journal" xml:id="R16">
                  <persName>
                     <surname>Lalla</surname>
                  </persName> . <title level="a" type="main">Blockade of RAGE suppresses periodontitis associated bone loss in diabetic mice</title>. <title level="j">
                     <hi rend="italic">J Clin Invest</hi>
                  </title> (<date type="year">2000</date>) <biblScope unit="vol">105</biblScope>: <biblScope unit="page" from="1117">1117</biblScope>-<biblScope unit="page" to="1124">1124</biblScope>. </bibl>
               <bibl type="journal" xml:id="R17">
                  <persName>
                     <surname>Makiura</surname>
                  </persName> . <title level="a" type="main">Relationship of Porphyromonas gingivalis with glycemic level in patients with type 2 diabetes following periodontal treatment</title>. <title level="j">
                     <hi rend="italic">Oral Microbiology and Immunol</hi>
                  </title> (<date type="year">2008</date>) <biblScope unit="vol">23</biblScope>:<biblScope unit="page" from="348">348</biblScope>-<biblScope unit="page" to="351">351</biblScope>. </bibl>
               <bibl type="journal" xml:id="R18"> D’<persName>
                     <surname>Aiuto</surname>
                  </persName> . <title level="a" type="main">Oxidative stress, systemic inflammation, and severe periodontitis</title>. <title level="j">
                     <hi rend="italic">J Dent Res</hi>
                  </title> (<date type="year">2010</date>) <biblScope unit="vol">89</biblScope>:<biblScope unit="page" from="1241">1241</biblScope>-<biblScope unit="page" to="1246">1246</biblScope>. </bibl>
               <bibl type="journal" xml:id="R19">  
                  <persName>
                     <surname>Engebretson</surname>
                     <forename type="first">S</forename>
                  </persName>, . <title level="a" type="main">Evidence that periodontal treatment improves diabetes outcomes: a systematic review and metaanalysis</title>. <title level="j">
                     <hi rend="italic">J Periodontol</hi>
                  </title> (<date type="year">2013</date>) <biblScope unit="vol">84</biblScope> :<biblScope unit="page" from="S153">S153</biblScope>-<biblScope unit="page" to="S163">S163</biblScope>. </bibl>
               <bibl type="journal" xml:id="R20">
                  <persName>
                     <surname>Teeuw</surname>
                     <forename type="first">W.J.</forename>
                  </persName> . <title level="a" type="main">Effect of Periodontal Treatment on Glycemic Control of Diabetic Patients: A systematic review and metaanalysis</title>. <title level="j">
                     <hi rend="italic">Diabetes Care</hi>
                  </title> (<date type="year">2010</date>) <biblScope unit="vol">33</biblScope> :<biblScope unit="page" from="421">421</biblScope>-<biblScope unit="page" to="427">427</biblScope>. </bibl>
               <bibl type="journal" xml:id="R21">  
                  <persName>
                     <surname>Simpson</surname>
                     <forename type="first">T.C.</forename>
                  </persName>, . <title level="a" type="main">Treatment of periodontal disease for glycaemic control in people with diabetes</title>. <title level="j">
                     <hi rend="italic">Cochrane Database Syst Rev</hi>
                  </title>
                  <hi rend="italic"> (</hi>
                  <date type="year">2010</date>
                  <hi rend="italic">)</hi> 
                  <biblScope unit="vol">12</biblScope> : <idno type="elocation-id">CD004714</idno>. </bibl>
               <bibl type="journal" xml:id="R22">
                  <persName>
                     <surname>Darré</surname>
                     <forename type="first">L.</forename>
                  </persName> . <title level="a" type="main">Efficacy of periodontal treatment on glycaemic control in diabetic patients: A meta-analysis of interventional studies</title>. <title level="j">
                     <hi rend="italic">Diabetes Metab</hi>
                  </title> (<date type="year">2008</date>) <biblScope unit="vol">34</biblScope> :<biblScope unit="page" from="497">497</biblScope>-<biblScope unit="page" to="506">506</biblScope>. </bibl>
               <bibl type="journal" xml:id="R23">  
                  <persName>
                     <surname>Martorelli de Lima</surname>
                     <forename type="first">A.F.</forename>
                  </persName> . <title level="a" type="main">Therapy with adjunctive doxycycline local delivery in patients with type 1 diabetes mellitus and periodontitis</title>. <title level="j">
                     <hi rend="italic">J Clin Periodontol</hi>
                  </title> (<date type="year">2004</date>) <biblScope unit="vol">31</biblScope> :<biblScope unit="page" from="648">648</biblScope>-<biblScope unit="page" to="653">653</biblScope>. </bibl>
               <bibl type="journal" xml:id="R24">
                  <persName>
                     <surname>Llambes</surname>
                     <forename type="first">F.</forename>
                  </persName> . <title level="a" type="main">Effect of non-surgical periodontal treatment with or without doxycycline on the periodontium of type 1 diabetic patients</title>. <title level="j">
                     <hi rend="italic">J Clin Periodontol</hi>
                  </title> (<date type="year">2005</date>) <biblScope unit="vol">32</biblScope> :<biblScope unit="page" from="915">915</biblScope>-<biblScope unit="page" to="920">920</biblScope>. </bibl>
               <bibl type="journal" xml:id="R25">
                  <persName>
                     <surname>Christgau</surname>
                     <forename type="first">M.</forename>
                  </persName> . <title level="a" type="main">Healing response to non-surgical periodontal therapy in patients with diabetes mellitus: clinical, microbiological, and immunologic results</title>. <title level="j">
                     <hi rend="italic">J Clin Periodontol</hi>
                  </title> (<date type="year">1998</date>) <biblScope unit="vol">25</biblScope>:<biblScope unit="page" from="112">112</biblScope>-<biblScope unit="page" to="124">124</biblScope>.</bibl>
            </listBibl>
         </div>
      </back>
   </text>
</TEI>
