<?xml version="1.0" encoding="UTF-8"?>
<!--Version 1.2 générée le 6-12-2018-->
<TEI xmlns:tei="http://www.tei-c.org/ns/1.0" xml:lang="en" type="other">
  <teiHeader>
    <fileDesc>
      <titleStmt>
        <title level="a" type="main" xml:lang="en">Quantifying changes in retinal circulation: the generation of parametric images from fluorescein angiograms</title>
      </titleStmt>
      <publicationStmt>
        <authority>ISTEX</authority>
        <publisher scheme="https://scientific-publisher.data.istex.fr">Institute Of Physics</publisher>
        <pubPlace>Bristol</pubPlace>
        <availability>
          <licence>
            <p>IOP</p>
          </licence>
        </availability>
        <p scheme="https://loaded-corpus.data.istex.fr/ark:/67375/XBH-4D4R3TJT-T"/>
        <date>1998</date>
      </publicationStmt>
      <notesStmt>
        <note type="other" scheme="https://content-type.data.istex.fr/ark:/67375/XTP-7474895G-0">other</note>
        <note type="journal" scheme="https://publication-type.data.istex.fr/ark:/67375/JMC-0GLKJH51-B">journal</note>
      </notesStmt>
      <sourceDesc>
        <biblStruct type="inbook">
          <analytic>
            <title level="a" type="main" xml:lang="en">Quantifying changes in retinal circulation: the generation of parametric images from fluorescein angiograms</title>
            <author xml:id="author-0000">
              <persName>
                <forename type="first">J H</forename>
                <surname>Hipwell</surname>
              </persName>
              <affiliation>Department of Bio-Medical Physics and Bio-Engineering, University of Aberdeen, Foresterhill, Aberdeen AB9 2ZD, UK</affiliation>
            </author>
            <author xml:id="author-0001">
              <persName>
                <forename type="first">A</forename>
                <surname>Manivannan</surname>
              </persName>
              <affiliation>Department of Bio-Medical Physics and Bio-Engineering, University of Aberdeen, Foresterhill, Aberdeen AB9 2ZD, UK</affiliation>
            </author>
            <author xml:id="author-0002">
              <persName>
                <forename type="first">P</forename>
                <surname>Vieira</surname>
              </persName>
              <affiliation>Department of Bio-Medical Physics and Bio-Engineering, University of Aberdeen, Foresterhill, Aberdeen AB9 2ZD, UK</affiliation>
            </author>
            <author xml:id="author-0003">
              <persName>
                <forename type="first">P F</forename>
                <surname>Sharp</surname>
              </persName>
              <affiliation>Department of Bio-Medical Physics and Bio-Engineering, University of Aberdeen, Foresterhill, Aberdeen AB9 2ZD, UK</affiliation>
            </author>
            <author xml:id="author-0004">
              <persName>
                <forename type="first">J V</forename>
                <surname>Forrester</surname>
              </persName>
              <affiliation>Department of Ophthalmology, University of Aberdeen, Polworth Building, Foresterhill, Aberdeen AB9 2ZD, UK</affiliation>
            </author>
            <idno type="istex">DC65C1FE89C46D601A6BBC517C01D8C66A3D05D2</idno>
            <idno type="ark">ark:/67375/0T8-WBS59XZV-8</idno>
            <idno type="DOI">10.1088/0967-3334/19/2/004</idno>
            <idno type="PII">S0967-3334(98)85707-9</idno>
            <idno type="ecsID">85707</idno>
            <idno type="article-id">004</idno>
            <idno type="ej1">pm1900203</idno>
            <idno type="ej2">pm1998019020004</idno>
            <idno type="inspecID">5958280</idno>
          </analytic>
          <monogr>
            <title level="j">Physiological Measurement</title>
            <idno type="pISSN">0967-3334</idno>
            <idno type="eISSN">1361-6579</idno>
            <idno type="serialID">106330</idno>
            <imprint>
              <publisher>Institute Of Physics</publisher>
              <pubPlace>Bristol</pubPlace>
              <date type="published" when="1998-05-01"/>
              <biblScope unit="volume">19</biblScope>
              <biblScope unit="issue">2</biblScope>
              <biblScope unit="page" from="165">165</biblScope>
              <biblScope unit="page" to="180">180</biblScope>
              <biblScope unit="range">165-180</biblScope>
              <biblScope unit="referenceNumber">26</biblScope>
              <biblScope unit="citationNumber">50</biblScope>
            </imprint>
          </monogr>
        </biblStruct>
      </sourceDesc>
    </fileDesc>
    <profileDesc>
      <creation>
        <date>1998</date>
      </creation>
      <langUsage>
        <language ident="en">en</language>
      </langUsage>
    </profileDesc>
    <revisionDesc>
      <change when="1998-05-01">Published</change>
    </revisionDesc>
  </teiHeader>
  <text>
    <body>
      <div>
        <p>
Physiol. Meas. 19 (1998) 165–180. Printed in the UK

PII: S0967-3334(98)85707-9

Quantifying changes in retinal circulation: the generation
of parametric images from ﬂuorescein angiograms
J H Hipwell†, A Manivannan†, P Vieira†, P F Sharp† and J V Forrester‡
† Department of Bio-Medical Physics and Bio-Engineering, University of Aberdeen, Foresterhill,
Aberdeen AB9 2ZD, UK
‡ Department of Ophthalmology, University of Aberdeen, Polworth Building, Foresterhill,
Aberdeen AB9 2ZD, UK
Received 7 July 1997, in ﬁnal form 16 October 1997
Abstract. Fluorescein angiography is an established technique for examining the functional
integrity of the retinal circulation. The ability to quantify this function offers the possibility
of early detection of changes due to retinopathy. We have developed a technique to generate
functional, parametric images of the retinal circulation. A given angiogram is ﬁrst registered to
align consecutive frames. At each point in the retina, a graph of ﬂuorescein intensity versus time
is then constructed and ﬁtted with a gamma variate curve. Parameters are extracted from these
curves and formed into parametric images showing the variation in ﬂuorescein passage across the
entire area of the angiogram. Parameters examined to date include time to maximum intensity,
time of arrival and rise time. The technique has been demonstrated using photographic and
scanning laser ophthalmoscopic angiograms of both normal subjects and patients with a variety
of retinopathies. The time to maximum images of the normal subjects reveals a similar ﬁlling
pattern in each case, whilst the pathologies present in the abnormal angiograms are clearly
identiﬁed. The generation of functional time to maximum images enables the health of the
retinal circulation to be quantiﬁed with respect to the rate at which the vasculature ﬁlls with
ﬂuorescein. This offers a potential tool for detecting the onset of retinopathy and monitoring its
progression.
Keywords: ﬂuorescein angiography, scanning laser ophthalmoscope, image processing, retinal
circulation

1. Introduction
The invention of ﬂuorescein angiography by Novotny and Alvis (1961) provided an
invaluable means of examining the retinal circulation, and it is now a well established clinical
technique. The principles of the technique are as follows. The patient’s pupil is dilated about
20 min before photography with a few drops of 1% tropicamide. The pupil should dilate
to about 7 mm. He or she is then injected with 5 ml of 10% sodium ﬂuorescein dye, most
commonly into the antecubital vein. The passage of the dye through the vessels of the retina
and choroid is then photographed using a fundus camera incorporating appropriate ﬁlters. An
excitation ﬁlter is used to ensure that light of the correct band of wavelengths (465–490 nm)
illuminates the fundus and hence excites the ﬂuorescein dye present, whilst the presence of
a barrier ﬁlter in the path of the reﬂected/emitted light restricts the spectrum of the captured
image to that corresponding to the emission spectrum of ﬂuorescein (520–530 nm). The
image sequence records the various phases of ﬁlling of the retinal vessels. In conventional
photographic angiography frames are captured continuously during the initial phase of the
0967-3334/98/020165+16$19.50

c 1998 IOP Publishing Ltd

165

166

J H Hipwell et al

angiogram, i.e. at around one frame per second for the ﬁrst 20 s. This rate is reduced to
around a frame every 5 or 10 s up to a minute after injection and ﬁnally a few late frames
are obtained at around 3 and 5 min.
The passage of ﬂuorescein dye through the vasculature reveals abnormalities such as
breakdown of the blood–retina barrier resulting in leakage, areas of non-perfusion, ﬁlling
defects such as occluded vessels, and the presence of new and anomalous vasculature such as
microaneurysms, neovascularization and arteriovenous shunts. Conventionally the images
are captured onto 35 mm ﬁlm. However, the emergence of digital fundus cameras is set
to supersede this approach, offering the advantage of immediate clinical diagnosis without
the time-consuming processing and development associated with photographic ﬁlm. Digital
imaging also lends itself to digital image processing, due to the ease with which these
images can be stored and manipulated by a computer. Direct digital capture of images is
also now possible via the scanning laser ophthalmoscope (SLO) with its low light levels,
uniform illumination and variable wavelength light (Manivannan et al 1993). Perhaps most
signiﬁcant when used to perform angiography, however, is the rapid image capture possible
with this instrument (up to 25 Hz). This is an order of magnitude higher than that achievable
with either conventional or digital fundus photography. The rate at which images can be
obtained with both of these techniques (maximum 2 Hz) is limited by the rate at which the
ﬂash can recharge and the increasingly serious risk of damage to the subject’s retina from
multiple exposures.
Measurement of blood ﬂow is of fundamental importance to our understanding of both
normal retinal physiology, and the pathological changes in retinal circulation caused by
vascular diseases such as diabetic retinopathy. If the passage of ﬂuorescein dye through
the retina can be quantiﬁed and related to blood ﬂow, then subtle changes in the retinal
circulation, such as those resulting from a deviation of the viscosity of the blood from
the norm, could be followed closely. This might enable the onset of retinopathy to be
anticipated and would allow the progress of any subsequent treatment to be accurately
monitored. Measurement of blood ﬂow is hampered, however, by the need to measure the
vascular volume. Attempts to do so (Bulpitt and Dollery 1971, Kohner et al 1975, Blair
et al 1982, Bursell et al 1996) have been based upon the assumption that this parameter
is directly related to the diameters of the arteries and veins supplying and draining the
relevant quadrant. It must also be assumed that the ﬂow of ﬂuorescein relates directly to
the ﬂow of blood, an assumption that may be invalid for pathological cases (Kohner 1976).
A considerable amount of research therefore, has been devoted to determining other related
parameters. These have included blood ﬂow velocity (Wolf et al 1989, Arend et al 1991),
arteriovenous passage time (Wolf et al 1989), mean circulation time (Eberli et al 1979,
Koyama et al 1990, Bursell et al 1992), difference of arterial and venous times to maximum
intensity (Fonda and Bagolini 1977, Koyama et al 1990), time to maximum intensity (Jagoe
et al 1993), and time to x% of maximum intensity (Koyama et al 1990).
In nearly all cases the procedure is very similar. A number of discrete regions of
interest are positioned on the retinal vessels in the vicinity of the optic disc. From each
of these regions, ﬂuorescein intensity curves are constructed, and the chosen parameters
calculated for artery/vein pairs serving each of the retinal quadrants. A notable exception,
however, is the work of Jagoe et al (1993) in which the authors generated colour-coded
parametric images showing time to maximum intensity before and after cardiopulmonary
bypass. Particularly high-quality angiograms were clearly obtained in this study due to the
lack of movement exhibited by the anaesthetized subjects (although registration to align the
photographic images obtained was still required after digitization) and direct injection of
ﬂuorescein into the internal jugular vein.

Functional images of the retinal circulation

167

We have adopted a similar approach but have not restricted our analysis to the vasculature, calculating instead ﬂuorescein velocity parameters for every point on the angiogram.
In doing so we have had to identify an appropriate registration technique and adapt it to
cater for the variable quality angiograms obtained under normal clinical conditions. The
issues of registration accuracy and the associated implications for subsequent processing,
are frequently overlooked. We have considered this problem by estimating the error associated with this technique with respect to manual registration of six photographic angiograms.
These estimates determine the minimum size of features in the resultant parametric images
which can be attributed to real physiological features in the subject’s retina or choroid. For
digital images this implies an ideal ﬁgure of sub-pixel magnitude.
The calculation of parameters from a model which has been ﬁtted to a given set of data
will be inﬂuenced by the goodness of ﬁt of that model to the data. This in turn will affect
the conﬁdence with which the determined parameter’s value can be assumed to reﬂect real
trends in the underlying data. The large number of curves involved in the generation of a
single parametric image (between 250 000 and 1 000 000) makes a suitable goodness of ﬁt
parameter essential, given that visual examination of each curve is clearly impractical. We
have therefore adopted the correlation coefﬁcient of each curve ﬁt, as a means of ensuring
that all the data included in a given parametric image are representative of real changes in
ﬂuorescein intensity at each point in the angiogram.
The generation of functional parametric images from ﬂuorescein angiograms enables
the passage of ﬂuorescein dye through the retinal circulation to be quantiﬁed. This in turn
enables abnormal features in the retina, which may be associated with pathology, to be
identiﬁed according to how rapidly such structures ﬁll with ﬂuorescein.
2. Methods
Processing of both photographic and SLO angiograms was performed on a SPARCclassic
UNIX workstation (Sun Microsystems, USA) using purpose written C software and PVWAVE Command Language software (Visual Numerics Inc., USA).
2.1. Image acquisition
2.1.1.
Digitization of photographic angiograms. Digitization of the photographic
angiograms was carried out as follows. Each frame of the angiogram was imaged using
a 1320 × 1024 element Kodak MegaPlus CCD (charge coupled device) camera. This was
focused on the back-illuminated photographic negative. The direct digital output of the
camera was captured using the frame-grabber module of a Series-151 image processing
system (Imaging Technology Inc., USA) at a resolution of 1024 × 1024 single byte pixels.
The digitization procedure was controlled via Visilog image processing software (Noesis,
France) running on a SPARCstation IPX UNIX workstation (Sun Microsystems, USA). The
digitized images were stored on rewritable optical discs, using an LD 520 optical disc drive
(Laser Magnetic Storage Int. Co., USA).
In order to eliminate non-uniformities in illumination when digitizing photographic
angiogram frames, a ‘ﬂood’ image is captured on each digitization occasion. This image
records the illumination when no negative is present, and generally consists of a central
‘white’ (value 255) region which fades towards the periphery of the image due to the
reduced light level. Each digitized image is then scaled by 255 and divided by this ﬂood
image. The centre of the image will remain unchanged, whilst the periphery is ampliﬁed,
correcting for the reduction in illumination.

168

J H Hipwell et al

2.1.2. Scanning laser ophthalmoscope image acquisition. The SLO has been developed in
the Department of Bio-Medical Physics in Aberdeen to investigate use of the instrument to
monitor and quantify retinopathy, making particular use of its ability to image over a broad
spectrum of wavelengths by using different lasers and at variable tissue depths via confocal
imaging (Manivannan et al 1993).
The SLO offers signiﬁcant advantages over photography when used to perform
ﬂuorescein angiography. A greater number of images can be captured at an increased rate.
In photography the number of images which can be obtained, and the rate at which these
images are captured, is limited by the time taken for the ﬂash to recharge (typically between
0.5 and 1 s), the need to restrict the ﬂash rate and hence minimize patient discomfort, and
the low storage capacity of photographic ﬁlm (typically 36 exposures). In contrast the SLO
is capable of capturing images at anything up to video rate, 25 Hz. The number of images
which may be obtained is bounded only by the storage capacity of the PC’s hard disk. This
has enabled us to capture up to 300 images for any particular angiogram. In order to limit
the amount of data acquired, however, we begin acquiring images 5 s after the injection of
dye, at a rate of 6 Hz for the ﬁrst 35 s. For the next 50 s 1 image per second is obtained
and the rate is further reduced to 0.1 Hz up to 5 min after injection.
The intensity of light required by the SLO to illuminate the retina is much lower that that
of the conventional fundus camera, signiﬁcantly reducing patient discomfort and the risk of
damage to the retina from multiple exposures. The optical geometry of the SLO and the
narrow laser beam width reduces the variation in illumination across the image compared
with photographic images, and the images are readily digitized by directly capturing the
video signal using a frame grabber. In general these advantages far outweigh the reduction
in the resolving power of the SLO (18 lines/mm in the horizontal and 22 lines/mm in the
vertical (Manivannan et al 1993) as opposed to 40 lines/mm for the fundus camera (Frisen
1980)).
2.2. Registration
Registration of each angiogram prior to analysis is required to remove the effects of patient
movement. Approximate alignment of the photographic angiogram frames can be achieved
when digitizing. This also ensures that the maximum amount of information in the sequence
is preserved by maximizing the area of overlap between consecutive frames. Registration is
still required, however, to ensure that small features, such as blood vessels, are accurately
superimposed on all frames. As stated in the introduction it is the magnitude of the
registration error which determines the minimum size of features that we could hope to
identify via subsequent image analysis, and for digital images this implies an ideal error of
less than one pixel.
The registration technique adopted was that of Cideciyan (1992) and incorporated code
kindly provided by the author himself. This algorithm makes use of the invariance of the
Fourier magnitude of an image to translation. Cross correlation in the Fourier domain can
therefore be applied to the polar-resampled Fourier magnitudes of each image to determine
their misalignment with respect to scale and rotation. A separate cross-correlation step, after
transformation of one of the images by the appropriate rotational angle and scale factor, can
then be performed to determine their translational misalignment.
Prior to registration the images were shade-corrected to remove any low-frequency
intensity content such as that produced by uneven illumination of the images (Spencer 1992).
This is achieved by subtracting a grossly median ﬁltered version of the image from itself,
and produces an image in which only small features such as the retinal vessels are present.

Functional images of the retinal circulation

169

An aperture mask is also generated for each image, enabling the subsequent curve ﬁtting
to be restricted to areas of the angiogram in which there are sufﬁcient overlapping frames. A
circular aperture was determined for each photographic image by ﬁtting a circle to candidate
edge points via an iterative least squares algorithm. The edge candidates were determined
by applying a Sobel ﬁlter to the image, thresholding the magnitude of the result (at an
empirically determined level of seven grey levels) and scanning rows and columns to obtain
peripheral points. For the SLO angiograms a rectangular aperture mask was generated, only
slightly smaller than the image itself. The resulting aperture masks were then transformed
by the appropriate translation, rotation and scale parameters calculated by the registration
program. Each aperture mask covers approximately 80% of its corresponding frame.
This program takes approximately 30 min to register a 5122 image on a SUN
SPARCstation 10 or 7 min on an ULTRA 1 SUN SPARCstation. By using six SUN
workstations of various types, 300 or so SLO angiograms frames could be registered
overnight in about 8 h.
2.2.1. Registration accuracy. We have estimated the success rate and accuracy of the
registration technique by comparing the transformations calculated with those generated via
manual registration.
Manual registration is a point-mapping registration technique which requires the user
to select a set of points from the reference image, and the corresponding set of points
in the object image to be registered. Noesis Vision Inc. Visilog 4.1.4 image processing
software was used for this purpose. In all the manual registrations performed in this study,
16 points were chosen, evenly distributed across both images (these points should not be
confused with the 16×16 grid of points used to determine the registration accuracy described
below). First-order polynomials were generated from these points, removing the effects of
translation, rotation and scale, as well as any shear which might be present (although the
latter appears to be negligible).
The accuracy of the manual registration was initially estimated by calculating the
distance moved by each of a 16 × 16 regular grid of points superimposed on each frame of
a test angiogram. This angiogram was chosen because of its large number of high-quality
frames making it a suitable candidate for accurate manual registration and allowing the upper
bound of accuracies for both manual and automated registrations to be determined. The
16 × 16 grid (covering the entire area of each image) produces sufﬁcient data to permit the
mean and standard deviation of the error to be calculated, summarizing the accuracy of the
registration across the entire area of the frame. Each frame of this angiogram was manually
registered to a reference frame, twice. The reference frame was deﬁned as the brightest
image in the sequence in which all the vessels were completely ﬁlled with ﬂuorescein dye.
The ﬁrst transformation was then used to transform each point in the grid, and the inverse of
the second transformation was used to re-transform the points back, ideally to their original
positions. Any inaccuracy in either transformation is therefore represented by the error in
the position of each point relative to its original location. The mean and standard deviation
of the distribution of errors, for every point in every frame, is then used as an estimate of
registration accuracy.
The histogram of errors for the manual registration of 26 frames of this normal
angiogram reveals the combined mean error of both manual registrations (i.e. transformation
by the ﬁrst polynomial followed by the inverse of the second polynomial transformation)
to be 1.1 ± 0.6 pixels. If the errors of both registrations are assumed randomly distributed
in both x and y, and centred on zero, then we can assume the error of each individual
registration to be equal to around 1.1 ± 0.6 pixels also.

170

J H Hipwell et al

In order to determine the accuracy of the cross-correlation registration, the
transformation calculated by the program for a particular image was compared with that
obtained for the same registration when performed manually. This procedure was repeated
for a number of angiograms. The procedure followed was similar to that used to determine
the accuracy of the manual registration. The distance moved by each point of an evenly
spaced 16 × 16 grid of points covering the entire area of the image to be registered, was
calculated after ﬁrst undergoing the manually determined transformation, followed by the
inverse of the transformation determined by the cross-correlation program. The mean and
standard deviation of this distribution of 256 distances (or errors) for each frame gives an
indication of the accuracy of the cross-correlation registration relative to manual registration.
This in turn gives an indication of the maximum error exhibited by the cross-correlation
registration. Six angiograms were registered in this way, a total of 134 frames. In each
case the registration was considered successful if the resulting transformed image was within
three pixels of the manual result (in general failure of the registration algorithm produces an
error which is far greater than this ﬁgure). One hundred and ten of the 134 frames fulﬁlled
this criterion, a success rate of 82%. Of these successfully registered frames the accuracy
relative to manual registration had a mean of 1.2 pixels and a standard deviation of 0.5.
This is very similar to the error as calculated for manual registration of 1.1 ± 0.6 pixels. As
a result it seems likely that both manual and cross-correlation registrations are approaching
the limit of registration accuracy caused by the ‘pixelation’ of the image.
The estimated error of the cross-correlation registration of about a pixel indicates that
features as small as two pixels across should be revealed in the subsequent parametric
images.
In practice the registration of each angiogram frame after cross correlation was checked
by displaying the transformed object image and reference image simultaneously in the red
and green ﬁelds of a colour image. In this way subtle misalignment of the two images could
be identiﬁed and the object image manually reregistered if necessary. For the angiograms
analysed to date the cross-correlation registration has been found to register between 80 and
90% of angiogram frames successfully. This is in broad agreement with the value of 82%
obtained for the test angiograms described above.
An alternative algorithm, apparently better suited to registering dissimilar images,
was also considered (Herbin 1989). This technique did indeed appear able to register a
higher proportion of angiogram frames successfully (88% as opposed to 82% for the test
angiograms used above). However, the iterative nature of the algorithm led to prohibitive
execution times (2 to 3 h to register a 5122 image on a SUN SPARCstation 10) which
prevented its practical implementation in this study.
2.3. Parametric images
Having registered all the angiogram frames, a gamma variate plus second-order polynomial
was used to model both the initial appearance and subsequent recirculation of the dye. This
model of change in ﬂuorescence intensity with time (I (t)) is given in equation (1):
I (t) = K(t − t0 )α exp −

t − t0
β

+ a1 [t − (t0 + αβ)] + a2 [t − (t0 + αβ)]2 .

(1)

K is a constant scale parameter, t0 is the appearance time, α and β are arbitrary parameters
and a1 and a2 are the coefﬁcients of the polynomial.
Thompson et al (1964) used a gamma variate to model arterial dye-dilution curves
after injection of indocyanine green into the right atrium or pulmonary artery. Whilst the

Functional images of the retinal circulation

171

log-normal curve (Stow and Hetzel 1954) has proved a popular model of ﬂuorescein dyedilution (Riva et al 1978, Eberli et al 1979, Blair et al 1982, Suzuki et al 1992, Bursell
et al 1992, 1996) it was empirically derived and hence lacks the sound theoretical derivation
of the gamma variate (Davenport 1983).
We have modelled recirculation of the dye bolus as a second-order polynomial which
crosses the time axis at the maximum of the gamma variate. This constrains the polynomial
to the recirculation phase of the angiogram and allows the gamma variate to produce an
accurate ﬁt to the initial dye wave-front and its subsequent rise to maximum ﬂuorescence.
Inclusion of the polynomial also removes the need for assumptions concerning the onset of
recirculation. These assumptions are required when a model consisting solely of a single
gamma variate or log-normal curve is used, or when parameters such as the mean transit
time are calculated from the ﬁtted model (Hickam and Frayser 1965, Bulpitt and Dollery
1971, Kohner et al 1975, Riva et al 1978).
Prior to ﬁtting the dye-dilution model, the temporal data were ﬁrst smoothed using a
median ﬁlter of width 5. The model was then ﬁtted to the change in ﬂuorescein intensity
at every point in the angiogram, using the Levenberg–Marquardt least squares algorithm
(Press et al 1991). This was only performed if at least 90% of the angiogram frames were
overlapping. For each ﬁtted curve the corresponding correlation coefﬁcient between model
and data was calculated. Individual curve ﬁts were then discarded if a value of less than 0.9
was obtained, with these points in the functional images being displayed as black pixels (see
section 3). From the successfully ﬁtted curves (i.e. those for which a correlation coefﬁcient
of greater than 0.9 was obtained) functional parameters were calculated: (i) the time of
arrival, (ii) the time to maximum intensity and (iii) the rise time.
The time of arrival, t0 , indicates the shortest time taken for dye to arrive at a speciﬁc
point in the retina, and is given by one of the coefﬁcients of the ﬁtted curve (Fonda
and Bagolini 1977, Koyama et al 1990). The time for 10% of the angiogram to receive
ﬂuorescein was chosen as an estimate of the arm-to-retina time. This ﬁgure was found to
provide a good indication of the start of the angiogram (i.e. that point at which dye ﬁrst
arrives in the vessels of the retina or choroid) and is subtracted from the time to maximum in
order to allow better comparison of this parameter between patients. The time to maximum
intensity, t100 , indicates the time taken by the bolus as a whole to reach a speciﬁc point
in the retina (Fonda and Bagolini 1977, Jagoe et al 1993). It is calculated by ﬁnding
the roots of the ﬁtted curve via the Newton–Raphson method (Press et al 1991). This
algorithm iteratively extrapolates the local derivative of a function to obtain progressively
more accurate estimates of a bracketed root. The rise time, tr , is equal to the difference
between a particular curve’s time to maximum and its time of arrival (Fonda and Bagolini
1977, Suzuki et al 1992). It indicates how dispersed the bolus has become by the time it
reaches a speciﬁed point in the retina.
The curve-ﬁtting procedure takes approximately 18 h for an SLO angiogram consisting
of 220 frames running on an ULTRA 1 SUN SPARCstation. However, as for image
registration, the task is split into a number of jobs which are sent to different workstations
enabling the procedure to be completed overnight in approximately 6 h.
3. Results
Figure 1 shows a typical ﬂuorescein intensity curve, taken from an SLO angiogram, for a
point located on the retina away from the major vessels. The full circles correspond to the
intensity at this location in consecutive frames of the registered angiogram. The model is
shown ﬁtted to these data and the gamma variate closely follows the change in intensity

172

J H Hipwell et al
150

intensity

100

50

0

0

100

200

300

time (seconds)

•

Figure 1. Fluorescein intensity data ( ) for a point on an SLO angiogram located on an area
of retina away from all major retinal vessels. The origin corresponds to the time at which the
patient was injected. The model (——) has been ﬁtted to these data with a correlation coefﬁcient
of 0.99, and is composed of a gamma variate (- - - -) and second order polynomial (– – –). The
dye bolus arrives at this point in the retina 16.3 s after injection and reaches its maximum
(— · —) in 28.9 s.

generated by the ﬁrst pass of the dye bolus. The accuracy of this ﬁt is particularly obvious
in the vicinity of the initial rapid rise in intensity, corresponding to the earliest arrival of
the dye at this point in the retina. It is this region of the curve in which we are most
interested. The ‘foot’ of this slope deﬁnes the time of arrival, t0 . The time to maximum,
t100 , is the time at which the peak intensity is reached (relative to the ﬁrst arrival of dye in
the retina—the 10% arrival time) and the rise time, tr , is the difference between these two
parameters.
Unfortunately the location of the time of arrival parameter at the very limit of the
available data renders this parameter highly variable and hence inaccurate. As a result
the corresponding functional images are uninformative. The inaccuracy of this parameter
also affects the rise time, tr . The apparently rapid arrival of dye to all parts of the retina
(attributed, at least in part, to the signiﬁcant contribution of the choroidal circulation which
is situated behind the retina, during this early phase of the angiogram) means that the
value of tr is very similar to that of the time to maximum, t100 . The rise time functional
images, therefore, appear to contribute little additional information to that of the time to
maximum. For these reasons the time of arrival and rise time parameters will not be
considered further.
In the functional images discussed in the following sections the time to maximum
parameter is equated to particular colours according to its value. Thus short times to
maximum correspond to dark red or yellow regions of the image and longer times are
displayed in green, blue or white. As stated above, points on the angiogram for which the
curve ﬁtting has been unsuccessful, typically the foveal avascular zone, are set to black.
The exact mapping of the time axis (in s) to particular colours in the functional image
is shown on the colour scale associated with each image. The relationship between time
and colour, therefore, will vary between images. This approach was found preferable to

Functional images of the retinal circulation

173

associating a particular time with a particular colour due to the large physiological variation
in circulation times exhibited by even normal subjects, the ﬁne structural detail displayed
in these images and the additional quantitative information presented via the annotated time
axis.
3.1. Photographic angiograms
Two good quality 35◦ photographic angiograms, originally obtained for normal clinical
examination, were analysed. The ﬁrst was that of a diabetic patient with no retinopathy and
the second patient exhibited branch retinal vein occlusion (BRVO).
The time to maximum image generated from the photographic angiogram of the normal
diabetic subject with no signs of retinopathy is shown in ﬁgure 2. This image clearly reveals
the disparate ﬁlling rates of the temporal arteries and veins, with the arteries exhibiting a
time to maximum of around 6 s (i.e. red) and the veins appearing green, blue and white
which corresponds to values of greater than 10 s. The particularly striking feature of this
image, however, is the red ﬂush in the vicinity of the fovea. This is consistent with the
accepted observation that ‘the macular areas are the ﬁrst to become completely ﬁlled with
dye’ (Richard 1990).
Figure 3 shows the time to maximum image of a patient with an inferior branch vein
occlusion. In this condition the occluded vessel becomes narrowed, reducing the ﬂow of
blood from the corresponding area of tissue and invariably rendering this area ischaemic.
The late-ﬁlling occluded vein and associated branches are clearly identiﬁed in ﬁgure 3 by
their blue and white appearance which is in stark contrast to the earlier-ﬁlling normal retina
in the vicinity of the fovea and optic disc. These occluded vessels ﬁll about 25 to 30 s after
the ﬁrst arrival of dye in the retina. Consistent with this is the late-ﬁlling ischaemic area of
retina drained by these vessels which is shown as reaching its maximum in about 20 s.
3.2. SLO angiograms
The time to maximum images of two normal subjects generated from SLO angiograms are
shown in ﬁgures 4 and 5. Figure 4 shows a similar early macular ﬁlling pattern to the
normal photographic time to maximum image of ﬁgure 2. The smaller ﬁeld of view of the
SLO, as compared with the photographic angiograms, is obvious; however, the higher frame
rate enables the rapid temporal change in ﬂuorescence to be more accurately recorded. This
is illustrated in the graph of ﬁgure 1 and also in ﬁgure 5 which captures the differing ﬁlling
patterns of arteries and veins.
The arteries ﬁll rapidly in around 12 s, and at a similar rate across their entire volume.
The veins on the other hand reach their maxima much later in their centre (20 s) than closer
to the vessel wall (12 to 14 s). The explanation for this behaviour is given by considering
the ﬂow of blood through these large vessels. In the arteries blood, and hence the ﬂuorescein
which is being carried along with it, is travelling fastest in the centres of these vessels, and
progressively slower as the vessel wall is approached. In the veins the ﬂow is laminar; as
illustrated by the parallel stripes of colour along the lengths of these vessels in ﬁgure 5,
which indicate that the various streams are not mixing. Dye enters the retinal veins from
venules along the length of these vessels and streams along the outer walls. Dye which has
travelled to the peripheral retina enters the venous circulation from further ‘upstream’ and
hence lies closer to the centre of the vessels as it approaches the optic disc. The time to
maximum will therefore be longer in the centre of the veins than it is closer to the vessel
wall.

174

J H Hipwell et al

A
V

O

F
V

5

10

A

15

Figure 2. The time to maximum image of a normal diabetic subject (right eye) showing no
signs of retinopathy. This image was generated from a particularly high-quality photographic
angiogram and clearly indicates disparate ﬁlling of the arteries (A) and veins (V), as well as
early ﬁlling of the capillary network in the macular area centred on the fovea (F). The optic disc
is situated at O.

The time to maximum images of three abnormal subjects are shown in ﬁgures 6, 7
and 8. Figure 6 was obtained from the SLO angiogram of a diabetic subject with mild
background retinopathy represented by a single large microaneurysm on the edge of the
foveal avascular zone (FAZ). This lesion reaches its maximum ﬂuorescence in around 14
to 16 s and is surrounded by a later-ﬁlling area of leakage, shown in white—the extent of
which is clearly deﬁned. The red appearance of the optic disc suggests early ﬁlling of this
feature; however, closer examination of the angiogram reveals that this can be attributed to
the high reﬂectivity of this feature and hence pseudo-ﬂuorescence. This effect was greatly
reduced in subsequent angiograms by replacing the coloured-glass barrier ﬁlter used with
an interference ﬁlter which exhibited much higher rejection of the reﬂected laser light (i.e.
2% as opposed to 5%).
The SLO time to maximum image of the same branch vein occlusion subject featured
in ﬁgure 3, is shown in ﬁgure 7. This image shows the thin occluded vein reaching its
maximum at around 23 s, in contrast to the corresponding artery which ﬁlls in around 10 s.
The late-ﬁlling dilated vessels below the fovea are clearly identiﬁed, ﬁlling later than 15 s,
whilst most of the retina appears red and hence ﬁlls in between 10 and 15 s. Also identiﬁed
is the horseshoe-shaped area of macula oedema which obscures the fovea and reaches its
maximum in around 30 s. Finally two areas of late-ﬁlling on the optic disc and just below
and to the right of the optic disc have been highlighted. These were not readily apparent

Functional images of the retinal circulation

175

O
F

I

I

5

10

15

20

25

Figure 3. The time to maximum image generated from the photographic angiogram of a patient
with an inferior branch vein occlusion (left eye, O: optic disc, F: fovea). Late ﬁlling of the
occluded vein (white arrow with black outline) and its associated branches (black arrow with
white outline) is clearly indicated by their blue and white appearance which corresponds to times
to maxima of 25 s or more. The occluded vein has generated poorly ﬁlling, ischaemic areas of
the retina (I) which are in stark contrast to the more healthy tissue superior to the fovea.

O
F

10

15

20

Figure 4. Time to maximum image of a normal subject generated from an SLO angiogram
(right eye, O: optic disc, F: fovea). This image reveals a similar early macular ﬁlling pattern to
the normal photographic time to maximum image of ﬁgure 2.

176

J H Hipwell et al

O
F

12

14

16

18

20

Figure 5. Time to maximum image of a second normal subject (left eye, O: optic disc, F: fovea)
showing the different ﬁlling patterns of arteries and veins. The arteries (black arrows with white
outline) ﬁll rapidly in approximately 12 s, and at a similar rate across their entire volume. The
veins on the other hand (white arrows with black outline) clearly reach their maxima much later
in their centre (blue, i.e. 20 s) than closer to the vessel wall (red and orange, i.e. 12 to 14 s).

O
F

8

10

12

14

16

18

Figure 6. Time to maximum image (SLO angiogram) of a diabetic subject (left eye, O: optic
disc, F: fovea) with mild background retinopathy. This image appears normal apart from the
late-ﬁlling microaneurysm (arrowed) on the edge of the FAZ. The area of ﬂuorescein leakage
from this lesion is also clearly identiﬁed.

on the original frames of the angiogram. However, closer examination conﬁrmed an area
of capillary leakage on the optic disc, and a second area to its lower right. Such leakage is
not an uncommon feature of this condition.
The ﬁnal angiogram analysed was that of a subject with proliferative retinopathy and a

Functional images of the retinal circulation

177

L1
O

F
L2

A

OV
10

15

20

25

30

Figure 7. SLO time to maximum image of the same branch vein occlusion subject featured
in ﬁgure 3 (left eye, O: optic disc, F: fovea). This image reveals much detail of the narrowed
late-ﬁlling occluded vein (OV) which emerges from beneath the corresponding artery (A), as
well as the late-ﬁlling venous branches below the fovea (black arrows with white outline). Two
areas of leakage in the vicinity of the optic disc (L1 and L2) have also been identiﬁed.

O
F

10

15

20

25

30

35

40

45

Figure 8. SLO time to maximum image of a subject with proliferative retinopathy and a high
degree of macular ischaemia (right eye, O: optic disc, F: fovea). The ischaemic areas of the
retina are represented by the late-ﬁlling (greater than 35 s) blue and white regions of the retina
(arrows).

high degree of macular ischaemia. The time to maximum image generated from this SLO
angiogram is shown in ﬁgure 8 and reveals large areas of late-ﬁlling retina. These regions
take longer than 20–30 s to reach their maximum ﬂuorescence and clearly correspond to
ischaemic areas of the retina.

178

J H Hipwell et al

4. Discussion
The time to maximum images described above have demonstrated the ability of our
technique to quantify the state of the retinal circulation. Whilst some success has been
achieved in applying this approach to the digitized frames of photographic angiograms,
the low frame rate of these angiograms prevents the temporal change in ﬂuorescence
intensity from being accurately recorded. In addition, the high ﬂash intensity required by
fundus photography means that patient discomfort is high and involuntary eye movements
unavoidable. This reduces the total area of the retina covered by all frames of the angiogram
after registration.
The SLO offers considerable advantages in this respect with its high frame rate and low
light levels. The availability of directly digital images also removes the potential degradation
associated with digitization of photographic frames. These advantages, however, occur at
the expense of the smaller ﬁeld of view of the SLO.
The correlation coefﬁcient has proved a useful parameter in determining the success
or failure of the 300 000 plus curve ﬁts performed in each SLO angiogram. In particular,
spurious ﬁts in and around the FAZ, where the ﬂuorescence intensity is particularly low,
have been reliably eliminated by discarding those ﬁts that produced a correlation coefﬁcient
of less than 0.9. Use of this parameter increases our conﬁdence in interpreting these images
by ensuring that any features present are representative of the retinal circulation and not
spurious artefacts produced by erroneous curve ﬁtting.
Of the three parameters chosen to describe the retinal circulation, the time to maximum
has produced the most informative functional images. The time of arrival has proved
inaccurate due to its location at the start of the angiogram where the intensity of ﬂuorescein
is at its lowest and the density of available data, in terms of number of frames captured,
is particularly sparse. Koyama et al (1990) also report problems measuring arterial and
venous arrival times due to the lack of sufﬁcient data at the start of the angiogram. This
has repercussions for the rise time parameter which is a function of the time of arrival. In
practice, however, the large difference in ranges of values over which the time of arrival
and time to maximum parameters vary, small for the former and large for the latter, means
that the rise time image is very similar to, and hence offers little additional information to,
the time to maximum image.
The time to maximum images have revealed similar ﬁlling patterns for the three normal
angiograms analysed. This indicates a preferential ﬂow of dye, and hence blood, to the
macula area. This is consistent with the metabolic and nutritional requirements of this
region of the retina, which lies at the centre of vision and has the highest density of rods
and cones.
The abnormal nature of the retinal circulations of the non-normal patients is obvious
from ﬁrst glance at their time to maximum images. These demonstrate the late ﬁlling
of regions of the retina drained by occluded veins (ﬁgures 3 and 7) and the locations
of diabetic lesions corresponding to microaneurysms (ﬁgure 6) and areas of ischaemia
(ﬁgure 8). Of particular note, however, are the more subtle lesions identiﬁed, which include
an area of leakage on the optic disc (ﬁgure 7) and the circular region of leakage from the
microaneurysm in ﬁgure 6.
In discussing the time to maximum images described in this paper we have attributed
the range of features present as representative solely of the retinal circulation. This assumes
that any contribution from the choroidal circulation is negligible in comparison with the
ﬂuorescence produced by the retina. Despite the larger volume of blood in the choroid,
which results in ﬂow rates of around 20 times that of the retina, the ﬂuorescence from the

Functional images of the retinal circulation

179

choroid is masked by the retinal pigment epithelium (RPE) and the presence of xanthophyll
in the macular area. The extent of this masking varies between subjects but is signiﬁcant
even in Caucasians. We conclude, therefore, that the maximum ﬂuorescence in all areas
of the angiogram (bar the optic disc whose blood supply is provided by the choroidal
circulation) is dominated by the retinal circulation to the extent that the choroidal circulation
can be ignored. (This will not be the case for a parameter such as the arrival time, which
by deﬁnition will be sensitive to the appearance of an early choroidal ﬂush.)
It is possible that further development of the SLO will enable smaller confocal apertures
to be used in the production of subsequent angiograms (Manivannan et al 1993). This would
enable the contribution of ﬂuorescence from the choroidal circulation to be further reduced.
This discussion of the relative contributions of the retinal and choroidal circulations to
the time to maximum image is most relevant when the image is being used to quantify
areas of pathology. This is a subject for further investigation. We anticipate that the
generation of subsequent time to maximum images, for a greater number of normal and
abnormal subjects, will enable us to clarify their correct interpretation. However, this will
inevitably be a learning process in the same way that the correct interpretation of ﬂuorescein
angiograms, from which these parametric images are derived, has been a learning process
which began with the pioneering work of Novotny and Alvis (1961) more than 30 years
ago.
5. Conclusion
The generation of functional parametric images enables the health of the retinal circulation to
be quantiﬁed with respect to the rate at which features in the retina ﬁll with ﬂuorescein. This
should allow the onset of retinopathy to be detected and its progression closely monitored.
The time to maximum image contains a great deal of information, normally distributed
throughout the large number of frames comprising the angiogram, regarding the relative
ﬁlling rates of different areas of the retina. It should therefore prove useful as a research
tool or as an aid to clinical diagnosis.
Acknowledgments
The authors would like to thank Dr John Olson and Dr Chea Lim for assistance
with obtaining patient angiograms and advising on their clinical interpretation;
Mr George Cameron and Dr Phillip Ross for their computing support; Mrs Alison Farrow
for ophthalmic photography and Professor Artur Cideciyan for helpful advice on the use of
his registration program.
This work was funded by the Medical Research Council. Production of both
photographic and SLO ﬂuorescein angiograms was supported by funding from Scotia
Pharmaceuticals Ltd.
References
Arend O, Wolf S, Jung F, Bertram B, P¨ stgens H, Toonen H and Reim M 1991 Retinal microcirculation in
o
patients with diabetes mellitus: dynamic and morphological analysis of perifoveal capillary network Br. J.
Ophthalmol. 75 514–18
Blair N P, Feke G T, Morales-Stopello J, Riva C E, Goger D G, Collas G and McMeel J W 1982 Prolongation of
the retinal mean circulation time in diabetes Arch. Ophthalmol. 100 764–8

180

J H Hipwell et al

Bulpitt C J and Dollery C T 1971 Estimation of retinal blood ﬂow by measurement of the mean circulation time
Cardiovasc. Res. 5 406–12
Bursell S-E, Clermont A C, Kinsley B T, Simonson D C, Aiello L M and Wolpert H A 1996 Retinal blood ﬂow
changes in patients with insulin-dependant diabetes mellitus and no diabetic retinopathy: a video ﬂuorescein
angiographic study Invest. Ophthalmol. Vis. Sci. 37 886–97
Bursell S-E, Clermont A C, Shiba T and King G L 1992 Evaluating retinal circulation using video ﬂuorescein
angiography in control and diabetic rats Curr. Eye Res. 11 287–95
Cideciyan A 1992 Registration of high resolution images of the retina Proc. SPIE 1652 310–22
Davenport R 1983 The derivation of the gamma-variate relationship for tracer dilution curves J. Nucl. Med. 24
945–8
Eberli B, Riva C E and Feke G T 1979 Mean circulation time of ﬂuorescein in retinal vascular segments Arch.
Ophthalmol. 97 145–8
Fonda S and Bagolini B 1977 Relative photometric measurements of retinal circulation (dromoﬂuorograms)—a
television technique Arch. Opthalmol. 95 302–7
Frisen L 1980 Photography of the retinal nerve ﬁbre layer: an optimised procedure Br. J. Ophthalmol. 64 641–50
Herbin M, Venot A, Devaux J Y, Walter E, Lebruchec J F, Dubertret L and Roucayrol J C 1989 Automated
registration of dissimilar images—application to medical imagery Comput. Vis. Graph. Image Process. 47
77–89
Hickam J B and Frayser R 1965 A photographic method for measuring the mean retinal circulation time using
ﬂuorescein Invest. Ophthalmol. 4 876–84
Jagoe R, Arnold J, Blauth C, Smith P L C, Taylor K M and Wooton R 1993 Retinal vessel circulation patterns
visualised from a sequence of computer aligned angiograms Invest. Opthal. Vis. Sci. 34 2881–7
Kohner E 1976 The problems of retinal blood ﬂow in diabetes Diabetes 25 (suppl 2) 839–44
Kohner E M, Hamilton A M, Saunders S J, Sutcliffe B A and Bulpitt C J 1975 The retinal blood ﬂow in diabetes
Diabetologia 11 27–33
Koyama T, Matsuo N, Shimizu K, Mihara M, Tsuchida Y, Wolf S and Reim M 1990 Retinal circulation times in
quantiﬁcative ﬂuorescein angiography Graefe’s Arch. Clin. Exp. Ophthalmol. 228 442–6
Manivannan A, Sharp P F, Philips R P and Forrester J V 1993 Digital fundus imaging using a scanning laser
ophthalmoscope Physiol. Meas. 14 43–56
Novotny H R and Alvis D L 1961 A method of photographing ﬂuorescence in circulating blood in the human
retina Circulation 24 82–6
Press W H, Flannery B P, Teukolsky S A and Vetterling W T 1991 Numerical Recipes in C—The Art of Scientiﬁc
Computing (Cambridge: Cambridge University Press) p 542–7
Richard G 1990 Fluorescein Angiography. Technique, Interpretation and Application (Oxford: Oxford University
Press) p 19
Riva C E, Feke G T and Ben-Sira I 1978 Fluorescein dye-dilution technique and retinal circulation Am. J. Physiol.
234 H315–22
Spencer T 1992 Digital imaging of the retina PhD Thesis University of Aberdeen
Suzuki R, Sugihara I, Ishibashi T and Kurimoto S 1992 Ibulidast may improve retinal circulation in patients with
diabetes mellitus Ophthal. Res. 24 197–202
Stow R W and Hetzel P S 1954 An empirical formula for indicator-dilution curves as obtained in human beings
J. Appl. Phys. 7 161–7
Thompson H K Jr, Starmer C F, Whalen R E and McIntosh H D 1964 Indicator transit time considered as a
gamma variate Circ. Res. 14 502–15
Wolf S, Jung F, Kiesewetter H, K¨ rber N and Reim M 1989 Video ﬂuorescein angiography: method and clinical
o
application Graefe’s Arch. Clin. Exp. Ophthalmol. 227 145–51

</p>
      </div>
    </body>
  </text>
</TEI>
