<?xml version="1.0" encoding="UTF-8"?>
<!--Version 0.1 générée le 31-01-2018-->
<TEI xmlns="http://www.tei-c.org/ns/1.0"
     xmlns:xsi="http://www.w3.org/2001/XMLSchema-instance"
     xsi:noNamespaceSchemaLocation="https://istex.github.io/odd-istex/out/istex.xsd"
     xml:lang="fr">
   <teiHeader>
      <fileDesc>
         <titleStmt>
            <title level="a" type="main">ENPP1, premier exemple d’un déterminant génétique commun à l’obésité et au diabète de type 2</title>
         </titleStmt>
         <publicationStmt>
            <authority>ISTEX</authority>
            <publisher>EDK</publisher>
            <date when="2006">2006</date>
            <availability>
               <licence>© 2006 médecine/sciences - Inserm / SRMS</licence>
               <p>médecine/sciences - Inserm / SRMS</p>
            </availability>
         </publicationStmt>
         <notesStmt>
            <note type="content-type"
                  source="research-article"
                  scheme="https://content-type.data.istex.fr/ark:/67375/XTP-7474895G-0">research-article</note>
            <note type="publication-type"
                  scheme="https://publication-type.data.istex.fr/ark:/67375/JMC-0GLKJH51-B">journal</note>
         </notesStmt>
         <sourceDesc>
            <biblStruct type="article">
               <analytic>
                  <title level="a" type="main" xml:lang="fr">ENPP1, premier exemple d’un déterminant génétique commun à l’obésité et au diabète de type 2</title>
                  <title level="a" type="alt" xml:lang="en">ENPP1, the first example of common genetic link between childhood and adult obesity and type 2 diabetes</title>
                  <author xml:id="author-0000" role="corresp">
                     <persName>
                        <surname>Meyre</surname>
                        <forename type="first">David</forename>
                     </persName>
                     <email>meyre@good.ibl.fr</email>
                  </author>
                  <author xml:id="author-0001" role="corresp">
                     <persName>
                        <surname>Froguel</surname>
                        <forename type="first">Philippe</forename>
                     </persName>
                     <email>philippe.froguel@good.ibl.fr</email>
                  </author>
                  <idno type="istex">D11B85D7CDF78EAA4AB5F4F2952E80DCDE1B44E9</idno>
                  <idno type="ark">ark:/67375/80W-D4JKQ8SS-6</idno>
                  <idno type="DOI">10.1051/medsci/2006223308</idno>
                  <idno type="publisher-id">medsci2006223p308</idno>
                  <idno type="dkey">10.1051/medsci/2006223308</idno>
               </analytic>
               <monogr>
                  <title level="j" type="main">médecine/sciences</title>
                  <title level="j" type="abbrev">Med Sci (Paris)</title>
                  <title level="j" type="publisher-id">medsci</title>
                  <title level="j" type="url">http://www.medecinesciences.org</title>
                  <idno type="pISSN">0767-0974</idno>
                  <idno type="eISSN">1958-5381</idno>
                  <imprint>
                     <publisher>EDK</publisher>
                     <date type="Final-Published" when="2010-12-01"/>
                     <date type="Published" when="2006-03"/>
                     <date type="ePublished" when="2006-03-15"/>
                     <date type="Published" when="2006-03-15"/>
                     <biblScope unit="vol">22</biblScope>
                     <biblScope unit="issue">3</biblScope>
                     <biblScope unit="page" from="308">308</biblScope>
                     <biblScope unit="page" to="312">312</biblScope>
                     <biblScope unit="page-count">5</biblScope>
                     <biblScope unit="ref-count">25</biblScope>
                     <biblScope unit="fig-count">5</biblScope>
                     <biblScope unit="table-count">0</biblScope>
                  </imprint>
               </monogr>
            </biblStruct>
         </sourceDesc>
      </fileDesc>
      <profileDesc>
         <abstract xml:lang="fr">
            <p>L’obesite, en particulier ses formes severes, est l’un des principaux facteurs de risque de diabete de type 2. Par ailleurs, l’explosion de l’epidemie d’obesite infantile s’accompagne de l’apparition de formes precoces de diabete de type 2, avec un syndrome metabolique et une intolerance au glucose detectables des l’adolescence. Ces donnees suggerent l’existence de determinants moleculaires primitifs communs entre obesite severe et precoce et diabete de type 2, qui partageraient une insulinoresistance genetiquement determinee. Dans ce contexte, l’identification, sur la region chromosomique 6q liee a la ≪ diabesite ≫, du gene <hi rend="italic">ENPP1</hi> codant pour un inhibiteur du recepteur de l’insuline, dont des variants codants et non codants contribuent au risque genetique de cette affection, est un pas vers la dissection genetique des obesites les plus diabetogenes. Ces resultats ouvrent des perspectives nouvelles vers le profilage genetique et biologique des adolescents obeses, dans une optique de prevention et de traitement de la ≪ diabesite ≫ et de ses complications vasculaires.</p>
         </abstract>
         <abstract xml:lang="en">
            <p>Clinical studies have established the strong link between obesity and type 2 diabetes, especially in children, where the rising prevalence of childhood severe obesity has preceded the recent emergence of early-onset forms of “diabesity”. These data suggested a common genetic background shared by both conditions, which was also supported by the identification by genome scans of several diabesity chromosomal regions of linkage. The genetic investigation of early-onset form of familial obesity linkage to chromosome 6q led to the identification of ENPP1, an inhibitor of the insulin receptor, as a possible molecular mechanism behind both obesity and type 2 diabetes. Analysis of the DNA variations of ENPP1 in 6,147 subjects showed association between a combination of variants and both childhood obesity, morbid or moderate obesity in adults and also with type 2 diabetes. This study provides a first molecular basis for the physiopathologic association between severe insulin resistance and obesity, and further type 2 diabetes, and offers a new perspective for prevention and treatment of these conditions.</p>
         </abstract>
         <textClass ana="subject">
            <keywords scheme="section">
               <term>M/S revues</term>
            </keywords>
         </textClass>
         <langUsage>
            <language ident="fr"/>
         </langUsage>
      </profileDesc>
   </teiHeader>
   <text>
      <body>
         <p>La prévalence de l’obésité a augmenté de façon alarmante ces deux dernières décennies [<ref type="bib" target="#"/>
            <ref type="bibr" target="#R1">1</ref>], et pourrait être la cause directe d’une diminution générale de 2 à 5 ans de la longévité dans les prochaines années [<ref type="bib" target="#"/>
            <ref type="bibr" target="#R2">2</ref>]. L’obésité modérée de l’adulte, définie par un indice de masse corporelle (IMC) supérieur ou égal à 30 kg/m<hi rend="superscript">2</hi>, est passée en France de 8,2 % à 11,3 % entre 1997 et 2003, soit une augmentation de 37,8 % [<ref type="bibr" target="#R2">2</ref>]. Dans le même temps, l’obésité massive (IMC ≥ 40 kg/m<hi rend="superscript">2</hi>) montrait une augmentation de 100 % (0,3 % à 0,6 %) [<ref type="bibr" target="#R2">2</ref>]. Si on est loin encore des chiffres américains (30 % d’obèses avec près de 5 % d’obésité massive), la tendance est la même. Si des changements d’ordre environnemental (alimentation déséquilibrée, sédentarité) sont essentiellement en cause dans l’augmentation de la corpulence de la population générale, l’explosion des formes extrêmes d’obésité suggère l’existence d’une prédisposition génétique. Les études familiales confirment d’ailleurs que l’héritabilité (variance génétique rapportée à la variance phénotypique) de l’obésité se situe autour de 80 % [<ref type="bib" target="#"/>
            <ref type="bibr" target="#R3">3</ref>].</p>
         <p>Le risque de diabète de type 2 (DT2) croit avec le degré d’obésité. Ainsi, Mokdad <hi rend="italic">et al.</hi>, dans une étude portant sur 195 005 Américains, établit que le risque relatif de DT2 est de 3,44 chez les individus obèses modérés, et d’un facteur de 7,37 chez les individus obèses massifs [<ref type="bib" target="#"/>
            <ref type="bibr" target="#R4">4</ref>]. L’apparition récente de cas de DT2 chez les adolescents et même chez certains enfants est directement corrélée avec l’explosion de la prévalence de l’obésité infantile [<ref type="bib" target="#"/>
            <ref type="bibr" target="#R5">5</ref>]. Cependant, tous les obèses ne deviennent pas diabétiques. Comme le DT2 a lui-même une base génétique, l’existence de déterminants moléculaires communs entre obésité et DT2 a été postulée depuis longtemps mais jamais vraiment étayée. Ainsi les formes monogéniques de DT2 (diabète MODY) ne sont pas accompagnées d’obésité, et les formes mendéliennes d’obésité avec atteinte de la voie de la leptine-mélanocortine ne sont pas particulièrement diabétogènes. Cependant, les analyses génomes entiers de familles diabétiques ou obèses ont montré quatre régions du génome, situées sur les chromosomes 6, 8, 10 et 20, et présentant des liaisons génétiques redondantes simultanément avec l’obésité et le DT2, suggérant que dans ces régions pourraient se trouver des gènes candidats communs.</p>
         <p>Le recrutement de 115 familles françaises avec obésité infantile a d’abord permis de publier la 1<hi rend="superscript">re</hi> étude génome entier pour des traits associés à l’obésité infantile, qui montrait une liaison génétique sur les chromosomes 2, 6, 15, 16, 17 et 19, le plus fort signal de liaison se situant dans la région 6q22.31-q23.2 [<ref type="bib" target="#"/>
            <ref type="bibr" target="#R6">6</ref>]. Premier élément frappant, l’analyse des 62 familles participant à la liaison génétique au chromosome 6 a révélé des perturbations de l’homéostasie glucidique chez les enfants obèses et leurs parents comparativement aux autres familles. Les enfants présentaient des glycémies plus élevées durant le test d’hyperglycémie provoquée par voie orale, un indice insulinogénique plus faible, signe d’un trouble de la 1<hi rend="superscript">re</hi> phase sécrétoire de l’insuline, et 3 % des enfants des 62 familles (<hi rend="italic">versus</hi> 0 %) étaient intolérants au glucose ou diabétiques. De plus, 14 % des parents des familles liées au chromosome 6 étaient diabétiques contre 3 % dans les autres familles. Ces données suggéraient que le(s) gène(s) de susceptibilité à l’obésité sur le chromosome 6 pouvaient également influer sur l’homéostasie du glucose. L’intervalle de confiance de la liaison génétique avec l’obésité infantile couvrait 41,4 Mb et incluait 166 gènes référencés. Cependant, la comparaison de cet intervalle avec ceux de sept autres études montrant chez l’adulte une liaison avec des traits associés à l’obésité [<ref type="bib" target="#"/>
            <ref type="bibr" target="#R7">7</ref>] ou au DT2 [<ref type="bib" target="#"/>
            <ref type="bibr" target="#R8">8</ref>–<ref type="bib" target="#"/>
            <ref type="bibr" target="#R13">13</ref>] a permis d’identifier une région de 2,4 Mb commune à toutes ces études, localisée entre les deux marqueurs microsatellites D6S1656 et D6S270, incluant 22 gènes référencés <hi rend="italic">(Figure 1)</hi>.<figure xml:id="F1">
               <head type="label">Figure 1.</head>
               <figDesc>
                  <hi rend="bold">
                     <hi rend="italic">Un intervalle de 2,4 Mb commun à huit études génome entier de « diabésité ».</hi>
                  </hi>
               </figDesc>
               <graphic url="medsci2006223p308-fig1.jpg"/>
            </figure>
         </p>
         <div xml:id="S1">
            <head>
               <hi rend="italic">ENPP1</hi>, un gène candidat de la diabésité sur le chromosome 6</head>
            <p>Le meilleur gène candidat dans l’intervalle de 2,4 Mb était le gène de l’ectonucléotide pyrophosphatase phosphodiestérase 1 (<hi rend="italic">ENPP1</hi>). En effet, un des rôles suggérés d’ENPP1 serait d’inhiber le récepteur de l’insuline par interaction directe, affectant du même coup la cascade de signalisation en aval du récepteur [<ref type="bib" target="#"/>
               <ref type="bibr" target="#R14">14</ref>, <ref type="bib" target="#"/>
               <ref type="bibr" target="#R15">15</ref>]. En outre, un polymorphisme fonctionnel de l’exon 4 (K121Q), entraînant une inhibition plus marquée du récepteur de l’insuline [<ref type="bib" target="#"/>
               <ref type="bibr" target="#R16">16</ref>], a été associé à l’insulinorésistance dans diverses ethnies [<ref type="bib" target="#"/>
               <ref type="bibr" target="#R17">17</ref>, <ref type="bib" target="#"/>
               <ref type="bibr" target="#R18">18</ref>]. Argument supplémentaire en faveur d’un rôle potentiel d’<hi rend="italic">ENPP1</hi> dans la susceptibilité à l’obésité infantile, le marqueur D6S1656, situé dans l’intron 1 d’<hi rend="italic">ENPP1</hi>, réplique une liaison génétique dans un 2<hi rend="superscript">e</hi> groupe indépendant de 68 familles avec obésité infantile. Ce marqueur montre également une association familiale avec l’obésité infantile dans les deux groupes de familles testés.</p>
            <p>Les régions codantes et 1 300 paires de bases en amont du codon d’initiation ATG et en aval du codon stop TGA ont été d’abord séquencées chez des enfants obèses des familles liées au chromosome 6 et chez des adultes témoins. Quarante et un polymorphismes ont été identifiés, dont 22 fréquents. L’analyse du déséquilibre de liaison au locus ENPP1 a montré que le génotypage de 10 <hi rend="italic">tagged</hi> polymorphismes était suffisant pour extraire l’essentiel de l’information génétique. En outre, 25 fragments de haute homologie (&gt; 70%) entre l’homme, le rat et le poisson Fugu, situés dans les régions introniques et intergéniques d’<hi rend="italic">ENPP1</hi>, ont permis d’identifier 11 polymorphismes supplémentaires qui pouvaient avoir un rôle fonctionnel.</p>
         </div>
         <div xml:id="S2">
            <head>Les variants d’<hi rend="italic">ENPP1</hi> sont associés avec l’obésité</head>
            <p>Les polymorphismes d’<hi rend="italic">ENPP1</hi> ont ensuite été génotypés chez des enfants obèses, des adultes obèses morbides et des adultes non obèses et normo-tolérants au glucose. Les études cas-témoin ont établi que 6 polymorphismes d’<hi rend="italic">ENPP</hi>1 (IVS2 delG + 8, K121Q, IVS8 T &gt; G + 27, IVS20 delT - 11, A &gt; G + 1044 TGA, T &gt; G + 5954 TGA) étaient associés à l’obésité sévère, le résultat le plus significatif étant obtenu pour le K121Q (<hi rend="italic">odd ratio</hi> = 1,37, p = 0,00008). Afin de confirmer que l’association avec l’obésité était bien spécifique de <hi rend="italic">ENPP1</hi>, 55 polymorphismes dans une région de 580 kb incluant 4 gènes adjacents à ENPP1 ont été étudiés, montrant l’existence de 3 blocs de déséquilibre de liaison distincts <hi rend="italic">(Figure 2)</hi>. Huit polymorphismes ont été associés simultanément à l’obésité infantile et à l’obésité infantile liée au chromosome 6q, dont 7 étaient inclus dans un bloc limité à <hi rend="italic">ENPP1 (Figure 3)</hi>. Ces résultats confirment que l’association avec l’obésité est bien due aux polymorphismes d’<hi rend="italic">ENPP1</hi>.<figure xml:id="F2">
                  <head type="label">Figure 2.</head>
                  <figDesc>
                     <hi rend="bold">
                        <hi rend="italic">Carte de déséquilibre de liaison pour 53 SNP répartis sur une région de 580 kilobases incluant les gènes</hi>
                     </hi> 
                     <hi rend="bold">ARG1, CRSP3, ENPP3, ENPP1</hi> 
                     <hi rend="bold">
                        <hi rend="italic">et</hi>
                     </hi> 
                     <hi rend="bold">CTGF</hi>. Le génotypage des 53 SNP a été réalisé chez 298 individus témoins et 421 enfants obèses. Les régions de haut et de bas déséquilibre de liaison (indice delta) sont représentées respectivement par les couleurs rouges et bleues. La carte est à l’échelle physique.</figDesc>
                  <graphic url="medsci2006223p308-fig2.jpg"/>
               </figure>
               <figure xml:id="F3">
                  <head type="label">Figure 3.</head>
                  <figDesc>
                     <hi rend="bold">
                        <hi rend="italic">Association des 53 SNP répartis sur une région de 580 kilobases incluant les gènes</hi>
                     </hi> 
                     <hi rend="bold">ARG1, CRSP3, ENPP3, ENPP1</hi> 
                     <hi rend="bold">
                        <hi rend="italic">et</hi>
                     </hi> 
                     <hi rend="bold">CTGF.</hi> Les cercles bleus correspondent au - log10 (valeur de p) pour la comparaison des 298 individus témoins et des 421 enfants obèses. Les cercles rouges correspondent au - log10 (valeur de p) pour la comparaison des 298 individus témoins et de 62 enfants obèses issus des familles avec évidence de liaison au chromosome 6q. La figure n’est pas à l’échelle de la carte physique, et les cercles sont équidistants pour une meilleure visualisation.</figDesc>
                  <graphic url="medsci2006223p308-fig3.jpg"/>
               </figure>
            </p>
            <p>Seuls, les polymorphismes IVS20 delT - 11 et A &gt; G + 1044 TGA avaient un effet indépendant du K121Q sur la susceptibilité à l’obésité. L’haplotype à risque maximal d’obésité sévère, Q121, IVS20 delT - 11 et G + 1044 TGA, est présent chez 8 % de la population générale. Il augmente de 70 % le risque de développer une obésité infantile, de 37 % le risque d’obésité modérée et de 50 % le risque d’obésité morbide chez l’adulte. Cet haplotype à risque contribue partiellement à la liaison génétique observée au chromosome 6q, ce qui suggère l’implication probable d’autres gènes d’obésité dans cette région <hi rend="italic">(Figure 4)</hi>.<figure xml:id="F4">
                  <head type="label">Figure 4.</head>
                  <figDesc>
                     <hi rend="bold">
                        <hi rend="italic">Liaison génétique avec l’obésité infantile avant et après exclusion des 15 paires de germains obèses partageant l’haplotype à risque.</hi>
                     </hi> Au maximum du pic, le <hi rend="italic">Lod-score</hi> passe de 4,06 à 1,6, suggérant une contribution des SNP d’ENPP1 dans la liaison génétique.</figDesc>
                  <graphic url="medsci2006223p308-fig4.jpg"/>
               </figure>
            </p>
         </div>
         <div xml:id="S3">
            <head>L’haplotype à risque module la fonction et l’expression d’<hi rend="bold">
                  <hi rend="italic">ENPP1</hi>
               </hi>
            </head>
            <p>La mutation codante Q121 augmente l’activité inhibitrice du récepteur de l’insuline de la protéine ENPP1, sans moduler les niveaux d’ARNm ou de la protéine [<ref type="bibr" target="#R16">16</ref>]. Comme les concentrations plasmatiques d’ENPP1 reflètent les niveaux tissulaires de ce peptide [<ref type="bib" target="#"/>
               <ref type="bibr" target="#R19">19</ref>], ENPP1 a été dosée chez des enfants de poids variable. Les concentrations d’ENPP1 circulant étaient positivement corrélées à la corpulence et les enfants ayant une copie de l’haplotype à risque avaient des taux d’ENPP1 augmentés <hi rend="italic">(Figure 5)</hi>. Ainsi, les trois variants de ce gène, quand ils sont présents simultanément, modifieraient de manière complémentaire l’expression et la fonction de la protéine pour la rendre plus « insulinorésistante ».<figure xml:id="F5">
                  <head type="label">Figure 5.</head>
                  <figDesc>
                     <hi rend="bold">
                        <hi rend="italic">Dosage plasmatique d’ENPP1 circulant chez 279 enfants. A.</hi>
                     </hi> Les niveaux d’ENPP1 circulant sont positivement corrélés à la corpulence, estimée par le score Z d’indice de masse corporelle (coefficient de corrélation de Pearson = 0,1, p = 0,05). <hi rend="bold">
                        <hi rend="italic">B.</hi>
                     </hi> Chez les enfants minces, la présence d’au moins une copie de l’haplotype à risque était associée à une augmentation de 19 % des niveaux circulants d’ENPP1 (p = 0,008).</figDesc>
                  <graphic url="medsci2006223p308-fig5.jpg"/>
               </figure>
            </p>
         </div>
         <div xml:id="S4">
            <head>
               <hi rend="italic">ENPP1</hi> est associé à une altération de l’homéostasie glucidique</head>
            <p>Les enfants porteurs de l’haplotype à risque d’obésité ont une glycémie à jeun plus élevée, et un risque multiplié par 3,4 de développer une intolérance au glucose ou un DT2. Chez leurs parents porteurs du même haplotype, le risque de DT2 est globalement multiplié par 2,3. Cependant, en présence d’obésité, le risque est multiplié par 3,3, suggérant que ce gène favorise la survenue de diabète en présence d’un surpoids. Cette association avec le DT2 a ensuite été confirmée chez 2 500 sujets diabétiques et témoins d’origine européenne. <hi rend="italic">ENNP1</hi> est ubiquitaire, ce qui ne facilite pas la compréhension du phénotype de « diabésité » associé à ses variants géniques. Cependant, l’analyse par RT-PCR de l’expression des différentes isoformes de ce gène dans les principaux tissus humains a montré que le transcrit incluant 1 170 bases de la région en 3’UTR (et incluant le polymorphisme A &gt; G + 1044 associé à l’obésité) était uniquement exprimé dans le foie, l’adipocyte et les îlots β-pancréatiques, trois tissus clés de l’homéostasie glucidique.</p>
         </div>
         <div xml:id="S5">
            <head>Vers la dissection génétique des obésités</head>
            <p>L’identification d’<hi rend="italic">ENPP1</hi> comme gène de « diabésité » donne une première base moléculaire à l’hypothèse de l’hétérogénéité physiopathologique du trait complexe obésité. Tous les obèses ne sont pas très insulinorésistants et tous n’ont pas un syndrome métabolique sévère conduisant à un risque élevé de DT2 et de maladies cardio-vasculaires. La présence de variants d’<hi rend="italic">ENPP1</hi> favoriserait le développement dès l’enfance d’un état d’insulinorésistance chronique dont l’origine est évidemment multifactorielle. D’autres gènes sont probablement en cause qui pourraient intervenir dans les voies de signalisation de l’insuline, voire en amont dans les mécanismes de contrôle nerveux de la thermogenèse ou en aval au niveau mitochondrial. L’environnement joue un rôle crucial par l’alimentation riche en graisses à acides à longue chaîne de type oméga 6 ou en glucides à haut indice glycémique ou par la sédentarité qui exacerbe l’insulinorésistance. Cette obésité à fort impact délétère métabolique s’accompagne d’infarctus du myocarde précoces chez des diabétiques porteurs de la mutation Q121 d’<hi rend="italic">ENPP1</hi> [<ref type="bib" target="#"/>
               <ref type="bibr" target="#R20">20</ref>].</p>
            <p>Les résultats actuels, obtenus à partir de l’étude de plus de 6 000 personnes [<ref type="bib" target="#"/>
               <ref type="bibr" target="#R21">21</ref>], montrent qu’au-delà des perturbations de la prise alimentaire et de la satiété [<ref type="bib" target="#"/>
               <ref type="bibr" target="#R22">22</ref>–<ref type="bib" target="#"/>
               <ref type="bibr" target="#R25">25</ref>], il existe des obésités d’origine « métabolique ». Ces obésités devront être prévenues ou prises en charge de manière différente que celles liées à des troubles du comportement alimentaire. Ainsi, des régimes alimentaires moins insulinorésistants, une activité physique importante, voire des médicaments spécifiques pourraient être très efficaces pour lutter contre la pandémie de diabésité qui est en train de submerger le monde du XXI<hi rend="superscript">e</hi> siècle.</p>
         </div>
      </body>
      <back>
         <div type="fn-group">
            <note place="inline" xml:id="FN3">
               <p>Article reçu le 2 octobre 2005, accepté le 22 octobre 2005.</p>
            </note>
         </div>
         <div type="references">
            <listBibl>
               <bibl type="other" xml:id="R1">Ebbeling CB, Pawlak, D. Ludwig DS. Childhood obesity : public health crisis, common sense cure. <hi rend="italic">Lancet</hi> 2002; 360 : 473–82.</bibl>
               <bibl type="other" xml:id="R2">ObEpi. ObEpi 2003 : 3<hi rend="superscript">e</hi> enquête épidémiologique nationale sur l’obésité et le surpoids en France. Conférence de presse, Hôtel Dieu-Paris, 2003.</bibl>
               <bibl type="other" xml:id="R3">Stunkard AJ, Foch TT, Hrubec Z. A twin study of human obesity. <hi rend="italic">JAMA</hi> 1986; 256 : 51–4</bibl>
               <bibl type="other" xml:id="R4">Mokdad AH, Ford ES, Bowman BA, <hi rend="italic">et al.</hi> Prevalence of obesity, diabetes, and obesity-related health risk factors. <hi rend="italic">JAMA</hi> 2003; 289 : 76–9.</bibl>
               <bibl type="other" xml:id="R5">Weill J, Vanderbecken S, Froguel P. Understanding the rising incidence of type 2 diabetes in adolescence. <hi rend="italic">Arch Dis Child</hi> 2004; 89 : 502–4.</bibl>
               <bibl type="other" xml:id="R6">Meyre D, Lecoeur C, Delplanque J, <hi rend="italic">et al.</hi> A genome-wide scan for childhood obesity-associated traits in French families shows significant linkage on chromosome 6q22.31-q23.2. <hi rend="italic">Diabetes</hi> 2004; 53 : 803–11.</bibl>
               <bibl type="other" xml:id="R7">Atwood LD, Heard-Costa NL, Cupples LA, <hi rend="italic">et al.</hi> Genomewide linkage analysis of body mass index across 28 years of the Framingham heart study. <hi rend="italic">Am J Hum Genet</hi> 2002; 71 : 1044–50.</bibl>
               <bibl type="other" xml:id="R8">Duggirala R, Blangero J, Almasy L, <hi rend="italic">et al.</hi> A major locus for fasting insulin concentrations and insulin resistance on chromosome 6q with strong pleiotropic effects on obesity-related phenotypes in nondiabetic Mexican Americans. <hi rend="italic">Am J Hum Genet</hi> 2001; 68 : 1149–64.</bibl>
               <bibl type="other" xml:id="R9">Abney M, Ober C, McPeek MS. Quantitative-trait homozygosity and association mapping and empirical genomewide significance in large, complex pedigrees : fasting serum- insulin level in the Hutterites<hi rend="italic">. Am J Hum Genet</hi> 2002: 70 : 920–34.</bibl>
               <bibl type="other" xml:id="R10">Ehm MG, Karnoub MC, Sakul H, <hi rend="italic">et al.</hi> Genomewide search for type 2 diabetes susceptibility genes in four American populations. <hi rend="italic">Am J Hum Genet</hi> 2000; 66 : 1871–81.</bibl>
               <bibl type="other" xml:id="R11">Ghosh S, Watanabe RM, Valle TT, <hi rend="italic">et al.</hi> The Finland-United States investigation of non-insulin-dependent diabetes mellitus genetics (FUSION) study. I. An autosomal genome scan for genes that predispose to type 2 diabetes. <hi rend="italic">Am J Hum Genet</hi> 2000; 67 : 1174–85.</bibl>
               <bibl type="other" xml:id="R12">Demenais F, Kanninen T, Lindgren CM, <hi rend="italic">et al.</hi> A meta-analysis of four European genome screens (GIFT consortium) shows evidence for a novel region on chromosome 17p11.2-q22 linked to type 2 diabetes. <hi rend="italic">Hum Mol Genet</hi> 2003; 12 : 1865–73.</bibl>
               <bibl type="other" xml:id="R13">Xiang K, Wang Y, Zheng T, <hi rend="italic">et al.</hi> Genome-wide search for type 2 diabetes/impaired glucose homeostasis susceptibility genes in the Chinese : significant linkage to chromosome 6q21-q23 and chromosome 1q21-q24. <hi rend="italic">Diabetes</hi> 2004; 53 : 228–34.</bibl>
               <bibl type="other" xml:id="R14">Maddux BA, Sbraccia P, Kumakura S, <hi rend="italic">et al.</hi> Membrane glycoprotein PC-1 and insulin resistance in non-insulin- dependent diabetes mellitus. <hi rend="italic">Nature</hi> 1995; 373 : 448–51.</bibl>
               <bibl type="other" xml:id="R15">Maddux BA, Goldfine ID. Membrane glycoprotein PC-1 inhibition of insulin receptor function occurs <hi rend="italic">via</hi> direct interaction with the receptor alpha-subunit. <hi rend="italic">Diabetes</hi> 2000; 49 : 13–9.</bibl>
               <bibl type="other" xml:id="R16">Costanzo BV, Trischitta V, Di Paola R, <hi rend="italic">et al.</hi> The Q allele variant (GLN121) of membrane glycoprotein PC-1 interacts with the insulin receptor and inhibits insulin signaling more effectively than the common K allele variant (LYS121). <hi rend="italic">Diabetes</hi> 2001; 50 : 831–6.</bibl>
               <bibl type="other" xml:id="R17">Pizzuti A, Frittitta L, Argiolas A, <hi rend="italic">et al.</hi> A polymorphism (K121Q) of the human glycoprotein PC-1 gene coding region is strongly associated with insulin resistance. <hi rend="italic">Diabetes</hi> 1999; 48 : 1881–4.</bibl>
               <bibl type="other" xml:id="R18">Abate N, Carulli L, Cabo-Chan A, <hi rend="italic">et al.</hi> Genetic polymorphism PC-1 K121Q and ethnic susceptibility to insulin resistance<hi rend="italic">. J Clin Endocrinol Metab</hi> 2003; 88 : 5927–34.</bibl>
               <bibl type="other" xml:id="R19">Rutsch F, Vaingankar S, Johnson K, <hi rend="italic">et al.</hi> PC-1 nucleoside triphosphate pyrophosphohydrolase deficiency in idiopathic infantile arterial calcification. <hi rend="italic">Am J Pathol</hi> 2001; 158 : 543–54.</bibl>
               <bibl type="other" xml:id="R20">Bacci S, Ludovico O, Prudente S, <hi rend="italic">et al.</hi> The K121Q polymorphism of the ENPP1/PC-1 gene is associated with insulin resistance/atherogenic phenotypes, including earlier onset of type 2 diabetes and myocardial infarction. <hi rend="italic">Diabetes</hi> 2005; 54 : 3021–5.</bibl>
               <bibl type="other" xml:id="R21">Meyre D, Bouatia-Naji N, Tounian A, <hi rend="italic">et al.</hi> Variants of ENPP1 are associated with childhood and adult obesity and increase the risk of glucose intolerance and type 2 diabetes. <hi rend="italic">Nat Genet</hi> 2005; 37 : 863–7.</bibl>
               <bibl type="other" xml:id="R22">Clement K, Vaisse C, Lahlou N, <hi rend="italic">et al.</hi> A mutation in the human leptin receptor gene causes obesity and pituitary dysfunction. <hi rend="italic">Nature</hi> 1998; 392 : 398–401.</bibl>
               <bibl type="other" xml:id="R23">Vaisse C, Clement K, Guy-Grand B, Froguel PA. Frameshift mutation in human MC4R is associated with a dominant form of obesity. <hi rend="italic">Nat Genet</hi> 1998; 20 : 113–4.</bibl>
               <bibl type="other" xml:id="R24">Vaisse C, Clement K, Durand E, <hi rend="italic">et al.</hi> Melanocortin-4 receptor mutations are a frequent and heterogeneous cause of morbid obesity. <hi rend="italic">J Clin Invest</hi> 2000; 10 : 253–62.</bibl>
               <bibl type="other" xml:id="R25">Boutin P, Dina C, Vasseur F, <hi rend="italic">et al.</hi> GAD2 on chromosome 10p12 is a candidate gene for human obesity. <hi rend="italic">PLOS Biol</hi> 2003; 1 : 1–11.</bibl>
            </listBibl>
         </div>
      </back>
   </text>
</TEI>
