<?xml version="1.0" encoding="UTF-8"?>
<!--Version 1.2 générée le 10-12-2018-->
<TEI xmlns:tei="http://www.tei-c.org/ns/1.0" xml:lang="en" type="other">
  <teiHeader>
    <fileDesc>
      <titleStmt>
        <title level="a">References to scientific articles not abstracted</title>
      </titleStmt>
      <publicationStmt>
        <authority>ISTEX</authority>
        <publisher scheme="https://scientific-publisher.data.istex.fr">The Royal Society of Chemistry.</publisher>
        <availability>
          <licence>
            <p>This journal is © The Royal Society of Chemistry</p>
          </licence>
          <p scheme="https://loaded-corpus.data.istex.fr/ark:/67375/XBH-Z6ZBG4DQ-N">rsc-journals</p>
        </availability>
        <date>1926</date>
      </publicationStmt>
      <notesStmt>
        <note type="other" scheme="https://content-type.data.istex.fr/ark:/67375/XTP-7474895G-0">other</note>
        <note type="journal" scheme="https://publication-type.data.istex.fr/ark:/67375/JMC-0GLKJH51-B">journal</note>
      </notesStmt>
      <sourceDesc>
        <biblStruct type="inbook">
          <analytic>
            <title level="a">References to scientific articles not abstracted</title>
            <idno type="istex">8C66E8C6CCAA5F8E41150439647ABF1158CCC904</idno>
            <idno type="ark">ark:/67375/QHD-K2D8H2MH-4</idno>
            <idno type="DOI">10.1039/AN926510429a</idno>
            <idno type="ms-id">AN926510429a</idno>
          </analytic>
          <monogr>
            <title level="j">Analyst</title>
            <title level="j" type="abbrev">Analyst</title>
            <idno type="pISSN">0003-2654</idno>
            <idno type="eISSN">1364-5528</idno>
            <idno type="coden">ANALAO</idno>
            <idno type="RSC-sercode">AN</idno>
            <imprint>
              <publisher>The Royal Society of Chemistry.</publisher>
              <date type="published" when="1926"/>
              <biblScope unit="volume">51</biblScope>
              <biblScope unit="issue">605</biblScope>
              <biblScope unit="page" from="429">429a</biblScope>
              <biblScope unit="page" to="429">429a</biblScope>
            </imprint>
          </monogr>
        </biblStruct>
      </sourceDesc>
    </fileDesc>
    <profileDesc>
      <creation>
        <date>1926</date>
      </creation>
      <langUsage>
        <language ident="en">en</language>
      </langUsage>
    </profileDesc>
    <revisionDesc>
      <change when="1926">Published</change>
    </revisionDesc>
  </teiHeader>
  <text>
    <body>
      <div>
        <p>
429

REVIEWS

References to Scientific Articles not Abstracted.
SOLIDIFICATION HELIUM. By W. H. Keesom.
OF
(July 17)-

Nature, 1926, 118, 81

Helium solidified in narrow brass tube forming communication between two German
silver tubes-Liquid
helium as cooling bath-Solidification took place a t 4.2"K. a t
140 atmos., and a t 1 ~ 1 ° K a t 26 atmos.-Solid
.
helium is homogeneous transparent
mass, refractive index of which is probably little different from that of the liquid.

CARBOHYDRATE
METABOLISMI N HEALTH
AND DISEASE. By H. MacLean, M.D.
(The Oliver-Sharpey Lectures). Lancet (June 26, 1926).
Different curves with sugar tolerance tests-Factors
affecting the curve-Pituitary
gland-Thyroid
gland-Metabolism
in diabetes-Oxidation
of fat in diabetes and
its bearing on diet-How are the fatty acids oxidised ?-Insulin and diabetes-Mode of
action of insulin.

</p>
      </div>
    </body>
  </text>
</TEI>
