{
  "arkIstex": "ark:/67375/QHD-K2D8H2MH-4",
  "title": "References to scientific articles not abstracted",
  "language": [
    "eng"
  ],
  "publicationDate": "1926",
  "copyrightDate": "1926",
  "doi": [
    "10.1039/AN926510429a"
  ],
  "ark": [
    "ark:/67375/QHD-K2D8H2MH-4"
  ],
  "genre": [
    "other"
  ],
  "originalGenre": [
    "OTH"
  ],
  "host": {
    "title": "Analyst",
    "language": [
      "unknown"
    ],
    "publicationDate": "1926",
    "issn": [
      "0003-2654"
    ],
    "eissn": [
      "1364-5528"
    ],
    "volume": "51",
    "issue": "605",
    "pages": {
      "first": "429a",
      "last": "429a",
      "total": "1"
    },
    "genre": [
      "journal"
    ]
  },
  "corpusName": "rsc-journals",
  "qualityIndicators": {
    "refBibsNative": false,
    "abstractWordCount": 1,
    "abstractCharCount": 0,
    "keywordCount": 0,
    "score": 2.116,
    "pdfWordCount": 104,
    "pdfCharCount": 728,
    "pdfVersion": 1.3,
    "pdfPageCount": 1,
    "pdfPageSize": "468 x 684 pts"
  },
  "categories": {
    "wos": [
      "1 - science",
      "2 - chemistry, analytical"
    ],
    "scienceMetrix": [
      "1 - natural sciences",
      "2 - chemistry",
      "3 - analytical chemistry"
    ],
    "scopus": [
      "1 - Physical Sciences",
      "2 - Chemistry",
      "3 - Electrochemistry",
      "1 - Physical Sciences",
      "2 - Chemistry",
      "3 - Spectroscopy",
      "1 - Physical Sciences",
      "2 - Environmental Science",
      "3 - Environmental Chemistry",
      "1 - Life Sciences",
      "2 - Biochemistry, Genetics and Molecular Biology",
      "3 - Biochemistry",
      "1 - Physical Sciences",
      "2 - Chemistry",
      "3 - Analytical Chemistry"
    ]
  },
  "keywords": {
    "teeft": [
      "refractive index",
      "reviews references",
      "solidification",
      "solidification helium",
      "keesom",
      "july",
      "narrow brass tube",
      "german silver helium",
      "atmos",
      "sugar tolerance",
      "scientific articles",
      "different curves",
      "metabolismi",
      "carbohydrate metabolismi",
      "june",
      "lancet",
      "fatty acids",
      "maclean",
      "carbohydrate",
      "refractive"
    ]
  },
  "namedEntities": {
    "unitex": {
      "date": [],
      "geogName": [],
      "orgName": [],
      "orgName_funder": [],
      "orgName_provider": [],
      "persName": [],
      "placeName": [],
      "ref_url": [],
      "ref_bibl": [],
      "bibl": []
    }
  },
  "enrichments": {
    "type": [
      "multicat",
      "refBibs",
      "teeft",
      "unitex"
    ]
  },
  "fulltext": "429  REVIEWS  References to Scientific Articles not Abstracted. SOLIDIFICATION HELIUM. By W. H. Keesom. OF (July 17)-  Nature, 1926, 118, 81  Helium solidified in narrow brass tube forming communication between two German silver tubes-Liquid helium as cooling bath-Solidification took place a t 4.2\"K. a t 140 atmos., and a t 1 ~ 1 ° K a t 26 atmos.-Solid . helium is homogeneous transparent mass, refractive index of which is probably little different from that of the liquid.  CARBOHYDRATE METABOLISMI N HEALTH AND DISEASE. By H. MacLean, M.D. (The Oliver-Sharpey Lectures). Lancet (June 26, 1926). Different curves with sugar tolerance tests-Factors affecting the curve-Pituitary gland-Thyroid gland-Metabolism in diabetes-Oxidation of fat in diabetes and its bearing on diet-How are the fatty acids oxidised ?-Insulin and diabetes-Mode of action of insulin.  "
}