<?xml version="1.0" encoding="UTF-8"?>
<!--Version 0.1 générée le 31-01-2018-->
<TEI xmlns="http://www.tei-c.org/ns/1.0" xmlns:xsi="http://www.w3.org/2001/XMLSchema-instance" xsi:noNamespaceSchemaLocation="https://istex.github.io/odd-istex/out/istex.xsd" xml:lang="fr">
  <teiHeader>
    <fileDesc>
      <titleStmt>
        <title level="a" type="main">Étude des altérations du métabolisme du collagène de type IV au cours du diabète</title>
        <respStmt>
          <resp>Références bibliographiques récupérées via GROBID</resp>
          <name resp="ISTEX-API">ISTEX-API (INIST-CNRS)</name>
        </respStmt>
      </titleStmt>
      <publicationStmt>
        <authority>ISTEX</authority>
        <publisher>Médiathèque scientifique de l'Institut Pasteur</publisher>
        <date when="1993">1993</date>
        <availability>
          <licence>© Masson (Paris), 1993</licence>
          <p>Masson (Paris)</p>
        </availability>
      </publicationStmt>
      <notesStmt>
        <note type="content-type" source="research-article" scheme="https://content-type.data.istex.fr/ark:/67375/XTP-7474895G-0">research-article</note>
        <note type="publication-type" scheme="https://publication-type.data.istex.fr/ark:/67375/JMC-0GLKJH51-B">journal</note>
      </notesStmt>
      <sourceDesc>
        <biblStruct type="article">
          <analytic>
            <title level="a" type="main" xml:lang="fr">Étude des altérations du métabolisme du collagène de type IV au cours du diabète</title>
            <author xml:id="author-0000" role="corresp">
              <persName>
                <surname>Sternberg</surname>
                <forename type="first">M.</forename>
              </persName>
              <affiliation>
                <address>
                  <addrLine>Équipe de Recherche sur la Biochimie et la Pharmacologie des Vaisseaux et du Rein, Université de Paris V et VI, Département de Biochimie, Faculté de Médecine, 45, rue des Saints-Pères, 75270 Paris Cedex 06.</addrLine>
                </address>
              </affiliation>
            </author>
            <author xml:id="author-0001" role="corresp">
              <persName>
                <surname>Grigorova-Borsos</surname>
                <forename type="first">A. M.</forename>
              </persName>
              <affiliation>
                <address>
                  <addrLine>Équipe de Recherche sur la Biochimie et la Pharmacologie des Vaisseaux et du Rein, Université de Paris V et VI, Département de Biochimie, Faculté de Médecine, 45, rue des Saints-Pères, 75270 Paris Cedex 06.</addrLine>
                </address>
              </affiliation>
            </author>
            <author xml:id="author-0002" role="corresp">
              <persName>
                <surname>Guillot</surname>
                <forename type="first">R.</forename>
              </persName>
              <affiliation>
                <address>
                  <addrLine>Équipe de Recherche sur la Biochimie et la Pharmacologie des Vaisseaux et du Rein, Université de Paris V et VI, Département de Biochimie, Faculté de Médecine, 45, rue des Saints-Pères, 75270 Paris Cedex 06.</addrLine>
                </address>
              </affiliation>
            </author>
            <author xml:id="author-0003" role="corresp">
              <persName>
                <surname>Kassab</surname>
                <forename type="first">J. P.</forename>
              </persName>
              <affiliation>
                <address>
                  <addrLine>Équipe de Recherche sur la Biochimie et la Pharmacologie des Vaisseaux et du Rein, Université de Paris V et VI, Département de Biochimie, Faculté de Médecine, 45, rue des Saints-Pères, 75270 Paris Cedex 06.</addrLine>
                </address>
              </affiliation>
            </author>
            <author xml:id="author-0004" role="corresp">
              <persName>
                <surname>Bakillah</surname>
                <forename type="first">A.</forename>
              </persName>
              <affiliation>
                <address>
                  <addrLine>Équipe de Recherche sur la Biochimie et la Pharmacologie des Vaisseaux et du Rein, Université de Paris V et VI, Département de Biochimie, Faculté de Médecine, 45, rue des Saints-Pères, 75270 Paris Cedex 06.</addrLine>
                </address>
              </affiliation>
            </author>
            <author xml:id="author-0005" role="corresp">
              <persName>
                <surname>Urios</surname>
                <forename type="first">P.</forename>
              </persName>
              <affiliation>
                <address>
                  <addrLine>Équipe de Recherche sur la Biochimie et la Pharmacologie des Vaisseaux et du Rein, Université de Paris V et VI, Département de Biochimie, Faculté de Médecine, 45, rue des Saints-Pères, 75270 Paris Cedex 06.</addrLine>
                </address>
              </affiliation>
            </author>
            <author xml:id="author-0006" role="corresp">
              <persName>
                <surname>Cohen-Forterre</surname>
                <forename type="first">L.</forename>
              </persName>
              <affiliation>
                <address>
                  <addrLine>Équipe de Recherche sur la Biochimie et la Pharmacologie des Vaisseaux et du Rein, Université de Paris V et VI, Département de Biochimie, Faculté de Médecine, 45, rue des Saints-Pères, 75270 Paris Cedex 06.</addrLine>
                </address>
              </affiliation>
            </author>
            <author xml:id="author-0007" role="corresp">
              <persName>
                <surname>Mozère</surname>
                <forename type="first">G.</forename>
              </persName>
              <affiliation>
                <address>
                  <addrLine>Équipe de Recherche sur la Biochimie et la Pharmacologie des Vaisseaux et du Rein, Université de Paris V et VI, Département de Biochimie, Faculté de Médecine, 45, rue des Saints-Pères, 75270 Paris Cedex 06.</addrLine>
                </address>
              </affiliation>
            </author>
            <author xml:id="author-0008" role="corresp">
              <persName>
                <surname>André</surname>
                <forename type="first">J.</forename>
              </persName>
              <affiliation>
                <address>
                  <addrLine>Équipe de Recherche sur la Biochimie et la Pharmacologie des Vaisseaux et du Rein, Université de Paris V et VI, Département de Biochimie, Faculté de Médecine, 45, rue des Saints-Pères, 75270 Paris Cedex 06.</addrLine>
                </address>
              </affiliation>
            </author>
            <author xml:id="author-0009" role="corresp">
              <persName>
                <surname>Leblond</surname>
                <forename type="first">V.</forename>
              </persName>
              <affiliation>
                <address>
                  <addrLine>Équipe de Recherche sur la Biochimie et la Pharmacologie des Vaisseaux et du Rein, Université de Paris V et VI, Département de Biochimie, Faculté de Médecine, 45, rue des Saints-Pères, 75270 Paris Cedex 06.</addrLine>
                </address>
              </affiliation>
            </author>
            <author xml:id="author-0010" role="corresp">
              <persName>
                <surname>Peyroux</surname>
                <forename type="first">J.</forename>
              </persName>
              <affiliation>
                <address>
                  <addrLine>Équipe de Recherche sur la Biochimie et la Pharmacologie des Vaisseaux et du Rein, Université de Paris V et VI, Département de Biochimie, Faculté de Médecine, 45, rue des Saints-Pères, 75270 Paris Cedex 06.</addrLine>
                </address>
              </affiliation>
            </author>
            <idno type="istex">F51690DA177E8B0A03F1F5055B4DC23FAF5BA633</idno>
            <idno type="ark">ark:/67375/80W-MP66DFJ6-9</idno>
            <idno type="publisher-id">jbio199318702p247</idno>
          </analytic>
          <monogr>
            <title level="j" type="main">Comptes rendus des séances de la Société de biologie et de ses filiales</title>
            <title level="j" type="abbrev">Comptes rendus séances soc. biol. fil.</title>
            <title level="j" type="publisher-id">jbio</title>
            <title level="j" type="url">http://gallica.bnf.fr/ark:/12148/cb34349272v/date</title>
            <idno type="pISSN">0037-9026</idno>
            <idno type="eISSN">2437-3532</idno>
            <imprint>
              <publisher>Médiathèque scientifique de l'Institut Pasteur</publisher>
              <date type="Published" when="1993"/>
              <biblScope unit="vol">187</biblScope>
              <biblScope unit="issue">2</biblScope>
              <biblScope unit="page" from="247">247</biblScope>
              <biblScope unit="page" to="257">257</biblScope>
              <biblScope unit="page-count">11</biblScope>
            </imprint>
          </monogr>
        </biblStruct>
      </sourceDesc>
    </fileDesc>
    <profileDesc>
      <abstract xml:lang="fr">
        <p>Au cours du diabète, la biosynthèse de collagène IV est augmentée : il existe une élévation du taux d'ARNm spécifique de la chaîne de procollagène α1(IV), en particulier dans le rein, ainsi qu'une accumulation de la protéine-collagène IV dans les membranes basales. Les inhibiteurs de l'aldose réductase comme le sorbinil préviennent l'épaississement des membranes basales et l'hyperproduction de collagène IV. Cette dernière paraît liée à l'accumulation intracellulaire de sorbitol ainsi qu'à l'activation de protéine kinase C. Une production autocrine ou paracrine de TGFβ pourrait être impliquée dans le mécanisme de l'hyperproduction de collagène IV. Le collagène IV sécrété est modifié après la traduction notamment par la glycation qui favorise l'établissement de liaisons croisées. Ceci diminue l'extractibilité chimique et enzymatique des collagènes et leur sensibilité à l'action des collagénases. La glycation doit ainsi contribuer à l'épaississement des membranes basales glomérulaires (MBG). L'activité de l'α-glucosidase spécifique des unités dissacharidiques du collagène IV est inhibée par le glucose avec un K<hi rend="subscript">p</hi> de 7,5 mM. L'activité collagénase IV sécrétée par les cellules endothéliales soumises à une forte concentration en glucose, paraît diminuée.</p>
      </abstract>
      <abstract xml:lang="en">
        <p>In Diabetes Mellitus, type IV collagen biosynthesis is increased : the α1(IV) procollagen specific mRNA concentration is elevated, particularly in the kidney, and the type IV collagen protein is accumulating is the thickened basement membranes. Aldose reductase inhibitors like sorbinil do prevent basement membrane thickening and type IV collagen overproduction. The latter seems related to intracellular sorbitol accumulation and also to protein kinase C activation. Autocrine or paracrine TGFβ may be involved in the type IV collagen oversecretion. The secreted type IV collagen is subject to posttranslational alterations, especially glycation which leads to advanced glycation endproducts and covalent crosslinks. This decreases collagen extractibility and susceptibility to collagenases and favours basement membrane thickening. Disaccharide unit-specific α-glucosidase activity is inhibited by glucose (Kp = 7,5 mM). Type IV collagenase activity secreted by endothelial cells cultured at high glucose concentrations appears to be diminished. Therefore type IV collagen catabolism may be decreased in Diabetes Mellitus.</p>
      </abstract>
      <textClass ana="subject">
        <keywords scheme="section">
          <term>Matrice extracellulaire</term>
        </keywords>
      </textClass>
      <langUsage>
        <language ident="fr"/>
      </langUsage>
    </profileDesc>
    <revisionDesc>
      <change xml:id="refBibs-istex" who="#ISTEX-API" when="2018-01-31">References added</change>
    </revisionDesc>
  </teiHeader>
  <text>
    <body>
      <div>
        <p>C. R. Soc. Biol., 1993, 187, 247-257.

Étude des altérations du métabolisme
du collagène de type IV au cours du diabète
par M. STERNBERG, A. M. GRIGOROVA-BORSOS, R. GUILLOT,
J. P. KASSAB, A. BAKILLAH, P. URIOS, L. COHEN-FORTERRE,
G. MOZÈRE, J. ANDRÉ, V. LEBLOND et J. PEYROUX
Équipe de Recherche sur la Biochimie et la Pharmacologie
des Vaisseaux et du Rein, Université de Paris V et VI,
Département de Biochimie, Faculté de Médecine,
45, rue des Saints-Pères, 75270 Paris Cedex 06.
(reçue le 17 février 1993).
Summary. — In Diabetes Mellitus, type IV collagen biosynthesis is
increased: the al(IV) procollagen specific mRNA concentration is elevated, particularly in the kidney, and the type IV collagen protein is accumulating is the thickened basement membranes. Aldose reductase inhibitors
like sorbinil do prevent basement membrane thickening and type IV collagen overproduction. The latter seems related to intracellular sorbitol
accumulation and also to protein kinase C activation. Autocrine or paracrine TGFP may be involved in the type IV collagen oversecretion. The
secreted type IV collagen is subject to posttranslational alterations, especially glycation which leads to advanced glycation endproducts and covalent crosslinks. This decreases collagen extractibility and susceptibility to
collagenases and favours basement membrane thickening. Disaccharide
unit-specific a-glucosidase activity is inhibited by glucose (Kp = 7,5 mM).
Type IV collagenase activity secreted by endothelial cells cultured at high
glucose concentrations appears to be diminished. Therefore type IV collagen catabolism may be decreased in Diabetes Mellitus.
Résumé. — Au cours du diabète, la biosynthèse de collagène IV est
augmentée : il existe une élévation du taux d&amp;apos;ARNm spécifique de la
chaîne de procollagène al(IV), en particulier dans le rein, ainsi qu&amp;apos;une
accumulation de la protéine-collagène IV dans les membranes basales.
Les inhibiteurs de l&amp;apos;aldose réductase comme le sorbinil préviennent l&amp;apos;épaississement des membranes basales et l&amp;apos;hyperproduction de collagène IV.
Cette dernière paraît liée à l&amp;apos;accumulation intracellulaire de sorbitol
ainsi qu&amp;apos;à l&amp;apos;activation de protéine kinase C. Une production autocrine
ou paracrine de TGFP pourrait être impliquée dans le mécanisme de
l&amp;apos;hyperproduction de collagène IV. Le collagène IV sécrété est modifié
après la traduction notamment par la glycation qui favorise l&amp;apos;établissement de liaisons croisées. Ceci diminue l&amp;apos;extractibilité chimique et enzymatique des collagènes et leur sensibilité à l&amp;apos;action des collagénases.
La glycation doit ainsi contribuer à l&amp;apos;épaississement des membranes basales
glomérulaires (MBG). L&amp;apos;activité de l&amp;apos;a-glucosidase spécifique des unités dis-

sacharidiques du collagène IV est inhibée par le glucose avec un Kp de
7,5 mM. L&amp;apos;activité collagénase IV sécrétée par les cellules endothéliales
soumises à une forte concentration en glucose, paraît diminuée.

Rappel des caractéristiques du collagène IV
Le collagène de type IV est une glycoprotéine appartenant à la famille
des collagènes et localisée dans les membranes basales (MB) dont il
est un constituant principal. Il y est associé à d&amp;apos;autres protéines : la
laminine, le nidogène ou entactine, des protéoglycannes à héparanesulfate et la protéine BM-40 ou ostéonectine fixant le calcium.
C&amp;apos;est un collagène non fibrillaire, possédant une triple hélice collagénique interrompue, et caractérisé par la persistance à l&amp;apos;état mature
des extrémités C-terminale globulaire (NC,, « non collagénique ») et
N-terminale (avec une portion non collagénique NC2 se terminant par
un petit fragment de triple hélice collagénique appelé collagène 7S).
La longueur totale de la molécule trimère est d&amp;apos;environ 400 nm. Quatre
molécules trimères s&amp;apos;associent par leurs extrémités 7S pour former un
supertétramère dont la forme rappelle la lettre X. Ces supertétramères
s&amp;apos;associent par leurs extrémités NC) pour former un réseau à mailles
dont la forme se rapproche d&amp;apos;un losange de 800 nm de côté (18).
Les chaînes peptidiques formant la molécule trimère sont le plus
souvent les chaînes a^IV) et az(IV), mais peuvent aussi être les
chaînes découvertes plus récemment a3(IV), a4(IV), as(IV) ou a6(IV).
Le trimère le plus fréquent est [al(IV)]2 a2(IV).
Les gènes codant pour les chaînes a^IV) et az(IV) sont localisés
chez l&amp;apos;Homme sur le chromosome 13. Ils sont séparés par un promoteur commun et leurs transcriptions respectives s&amp;apos;effectuent en direction opposée de façon coordonnée (23). Les gènes codant pour les
chaînes aiIV) et aiIV) sont situés sur le chromosome 2 et les gènes
codant pour les chaînes as(IV) et a6(IV) sur le chromosome X (34).
La structure primaire de la chaîne a!(IV) est peu différente de celle
de la chaîne az(IV). Par contre, la structure primaire de la chaîne
a)(IV) est assez différente de celle de la chaîne a)(I) du collagène
interstitiel de type 1 le plus répandu dans l&amp;apos;organisme (principal collagène de la peau et des os), comme le montre le tableau I. La chaîne
aj(IV) est moins riche en Gly, plus riche en Hyl et en acides sialiques, mais surtout beaucoup plus riche en 3-Hyp ainsi qu&amp;apos;en glucose
et galactose formant les unités dissacharidiques liées à l&amp;apos;Hyl :
Glc a1-2 Gai /? 1-5 Hyl. Ces composés peuvent être utilisés comme
marqueurs du collagène IV, bien que non exclusifs.

Altérations observées au cours du diabète
Accumulation du collagène IV dans les MB épaissies
L&amp;apos;épaississement irrégulier des MB est une lésion caractéristique de
la microangiopathie diabétique rénale et rétinienne.

TABLEAU

I. — Composition chimique des chaînes de collagène pro a,(IV) et a,(I)
exprimée en résidus pour 1 000 acides aminés.

Composé

Pro al(IV)&amp;apos;

al(I)b

Acides aminés

3-Hydroxyproline
4-Hydroxyproline
Acide aspartique
Thréonine

7

1

102

108

58

42

27

16

Sérine

45

34

Acide glutamique

92

Proline

65

73
124

Glycine

283

333

44

115
0
21
7
6

Alanine
1/2-cystine
Valine
Méthionine
Isoleucine
Leucine
Tyrosine
Phénylalanine
Histidine
Hydroxylysine

13

34
64

19
1

27

12

11

3

37

9

Lysine

10

Arginine

27

26
50

Glucides
Glucose
Galactose
Manose
Fucose
Glucosamine
Galactosamine
Acides sialiques

b

31

11

Total

a

11

1

000

1

000

35,1

1

36,2

2

6,5
0,7
7,5
3,4

0

3,9

0
0

0
0

de membranes basales glomérulaires bovines, d&amp;apos;après (7);
de placenta, d&amp;apos;après (20). La chaîne aiIV) a une composition voisine (20).

Cette altération structurale est associée à une anomalie fonctionnelle
des parois capillaires, l&amp;apos;hyperfiltration. Par ailleurs, la microangiopathie
est généralisée à tous les territoires capillaires : elle a été décrite notamment dans le muscle strié, dans le cœur, dans la peau. Au niveau du rein,
l&amp;apos;hyperfiltration des petites molécules apparaît très tôt après l&amp;apos;installation
de l&amp;apos;hyperglycémie, avec l&amp;apos;augmentation du débit de filtration glomérulaire.
L&amp;apos;hyperfiltration des protéines de masse moléculaire importante
comme l&amp;apos;albumine (microalbuminurie) apparaît plus progressivement.
La diminution des charges négatives de la MB glomérulaire (MBG)
en est un facteur favorisant ainsi que l&amp;apos;augmentation de la pression
de filtration capillaire.
L&amp;apos;épaississement des MB est lié à une accumulation du collagène IV

alors que la concentration de la laminine et des protéoglycannes
diminue (25). Les chaînes a^IV) et u2(IV) paraissent s&amp;apos;accumuler dans
le mésangium alors que les chaînes u3(IV), u4(IV) et us(IV) s&amp;apos;accumulent dans les MBG périphériques (13bis).
Les inhibiteurs de l&amp;apos;aldose réductase peuvent prévenir l&amp;apos;épaississement
des MB, mais aussi le développement de l&amp;apos;albuminurie. Nous avons
étudié l&amp;apos;effet préventif du sorbinil (12 mg/kg) sur la constitution de
la microangiopathie au cours d&amp;apos;un diabète expérimental par streptozotocine de 5 mois chez le Rat. Nous l&amp;apos;avons comparé à l&amp;apos;effet d&amp;apos;un traitement curatif par l&amp;apos;insuline IPZ institué 1 mois avant le sacrifice.
Les résultats sont présentés dans le tableau II.
Le sorbinil prévient l&amp;apos;épaississement des MB et diminue la clairance
de l&amp;apos;albumine observée au cours du diabète. L&amp;apos;insuline corrige l&amp;apos;épaississement des MB et normalise l&amp;apos;albuminémie. L&amp;apos;épaississement des
MB s&amp;apos;accompagne d&amp;apos;une élévation du contenu en 3-hydroxyproline du
cortex rénal.
Quel est le mécanisme de l&amp;apos;accumulation de collagène IV au cours
du diabète?
Plusieurs phénomènes paraissent y contribuer :
de la biosynthèse,
augmentation
une
—
qualitatives des réactions post-traductionnelles qui
— des altérations
peuvent entraîner altérations fonctionnelles et résistance à la dégradation,
diminution du catabolisme.
— une
Biosynthèse du collagène IV
Dans les cellules endothéliales cultivées en présence de fortes concentrations de glucose, la concentration en ARNm spécifiques des chaînes
de procollagène al(IV) est augmentée (3, 4, 5, 24).
Nous avons étudié la production de la protéine-collagène (IV) par
les cellules endothéliales humaines de veine ombilicale cultivées en présence de fortes concentrations de glucose. Nous avons mesuré parallèlement l&amp;apos;incorporation de proline marquée dans les protéines
collagéniques synthétisées. La production de collagène (IV) est augmentée dans le surnageant de culture ainsi que dans la fraction associée à la matrice extracellulaire et aux cellules ; l&amp;apos;incorporation de proline
marquée dans les protéines collagéniques y est aussi élevée. Le sorbinil, inhibiteur de l&amp;apos;aldose réductase corrige ces altérations (1).
L&amp;apos;accumulation de sorbitol dans les cellules endothéliales humaines
de veine ombilicale cultivées en présence de fortes concentrations de
glucose (12, 14) apparaît donc comme responsable, en partie au moins,
des altérations métaboliques observées.
Une activation de protéine kinase C a été incriminée dans la genèse
de la microangiopathie par augmentation de la formation de diacylglycérol, activateur de l&amp;apos;enzyme, à partir du glucose (33). Nous avons
observé une augmentation de la production de collagène (IV) par les

rénal

rénal

du

de

corporel)

89&amp;quot;

(nmol/kg
3-Hyp

al 57a
56

55 34

± ± ± ± ±

cortex

cortex

poids

247 065 007 603 617

111

le
dans

du

a-glucosidase
rénal (nmol/mg/h)

0,60a

0,56af

0,40 0,34 0,20

collagènes
spécifique

± ± ± ± ±

cortex

Rat.

3,13 2,68 1,85 1,59 1,57

le

des

chez
métabolisme
MBG
Épaisseur
mois
l&amp;apos;albumine

4b 3d 4e
(nm)

5

des

4 4f

± ± ± ± ±
203 172 172 184 169

;

respectifs

de
du

de

streptozotocine
respectifs.

altérations

de

rénale

Clairance

l&amp;apos;albumine
(nl/min)

19a

18af

71e

24

normoglycémiques

± ± ±± ±

rénale

187 125

clairance

97 11 10
traités

glomérulaires,

la

à
la

non
Albuminémie

1,0a

expérimental

de

(g/1)

augmentation
basales

1,1&amp;apos; 2,lf 1,3

±1,8
témoinstémoins

± ± ± ±
30,1 34,0 35,7 37,1 37,8

les les
diabète
versus versus

membranes

et

Glycémie

d&amp;apos;un

des

(mM)

a

1,7a 1,9d

1,2

0,2 0,2

± ± ± ± ±
41,7 38,6

6,2 5,9 5,8

cours

0,05 0,05

&amp;lt;&amp;lt;

pp

;;

c

Épaississement

au

0,01

(S)
Sorbinil
Insuline

S
+

0,01

&amp;lt;. &amp;lt;

pp

;;

b e

Normoglycémiques
Normoglycémiques
—

0,001 0,001

Rats

II.

+ +
Diabétiques
Diabétiques
Diabétiques

TABLEAU

&amp;lt;&amp;lt;

pp

a d

cellules endothéliales humaines de veine ombilicale cultivées en présence de phorbol-12-myristate-13-acétate,activateur de protéine kinase C
membranaire, sans effet additif du glucose à forte concentration (10).
L&amp;apos;augmentation de biosynthèse de collagène IV a été aussi décrite
dans les cellules mésangiales glomérulaires provenant de rein de Rat,
soumises à de fortes concentrations de glucose (11). Dans ces mêmes
conditions, une production endogène de TGFJ3 a été observée. Or le
TGFJ3 exogène augmente la synthèse de collagène IV dans les cellules
épithéliales glomérulaires en culture (22). Ainsi, une sécrétion autocrine ou paracrine de TGFJ3 pourrait être impliquée dans le mécanisme de l&amp;apos;hyperproduction de collagène IV.
L&amp;apos;augmentation de biosynthèse de collagène IV a été rapportée également dans les reins prélevés ex vivo chez des rats ou des souris diabétiques (13, 15, 24).

Altérations qualitatives des réactions post-traductionnelles
Les collagènes sécrétés au cours du diabète présentent des modifications qualitatives liées à des altérations des réactions post-traductionnelles.

Réactions d&amp;apos;hydroxylation
Nous avons montré une sous-hydroxylation des collagènes du cortex
rénal après 3 mois de diabète par streptozotocine chez le Rat se traduisant par une diminution des rapports 3-Hyp/Collagène et 4-Hyp/Collagène alors que la masse de collagène du cortex rénal était élevée. Un
traitement par l&amp;apos;acide ascorbique a permis de prévenir cette sous-hydroxylation. L&amp;apos;acide ascorbique est un cofacteur des prolyl-hydroxylases. Il y
aurait carence intracellulaire en acide ascorbique au cours du diabète (16).
Réactions de glycosylation
Une élévation de l&amp;apos;activité glycosyl-transférase spécifique des unités
disaccharidiques a été décrite dans le cortex rénal au cours du diabète
expérimental (26). Cette anomalie a été confirmée par un certain
nombre d&amp;apos;équipes utilisant d&amp;apos;autres modèles animaux, mais pas par
toutes : revue dans (29). Une augmentation de la concentration des
unités dissacharidiques dans les MBG a été observée (Tableau III).
Elle ne s&amp;apos;accompagne cependant pas d&amp;apos;une élévation du pourcentage
de glycosylation de l&amp;apos;hydroxylysine. Elle traduit apparemment l&amp;apos;accumulation de collagène IV normalement glycosylé.

Réactions de glycation
On a observé une augmentation du pourcentage de glycation (ou
glycosylation non enzymatique) sur les protéines de la MBG, comme

TABLEAU

III. — Glycosylations enzymatique et non enzymatique

dans la membrane basale glomérulaire humaine3.
Non enzymatique
Résidus pour 1 000
(pourcentage de glycosylation
des résidus Lys et Hyl)

Enzymatique
Glc-Gal-Hyl
et Gal-Hyl

Glc-Lys

Glc-Hyl

Témoins

0,18
(0,8 %)

0,08
(0,3 %)

(72 %)

Diabétiques

0,32
(1,7 %)

0,19
(0,7 %)

20,8
(76 %)

a

15,9

d&amp;apos;après (8).

sur l&amp;apos;hémoglobine ou les protéines plasmatiques (Tableau III). L&amp;apos;importance quantitative de la glycation est modeste en comparaison de l&amp;apos;augmentation de la concentration en unités disaccharidiques synthétisées
par voie enzymatique (Tableau III). Néanmoins elle peut être d&amp;apos;importance qualitative par la formation ultérieure de produits de glycation
avancée (2, 21). Ceux-ci sont caractérisés par des liaisons croisées covalentes établies entre plusieurs résidus glyqués et basiques de chaînes
peptidiques voisines de collagène ou d&amp;apos;autres protéines de la MBG,
voire de protéines du plasma. Ceci diminue l&amp;apos;extractibilité chimique
et enzymatique des collagènes et leur sensibilité à l&amp;apos;action des collagénases (29). La glycation doit ainsi contribuer à l&amp;apos;épaississement des
MBG.

Catabolisme du collagène IV
CATABOLISME DES UNITÉS SACCHARIDIQUES DU COLLAGÈNE

IV

Catabolisme des unités polysaccharidiques
Le catabolisme des unités polysaccharidiques à acide sialique du procollagène IV et des autres sialoglycoprotéines des MB peut être augmenté car nous avons observé une élévation de l&amp;apos;activité spécifique
sialidase aussi bien sur le sialyl a2-3 PH] lactitol que sur le sialyl
a2-6 PH] lactitol au cours du diabète expérimental ou spontané chez
le Rat (6). Cette anomalie est corrigée par une insulinothérapie. Elle
n&amp;apos;est pas modifiée par un traitement préventif par le sorbinil.
Elle peut expliquer la diminution de la concentration des acides sialiques observée dans les MBG et dans le cortex rénal au cours du
diabète (29), mais il existe également une diminution d&amp;apos;activité spécifique des sialyltransférases (6).
La diminution de la concentration des acides sialiques doit contribuer à la diminution des charges négatives des MBG. Cette dernière
est due principalement à la baisse de concentration des protéoglycannes
1)

à héparane-sulfate. La diminution des charges négatives accroît la perméabilité des MB aux protéines anioniques comme l&amp;apos;albumine.
2) Catabolisme des unités disaccharidiques
Une a-glucosidase spécifique des unités disaccharidiques liées à
l&amp;apos;hydroxylysine des collagènes a été décrite par Sternberg et Spiro dans
le cortex rénal de Rat (31). Il s&amp;apos;agit d&amp;apos;une a-glucosidase différente de
la maltase et classifiée EC 3.2.1. 107, dont le substrat préférentiel a
la structure suivante : a-glucosyl-1-2 (3-galactosyl 1-5 hydroxylysine. Son
pH optimal est de 4,7. Elle est capable de libérer 100 % du glucose
des unités disaccharidiques de membrane basale réduite et alkylée. Nous
en avons effectué la préparation avec un facteur de purification de
176 et un rendement de 18 %. Sa masse moléculaire est de 70 kDa.
La spécificité de l&amp;apos;enzyme paraît liée à la liaison osidique de type a l-2
et surtout à l&amp;apos;existence de la fonction amine primaire libre, chargée
positivement de la chaîne latérale de l&amp;apos;hydroxylysine. En effet, l&amp;apos;acétylation de Glc-Gal-Hyl-peptides fait disparaître leur qualité de substrat.
Par ailleurs, la glucosamine et la mannosamine (mais non leurs dérivés

N-acétylés) sont inhibiteurs compétitifs de l&amp;apos;enzyme.
L&amp;apos;activité |3-galactosidase agissant sur la j3-galactosyl-1-5 hydroxylysine est très faible dans le cortex rénal. Son pH optimal, également
acide, est de 3,6 (31).
Chez le rat normal, l&amp;apos;a-glucosidase spécifique est retrouvée dans
différents organes : rate, reins, poumons, cerveau. Elle apparaît abondante dans les organes richement vascularisés. Nous l&amp;apos;avons étudiée
dans le cortex rénal au cours du diabète provoqué par la streptozotocine (55 mg/kg) après 19, 23 et 28 semaines d&amp;apos;évolution; dans ce dernier
cas, avec ou sans traitement curatif par l&amp;apos;insuline commencé trois
semaines avant le sacrifice. La glycémie chez les animaux non à jeun
était respectivement de 58, 39 et 51 mmol/1 en moyenne chez les diabétiques; de 7,8 mmol/1 chez les traités. A 28 semaines, il existait un
épaississement des membranes basales chez les diabétiques alors que,
chez les traités, l&amp;apos;aspect morphologique était proche de la normale.
L&amp;apos;activité a-glucosidase, mesurée en l&amp;apos;absence de glucose, a été trouvée
augmentée très significativement dans les trois séries de rats diabétiques aussi bien dans le cortex rénal que dans le cortex cérébral (dans
les homogénats et dans les surnageants 105 000 g dialysés contre un
tampon dépourvu de glucose). L&amp;apos;activité enzymatique chez les rats
traités par l&amp;apos;insuline était normale (30). L&amp;apos;augmentation est aussi partiellement corrigée par le sorbinil (Tableau II).
Nous avons ensuite montré qu&amp;apos;en présence de concentrations élevées
de glucose in vitro et in vivo, l&amp;apos;activité a-glucosidase est inhibée (28).
Le-Kp du glucose est de 7,5 mM (27). Cette inhibition peut contribuer à l&amp;apos;épaississement des MB. Elle s&amp;apos;accompagne d&amp;apos;une élévation
de concentration de l&amp;apos;enzyme, peut-être consécutive à cet épaississement. Ce dernier s&amp;apos;accompagne en effet d&amp;apos;une accumulation du substrat de l&amp;apos;enzyme.

CATABOLISME DES CHAÎNES PEPTIDIQUES DU COLLAGÈNE

IV

La triple hélice du collagène IV est hydrolysée par des métalloprotéases spécifiques : les collagénases IV de 92 kDa et de 72 kDa ainsi
que les stromélysines qui font partie de la famille des métalloprotéases
à zinc de la matrice extracellulaire (MMP) (17).
Nous avons mesuré l&amp;apos;effet du glucose à forte concentration et d&amp;apos;un
ester de phorbol sur les procollagénases IV produites par les cellules
endothéliales en culture. L&amp;apos;activité spécifique collagénase IV mesurée
dans le milieu de culture après activation par l&amp;apos;acétate paraaminophénylmercurique (APMA) permet la détermination de procollagénase libre. Le phorbol-12-myristate-13-acétate augmente la procollagénase IV libre produite dans le milieu de culture par les cellules
endothéliales, que ce soit à concentration standard (5 mM) ou à forte
concentration (16,5 mM) de glucose. Néanmoins, l&amp;apos;activité spécifique
est significativement inférieure à forte concentration (16,5 mM) de
glucose par rapport à celle qui est mesurée à concentration standard.
Lorsqu&amp;apos;on mesure l&amp;apos;activité enzymatique totale (libre + liée aux inhibiteurs des métalloprotéases ou TIMPs), celle-ci est également diminuée en présence de forte concentration de glucose (16,5 mM). Ce
phénomène peut être lié, au moins en partie, à une glycation élevée
de l&amp;apos;enzyme. Il pourrait contribuer à l&amp;apos;accumulation de collagène IV (10).
BIBLIOGRAPHIE

Borsos A., Bakillah A., Salami R., Guillot R. &amp;amp; Sternberg M., Alterations of type IV
collagen production by human endothelial cells in culture at high glucose concentration. Effect of treatment with an aldose reductase inhibitor. J. Cell. Biochem.,
1992, Sup 1, 16A.
2. Brownlee M., Edelstein D., Hammes H. &amp;amp; Federoff H., Biological and clinical
1.

studies with aminoguanidine. Amino Acids, 1991, 1, 156.
3. Cagliero E., Maiello M., Boeri D., Roy S. &amp;amp; Lorenzi M., Increased expression
of basement membrane components in human endothelial cells cultured in high
glucose. J. Clin. Invest., 1988, 82, 735-738.
4. Cagliero E., Roth T., Roy S., Lorenzi M., Characteristics and mechanisms of high
glucose-induced overexpression of basement membrane components in cultured
human endothelial cells. Diabetes, 1991, 40, 102-110.
5. Cagliero E., Roth T., Roy S., Maiello M. &amp;amp; Lorenzi M., Expression of genes related
to the extracellular matrix in human endothelial cells. Differential modulation
by elevated glucose concentrations, phorbol esters, and cAMP. J. Biol. Chem.,
1991, 266, 14244-14250.

6. Cohen-ForterreL., André J., Mozère G., Peyroux J. &amp;amp; Sternberg M., Kidney sialidase and sialyl transferase activities in spontaneously and experimentally dia-

betic rats; influence of insulin and sorbinil treatments. Biochem. Pharmacol.,
1990, 40, 507-513.
7. Dean D., Barr

J., Freytag W.

&amp;amp;

Hudson B., Isolation of type IV procollagen-like

polypeptides from glomerular basement membrane. J. Biol. Chem., 1983, 258,
590-596.

8. Garlick R., Bunn H. &amp;amp; Spiro R., Non-enzymatic glycation of basement membranes

from human glomeruli and bovine sources. Effect of diabetes and age. Diabetes,
1988, 37, 1144-1150.
9. Grigorova-BorsosA., M&amp;apos;Boudou O., André J., Mozère G., Hadjiisky P., Peyroux J.
&amp;amp; Sternberg M., Underhydroxylation

of kidney cortex collagen in streptozotocin

diabetic rats. Prevention by dietary ascorbic acid. Diabetologia, 1988, 31, 497A.
10. Guillot R., Leblond V., Bakillah A., André J., Mozère G., Borsos A., Urios P.
&amp;amp; Sternberg M., Type IV collagen and collagenase IV production by human
endothelial cells in culture. Effects of glucose, phorbol ester and sorbinil. In:
D. Loskutoff (ed.), Vllth International symposium on the Biology of vascular
cells Scripps Research Institute, San Diego, California, 1992.
11. Haneda M. &amp;amp; Kikkawa R., Glucose enhances type IV collagen production in cultured rat glomerular mesangial cells. Diabetologia, 1991, 34, 198-200.
12. Hawthorne C., Bartlett K., Hetherington C. S. &amp;amp; Alberti K. G. M. M., The effect
of high glucose on polyol pathway activity and myoinositol metabolism in cultured human endothelial cells. Diabetologia, 1989, 32, 163-166.
13. Killen P., Ebhara I., Martin G., Ortola F. &amp;amp; Brenner B., mRNA levels for laminin
and collagen IV chains are elevated in diabetic kidneys. Kidneys Int., 1987, 31, 171.
13bis. Kim Y., Kleppel M. M., Butkowski R., Mauer S. M., Wieslander J. &amp;amp; Michael
A. F., Differential expresssion of basement membrane collagen chains in diabetic nephropathy. Am. J. Pathol., 1991, 138, 413-420.
14. Koh M. S., Misch K. J., Yucen C. T. &amp;amp; Rhodes E. L., Accumulation of sorbitol
in endothelial cells: a possible cause of diabetic microangiopathy. Diabetes Res.,
1986, 3, 217-219.

E., Noonan D., Vogeli G. &amp;amp; Hassell J., Altered steadystate mRNA levels of basement membrane proteins in diabetic mouse kidneys
and thromboxane synthase inhibition. Diabetes, 1990, 39, 196-203.

15. Ledbetter S., Copeland

16. McLennan S., Yue D., Fisher E., Capogreco C., Heffernan S., Ross G. &amp;amp; Turtle

J.,

Deficiency of ascorbic acid in experimental diabetes. Relationship with collagen
and polyol patway abnormalities. Diabetes, 1988, 37, 359-361.
17. Matrisian

L., Metalloproteinases and their inhibitors in matrix remodeling. Trends

Genet, 1990, 6, 121-125.
18. Mercier P. &amp;amp; Ekindjian O., Le collagène IV : principal constituant des membranes
basales. Ann. Biol. Clin., 1990, 48, 695-711.
19. Michael A. &amp;amp; Brown D., Increased concentration of albumin in kidney basement
membranes in diabetes mellitus. Diabetes, 1981, 30, 843-846.
20. Miller E. &amp;amp; Gay S., Collagen: an overview. Methods in enzymology, 1982, 82, 3-32.
21. Monnier V., Sell D., Grandhee S., Nagara R., Lapolla A. &amp;amp; Odetti P., Maillard
reaction mediated protein crosslinking in diabetes and aging. Amino Acids, 1991,
1, 156.

22. Nakamura T., Miller D., Ruoslahti E. &amp;amp; Border W., Production of extracellular
matrix by glomerular epithelial cells is regulated by transforming growth factorbeta 1. Kidney Int., 1992, 41, 1213-1221.
23. Pollner R., Fischer G., Poschl E. &amp;amp; Kuhn K., Regulation of divergent transcription
of the genes coding for basement membrane type IV collagen. Ann. N. Y. Acad.
Sci., 1990, 580, 44-54.
24. Roy S., Sala R., Cagliero E. &amp;amp; Lorenzi M., Overexpression of fibronectin induced
by diabetes or high glucose: phenomenon with a memory. Proc. Natl. Acad.
Sci. USA, 1990, 87, 404-408.
25. Shimomura H. &amp;amp; Spiro R., Studies on macromolecular components of human glomerular basement membrane and alterations in diabetes. Diabetes, 1987, 36, 374.

26. Spiro R. &amp;amp; Spiro M., Effect of diabetes on the biosynthesis of the renal glomerular
basement membrane: studies on the glucosyl-transferase. Diabetes 1971, 20,
641-648.
27. Sternberg M. &amp;amp; André J., Glucose inhibition of the alpha-glucosidase spécifié for
collagen and basement membrane disaccharide units. FEBS Lett., 1982, 139, 53-56.
28. Sternberg M., André J. &amp;amp; Peyroux J., Glucose inhibition of the alpha-glucosidase
specific for collagen disaccharide units in diabetic rat kidney by glucose levels
in vivo: possible contribution in basement membrane thickening. Diabetologia,
1983, 24, 286-289.
29. Sternberg M., Cohen-Forterre L. &amp;amp; Peyroux J., Connective tissue in diabetes mel-

litus: biochemical alterations of the intercellular matrix with special reference
to proteoglycans, collagens and basement membranes. Diabete Metab., 1985,
11, 27-50.

30. Sternberg M., Grochulski A., Peyroux J., Hirbec G. &amp;amp; Poirier J., Studies on the

alpha-glucosidase specific for collagen disaccharide units: variations associated
with capillary basement thickening in kidney and brain of diabetic and aged
rats. Collagen Rel. Res., 1982, 2, 495-506.
31. Sternberg M. &amp;amp; Spiro R., Studies on the catabolism of the hydroxylysine linked
diasaccharide units of basement membranes and collagens. Isolation and characterization of a rat kidney alpha-glucosidase of high specificity. J. Biol. Chem.,
1979, 254, 10329-10336.

32. Wolf G., Sharma K., Chen Y., Ericksen M. &amp;amp; Ziyadeh F., High glucose-induced
proliferation in mesangial cells is reversed by autocrine TGF-P. Kidney Int.,
1992, 42, 647-656.
33. Wolf B. A., Williamson J., Easom R. A., Chang K., Sherman W. R. &amp;amp; Turk J.,
Diacylglycerol accumulation and microvascular abnormalities induced by elevated
glucose levels. J. Clin. Invest., 1991, 87, 31-37.

J., Mochizuki T., Vetrie D., Mariyama M., Reeders S. &amp;amp; Tryggvason K.,
Isolation of a novel type IV collagen gene, a6 (IV), that is deleted in patients
with X-linked Alport syndrome and leiomyomatosis. Abstracts of the Xllth International Congress of Nephrology, Jerusalem, Israël, June 13-18, 1993, p. 485.

34. Zhou

</p>
      </div>
    </body>
    <back>
      <div>
        <listBibl xmlns:xlink="http://www.w3.org/1999/xlink" xmlns:mml="http://www.w3.org/1998/Math/MathML">
          <biblStruct xml:id="b0">
            <analytic>
              <title level="a" type="main">Alterations of type IV collagen production by human endothelial cells in culture at high glucose concentration . Effect of treatment with an aldose reductase inhibitor</title>
              <author>
                <persName>
                  <forename type="first">A</forename>
                  <surname>Borsos</surname>
                </persName>
              </author>
              <author>
                <persName>
                  <forename type="first">A</forename>
                  <surname>Bakillah</surname>
                </persName>
              </author>
              <author>
                <persName>
                  <forename type="first">R</forename>
                  <surname>Salami</surname>
                </persName>
              </author>
              <author>
                <persName>
                  <forename type="first">R</forename>
                  <surname>Guillot</surname>
                </persName>
              </author>
              <author>
                <persName>
                  <forename type="first">M</forename>
                  <surname>Sternberg</surname>
                </persName>
              </author>
            </analytic>
            <monogr>
              <title level="j">J. Cell. Biochem</title>
              <imprint>
                <biblScope unit="page">16</biblScope>
                <date type="published" when="1992"/>
              </imprint>
            </monogr>
            <note>Sup. 1</note>
          </biblStruct>
          <biblStruct xml:id="b1">
            <analytic>
              <title level="a" type="main">Biological and clinical studies with aminoguanidine</title>
              <author>
                <persName>
                  <forename type="first">M</forename>
                  <surname>Brownlee</surname>
                </persName>
              </author>
              <author>
                <persName>
                  <forename type="first">D</forename>
                  <surname>Edelstein</surname>
                </persName>
              </author>
              <author>
                <persName>
                  <forename type="first">H</forename>
                  <surname>Hammes</surname>
                </persName>
              </author>
              <author>
                <persName>
                  <forename type="first">H</forename>
                  <surname>Federoff</surname>
                </persName>
              </author>
            </analytic>
            <monogr>
              <title level="j">Amino Acids</title>
              <imprint>
                <biblScope unit="volume">1</biblScope>
                <biblScope unit="page">156</biblScope>
                <date type="published" when="1991"/>
              </imprint>
            </monogr>
          </biblStruct>
          <biblStruct xml:id="b2">
            <analytic>
              <title level="a" type="main">Increased expression of basement membrane components in human endothelial cells cultured in high glucose</title>
              <author>
                <persName>
                  <forename type="first">E</forename>
                  <surname>Cagliero</surname>
                </persName>
              </author>
              <author>
                <persName>
                  <forename type="first">M</forename>
                  <surname>Maiello</surname>
                </persName>
              </author>
              <author>
                <persName>
                  <forename type="first">D</forename>
                  <surname>Boeri</surname>
                </persName>
              </author>
              <author>
                <persName>
                  <forename type="first">Roy</forename>
                  <forename type="middle">S</forename>
                  <surname>Lorenzi</surname>
                </persName>
              </author>
              <author>
                <persName>
                  <forename type="first">M</forename>
                </persName>
              </author>
            </analytic>
            <monogr>
              <title level="j">J. Clin. Invest</title>
              <imprint>
                <biblScope unit="volume">82</biblScope>
                <biblScope unit="page" from="735" to="738"/>
                <date type="published" when="1988"/>
              </imprint>
            </monogr>
          </biblStruct>
          <biblStruct xml:id="b3">
            <analytic>
              <title level="a" type="main">Characteristics and mechanisms of high glucose-induced overexpression of basement membrane components in cultured human endothelial cells</title>
              <author>
                <persName>
                  <forename type="first">E</forename>
                  <surname>Cagliero</surname>
                </persName>
              </author>
              <author>
                <persName>
                  <forename type="first">T</forename>
                  <surname>Roth</surname>
                </persName>
              </author>
              <author>
                <persName>
                  <forename type="first">S</forename>
                  <surname>Roy</surname>
                </persName>
              </author>
              <author>
                <persName>
                  <forename type="first">M</forename>
                  <surname>Lorenzi</surname>
                </persName>
              </author>
            </analytic>
            <monogr>
              <title level="j">Diabetes</title>
              <imprint>
                <biblScope unit="volume">40</biblScope>
                <biblScope unit="page" from="102" to="110"/>
                <date type="published" when="1991"/>
              </imprint>
            </monogr>
          </biblStruct>
          <biblStruct xml:id="b4">
            <analytic>
              <title level="a" type="main">Expression of genes related to the extracellular matrix in human endothelial cells. Differential modulation by elevated glucose concentrations, phorbol esters, and cAMP</title>
              <author>
                <persName>
                  <forename type="first">E</forename>
                  <surname>Cagliero</surname>
                </persName>
              </author>
              <author>
                <persName>
                  <forename type="first">T</forename>
                  <surname>Roth</surname>
                </persName>
              </author>
              <author>
                <persName>
                  <forename type="first">S</forename>
                  <surname>Roy</surname>
                </persName>
              </author>
              <author>
                <persName>
                  <forename type="first">M</forename>
                  <surname>Maiello</surname>
                </persName>
              </author>
              <author>
                <persName>
                  <forename type="first">M</forename>
                  <surname>Lorenzi</surname>
                </persName>
              </author>
            </analytic>
            <monogr>
              <title level="j">J. Biol. Chem</title>
              <imprint>
                <biblScope unit="volume">266</biblScope>
                <biblScope unit="page" from="14244" to="14250"/>
                <date type="published" when="1991"/>
              </imprint>
            </monogr>
          </biblStruct>
          <biblStruct xml:id="b5">
            <analytic>
              <title level="a" type="main">Kidney sialidase and sialyl transferase activities in spontaneously and experimentally diabetic rats; influence of insulin and sorbinil treatments</title>
              <author>
                <persName>
                  <surname>Cohen-Forterrel</surname>
                </persName>
              </author>
              <author>
                <persName>
                  <forename type="first">J</forename>
                  <surname>André</surname>
                </persName>
              </author>
              <author>
                <persName>
                  <forename type="first">G</forename>
                  <surname>Mozère</surname>
                </persName>
              </author>
              <author>
                <persName>
                  <forename type="first">J</forename>
                  <surname>Peyroux</surname>
                </persName>
              </author>
              <author>
                <persName>
                  <forename type="first">M</forename>
                  <surname>Sternberg</surname>
                </persName>
              </author>
            </analytic>
            <monogr>
              <title level="j">Biochem. Pharmacol</title>
              <imprint>
                <biblScope unit="volume">40</biblScope>
                <biblScope unit="page" from="507" to="513"/>
                <date type="published" when="1990"/>
              </imprint>
            </monogr>
          </biblStruct>
          <biblStruct xml:id="b6">
            <analytic>
              <title level="a" type="main">Isolation of type IV procollagen-like polypeptides from glomerular basement membrane</title>
              <author>
                <persName>
                  <forename type="first">D</forename>
                  <surname>Dean</surname>
                </persName>
              </author>
              <author>
                <persName>
                  <forename type="first">J</forename>
                  <surname>Barr</surname>
                </persName>
              </author>
              <author>
                <persName>
                  <forename type="first">W</forename>
                  <surname>Freytag</surname>
                </persName>
              </author>
              <author>
                <persName>
                  <forename type="first">B</forename>
                  <surname>Hudson</surname>
                </persName>
              </author>
            </analytic>
            <monogr>
              <title level="j">J. Biol. Chem</title>
              <imprint>
                <biblScope unit="volume">258</biblScope>
                <biblScope unit="page" from="590" to="596"/>
                <date type="published" when="1983"/>
              </imprint>
            </monogr>
          </biblStruct>
          <biblStruct xml:id="b7">
            <analytic>
              <title level="a" type="main">Non-enzymatic glycation of basement membranes from human glomeruli and bovine sources. Effect of diabetes and age</title>
              <author>
                <persName>
                  <forename type="first">R</forename>
                  <surname>Garlick</surname>
                </persName>
              </author>
              <author>
                <persName>
                  <forename type="first">H</forename>
                  <surname>Bunn</surname>
                </persName>
              </author>
              <author>
                <persName>
                  <forename type="first">R</forename>
                  <surname>Spiro</surname>
                </persName>
              </author>
            </analytic>
            <monogr>
              <title level="j">Diabetes</title>
              <imprint>
                <biblScope unit="volume">37</biblScope>
                <biblScope unit="page" from="1144" to="1150"/>
                <date type="published" when="1988"/>
              </imprint>
            </monogr>
          </biblStruct>
          <biblStruct xml:id="b8">
            <analytic>
              <title level="a" type="main">Underhydroxylation of kidney cortex collagen in streptozotocin diabetic rats. Prevention by dietary ascorbic acid</title>
              <author>
                <persName>
                  <forename type="first">M</forename>
                  <surname>Grigorova-Borsosa</surname>
                </persName>
              </author>
              <author>
                <persName>
                  <forename type="first">O</forename>
                  <surname>Boudou</surname>
                </persName>
              </author>
              <author>
                <persName>
                  <forename type="first">J</forename>
                  <surname>André</surname>
                </persName>
              </author>
              <author>
                <persName>
                  <forename type="first">G</forename>
                  <surname>Mozère</surname>
                </persName>
              </author>
              <author>
                <persName>
                  <forename type="first">P</forename>
                  <surname>Hadjiisky</surname>
                </persName>
              </author>
              <author>
                <persName>
                  <forename type="first">J</forename>
                  <surname>Peyroux</surname>
                </persName>
              </author>
              <author>
                <persName>
                  <forename type="first">M</forename>
                  <surname>Sternberg</surname>
                </persName>
              </author>
            </analytic>
            <monogr>
              <title level="j">Diabetologia</title>
              <imprint>
                <biblScope unit="page" from="31" to="497"/>
                <date type="published" when="1988"/>
              </imprint>
            </monogr>
          </biblStruct>
          <biblStruct xml:id="b9">
            <analytic>
              <title level="a" type="main">Type IV collagen and collagenase IV production by human endothelial cells in culture. Effects of glucose, phorbol ester and sorbinil</title>
              <author>
                <persName>
                  <forename type="first">R</forename>
                  <surname>Guillot</surname>
                </persName>
              </author>
              <author>
                <persName>
                  <forename type="first">V</forename>
                  <surname>Leblond</surname>
                </persName>
              </author>
              <author>
                <persName>
                  <forename type="first">A</forename>
                  <surname>Bakillah</surname>
                </persName>
              </author>
              <author>
                <persName>
                  <forename type="first">J</forename>
                  <surname>André</surname>
                </persName>
              </author>
              <author>
                <persName>
                  <forename type="first">G</forename>
                  <surname>Mozère</surname>
                </persName>
              </author>
              <author>
                <persName>
                  <forename type="first">A</forename>
                  <surname>Borsos</surname>
                </persName>
              </author>
              <author>
                <persName>
                  <forename type="first">P</forename>
                  <surname>Urios</surname>
                </persName>
              </author>
              <author>
                <persName>
                  <forename type="first">M</forename>
                  <surname>Sternberg</surname>
                </persName>
              </author>
            </analytic>
            <monogr>
              <title level="m">Vllth International symposium on the Biology of vascular cells Scripps Research Institute</title>
              <editor>D. Loskutoff</editor>
              <meeting>
                <address>
                  <addrLine>San Diego, California</addrLine>
                </address>
              </meeting>
              <imprint>
                <date type="published" when="1992"/>
              </imprint>
            </monogr>
          </biblStruct>
          <biblStruct xml:id="b10">
            <analytic>
              <title level="a" type="main">Glucose enhances type IV collagen production in cultured rat glomerular mesangial cells</title>
              <author>
                <persName>
                  <forename type="first">M</forename>
                  <surname>Haneda</surname>
                </persName>
              </author>
              <author>
                <persName>
                  <forename type="first">R</forename>
                  <surname>Kikkawa</surname>
                </persName>
              </author>
            </analytic>
            <monogr>
              <title level="j">Diabetologia</title>
              <imprint>
                <biblScope unit="volume">34</biblScope>
                <biblScope unit="page" from="198" to="200"/>
                <date type="published" when="1991"/>
              </imprint>
            </monogr>
          </biblStruct>
          <biblStruct xml:id="b11">
            <analytic>
              <title level="a" type="main">The effect of high glucose on polyol pathway activity and myoinositol metabolism in cultured human endothelial cells</title>
              <author>
                <persName>
                  <forename type="first">C</forename>
                  <surname>Hawthorne</surname>
                </persName>
              </author>
              <author>
                <persName>
                  <forename type="first">K</forename>
                  <surname>Bartlett</surname>
                </persName>
              </author>
              <author>
                <persName>
                  <forename type="first">C</forename>
                  <forename type="middle">S</forename>
                  <surname>Hetherington</surname>
                </persName>
              </author>
              <author>
                <persName>
                  <forename type="first">K</forename>
                  <forename type="middle">G M M</forename>
                  <surname>Alberti</surname>
                </persName>
              </author>
            </analytic>
            <monogr>
              <title level="j">Diabetologia</title>
              <imprint>
                <biblScope unit="volume">32</biblScope>
                <biblScope unit="page" from="163" to="166"/>
                <date type="published" when="1989"/>
              </imprint>
            </monogr>
          </biblStruct>
          <biblStruct xml:id="b12">
            <analytic>
              <title level="a" type="main">mRNA levels for laminin and collagen IV chains are elevated in diabetic kidneys</title>
              <author>
                <persName>
                  <forename type="first">P</forename>
                  <surname>Killen</surname>
                </persName>
              </author>
              <author>
                <persName>
                  <forename type="first">I</forename>
                  <surname>Ebhara</surname>
                </persName>
              </author>
              <author>
                <persName>
                  <forename type="first">G</forename>
                  <surname>Martin</surname>
                </persName>
              </author>
              <author>
                <persName>
                  <forename type="first">F</forename>
                  <surname>Ortola</surname>
                </persName>
              </author>
              <author>
                <persName>
                  <forename type="first">B</forename>
                  <surname>Brenner</surname>
                </persName>
              </author>
            </analytic>
            <monogr>
              <title level="j">Kidneys Int</title>
              <imprint>
                <biblScope unit="page" from="31" to="171"/>
                <date type="published" when="1987"/>
              </imprint>
            </monogr>
          </biblStruct>
          <biblStruct xml:id="b13">
            <analytic>
              <title level="a" type="main">Differential expresssion of basement membrane collagen chains in diabetic nephropathy</title>
              <author>
                <persName>
                  <forename type="first">Y</forename>
                  <surname>Kim</surname>
                </persName>
              </author>
              <author>
                <persName>
                  <forename type="first">M</forename>
                  <forename type="middle">M</forename>
                  <surname>Kleppel</surname>
                </persName>
              </author>
              <author>
                <persName>
                  <forename type="first">R</forename>
                  <surname>Butkowski</surname>
                </persName>
              </author>
              <author>
                <persName>
                  <forename type="first">S</forename>
                  <forename type="middle">M</forename>
                  <surname>Mauer</surname>
                </persName>
              </author>
              <author>
                <persName>
                  <forename type="first">J</forename>
                  <surname>Wieslander</surname>
                </persName>
              </author>
              <author>
                <persName>
                  <forename type="first">A</forename>
                  <forename type="middle">F</forename>
                  <surname>Michael</surname>
                </persName>
              </author>
            </analytic>
            <monogr>
              <title level="j">Am. J. Pathol</title>
              <imprint>
                <biblScope unit="volume">138</biblScope>
                <biblScope unit="page" from="413" to="420"/>
                <date type="published" when="1991"/>
              </imprint>
            </monogr>
          </biblStruct>
          <biblStruct xml:id="b14">
            <analytic>
              <title level="a" type="main">Accumulation of sorbitol in endothelial cells: a possible cause of diabetic microangiopathy</title>
              <author>
                <persName>
                  <forename type="first">M</forename>
                  <forename type="middle">S</forename>
                  <surname>Koh</surname>
                </persName>
              </author>
              <author>
                <persName>
                  <forename type="first">K</forename>
                  <forename type="middle">J</forename>
                  <surname>Misch</surname>
                </persName>
              </author>
              <author>
                <persName>
                  <forename type="first">C</forename>
                  <forename type="middle">T</forename>
                  <surname>Yucen</surname>
                </persName>
              </author>
              <author>
                <persName>
                  <forename type="first">E</forename>
                  <forename type="middle">L</forename>
                  <surname>Rhodes</surname>
                </persName>
              </author>
            </analytic>
            <monogr>
              <title level="j">Diabetes Res</title>
              <imprint>
                <biblScope unit="volume">3</biblScope>
                <biblScope unit="page" from="217" to="219"/>
                <date type="published" when="1986"/>
              </imprint>
            </monogr>
          </biblStruct>
          <biblStruct xml:id="b15">
            <analytic>
              <title level="a" type="main">Altered steadystate mRNA levels of basement membrane proteins in diabetic mouse kidneys and thromboxane synthase inhibition</title>
              <author>
                <persName>
                  <forename type="first">S</forename>
                  <surname>Ledbetter</surname>
                </persName>
              </author>
              <author>
                <persName>
                  <forename type="first">E</forename>
                  <surname>Copeland</surname>
                </persName>
              </author>
              <author>
                <persName>
                  <forename type="first">D</forename>
                  <surname>Noonan</surname>
                </persName>
              </author>
              <author>
                <persName>
                  <forename type="first">G</forename>
                  <surname>Vogeli</surname>
                </persName>
              </author>
              <author>
                <persName>
                  <forename type="first">J</forename>
                  <surname>Hassell</surname>
                </persName>
              </author>
            </analytic>
            <monogr>
              <title level="j">Diabetes</title>
              <imprint>
                <biblScope unit="volume">39</biblScope>
                <biblScope unit="page" from="196" to="203"/>
                <date type="published" when="1990"/>
              </imprint>
            </monogr>
          </biblStruct>
          <biblStruct xml:id="b16">
            <analytic>
              <title level="a" type="main">Deficiency of ascorbic acid in experimental diabetes. Relationship with collagen and polyol patway abnormalities</title>
              <author>
                <persName>
                  <forename type="first">S</forename>
                  <surname>Mclennan</surname>
                </persName>
              </author>
              <author>
                <persName>
                  <forename type="first">D</forename>
                  <surname>Yue</surname>
                </persName>
              </author>
              <author>
                <persName>
                  <forename type="first">E</forename>
                  <surname>Fisher</surname>
                </persName>
              </author>
              <author>
                <persName>
                  <forename type="first">C</forename>
                  <surname>Capogreco</surname>
                </persName>
              </author>
              <author>
                <persName>
                  <forename type="first">S</forename>
                  <surname>Heffernan</surname>
                </persName>
              </author>
              <author>
                <persName>
                  <forename type="first">G</forename>
                  <surname>Ross</surname>
                </persName>
              </author>
              <author>
                <persName>
                  <forename type="first">J</forename>
                  <surname>Turtle</surname>
                </persName>
              </author>
            </analytic>
            <monogr>
              <title level="j">Diabetes</title>
              <imprint>
                <biblScope unit="volume">37</biblScope>
                <biblScope unit="page" from="359" to="361"/>
                <date type="published" when="1988"/>
              </imprint>
            </monogr>
          </biblStruct>
          <biblStruct xml:id="b17">
            <analytic>
              <title level="a" type="main">Metalloproteinases and their inhibitors in matrix remodeling</title>
              <author>
                <persName>
                  <forename type="first">L</forename>
                  <surname>Matrisian</surname>
                </persName>
              </author>
            </analytic>
            <monogr>
              <title level="j">Trends Genet</title>
              <imprint>
                <biblScope unit="volume">6</biblScope>
                <biblScope unit="page" from="121" to="125"/>
                <date type="published" when="1990"/>
              </imprint>
            </monogr>
          </biblStruct>
          <biblStruct xml:id="b18">
            <analytic>
              <title level="a" type="main">Le collagène IV : principal constituant des membranes basales</title>
              <author>
                <persName>
                  <forename type="first">P</forename>
                  <surname>Mercier</surname>
                </persName>
              </author>
              <author>
                <persName>
                  <forename type="first">O</forename>
                  <surname>Ekindjian</surname>
                </persName>
              </author>
            </analytic>
            <monogr>
              <title level="j">Ann. Biol. Clin</title>
              <imprint>
                <biblScope unit="volume">48</biblScope>
                <biblScope unit="page" from="695" to="711"/>
                <date type="published" when="1990"/>
              </imprint>
            </monogr>
          </biblStruct>
          <biblStruct xml:id="b19">
            <analytic>
              <title level="a" type="main">Increased concentration of albumin in kidney basement membranes in diabetes mellitus</title>
              <author>
                <persName>
                  <forename type="first">Michael</forename>
                  <forename type="middle">A</forename>
                  <surname>Brown</surname>
                </persName>
              </author>
              <author>
                <persName>
                  <forename type="first">D</forename>
                </persName>
              </author>
            </analytic>
            <monogr>
              <title level="j">Diabetes</title>
              <imprint>
                <biblScope unit="volume">30</biblScope>
                <biblScope unit="page" from="843" to="846"/>
                <date type="published" when="1981"/>
              </imprint>
            </monogr>
          </biblStruct>
          <biblStruct xml:id="b20">
            <analytic>
              <title level="a" type="main">Collagen: an overview</title>
              <author>
                <persName>
                  <forename type="first">E</forename>
                  <surname>Miller</surname>
                </persName>
              </author>
              <author>
                <persName>
                  <forename type="first">S</forename>
                  <surname>Gay</surname>
                </persName>
              </author>
            </analytic>
            <monogr>
              <title level="j">Methods in enzymology</title>
              <imprint>
                <biblScope unit="volume">82</biblScope>
                <biblScope unit="page" from="3" to="32"/>
                <date type="published" when="1982"/>
              </imprint>
            </monogr>
          </biblStruct>
          <biblStruct xml:id="b21">
            <analytic>
              <title level="a" type="main">Maillard reaction mediated protein crosslinking in diabetes and aging</title>
              <author>
                <persName>
                  <forename type="first">V</forename>
                  <surname>Monnier</surname>
                </persName>
              </author>
              <author>
                <persName>
                  <forename type="first">D</forename>
                  <surname>Sell</surname>
                </persName>
              </author>
              <author>
                <persName>
                  <forename type="first">S</forename>
                  <surname>Grandhee</surname>
                </persName>
              </author>
              <author>
                <persName>
                  <forename type="first">R</forename>
                  <surname>Nagara</surname>
                </persName>
              </author>
              <author>
                <persName>
                  <forename type="first">A</forename>
                  <surname>Lapolla</surname>
                </persName>
              </author>
              <author>
                <persName>
                  <forename type="first">P</forename>
                  <surname>Odetti</surname>
                </persName>
              </author>
            </analytic>
            <monogr>
              <title level="j">Amino Acids</title>
              <imprint>
                <biblScope unit="volume">1</biblScope>
                <biblScope unit="page">156</biblScope>
                <date type="published" when="1991"/>
              </imprint>
            </monogr>
          </biblStruct>
          <biblStruct xml:id="b22">
            <analytic>
              <title level="a" type="main">Production of extracellular matrix by glomerular epithelial cells is regulated by transforming growth factorbeta 1</title>
              <author>
                <persName>
                  <forename type="first">T</forename>
                  <surname>Nakamura</surname>
                </persName>
              </author>
              <author>
                <persName>
                  <forename type="first">D</forename>
                  <surname>Miller</surname>
                </persName>
              </author>
              <author>
                <persName>
                  <forename type="first">E</forename>
                  <surname>Ruoslahti</surname>
                </persName>
              </author>
              <author>
                <persName>
                  <forename type="first">W</forename>
                  <surname>Border</surname>
                </persName>
              </author>
            </analytic>
            <monogr>
              <title level="j">Kidney Int</title>
              <imprint>
                <biblScope unit="volume">41</biblScope>
                <biblScope unit="page" from="1213" to="1221"/>
                <date type="published" when="1992"/>
              </imprint>
            </monogr>
          </biblStruct>
          <biblStruct xml:id="b23">
            <analytic>
              <title level="a" type="main">Regulation of divergent transcription of the genes coding for basement membrane type IV collagen</title>
              <author>
                <persName>
                  <forename type="first">R</forename>
                  <surname>Pollner</surname>
                </persName>
              </author>
              <author>
                <persName>
                  <forename type="first">G</forename>
                  <surname>Fischer</surname>
                </persName>
              </author>
              <author>
                <persName>
                  <forename type="first">E</forename>
                  <surname>Poschl</surname>
                </persName>
              </author>
              <author>
                <persName>
                  <forename type="first">K</forename>
                  <surname>Kuhn</surname>
                </persName>
              </author>
            </analytic>
            <monogr>
              <title level="j">Ann. N. Y. Acad. Sci</title>
              <imprint>
                <biblScope unit="volume">580</biblScope>
                <biblScope unit="page" from="44" to="54"/>
                <date type="published" when="1990"/>
              </imprint>
            </monogr>
          </biblStruct>
          <biblStruct xml:id="b24">
            <analytic>
              <title level="a" type="main">Overexpression of fibronectin induced by diabetes or high glucose: phenomenon with a memory</title>
              <author>
                <persName>
                  <forename type="first">Roy</forename>
                  <forename type="middle">S</forename>
                  <surname>Sala</surname>
                </persName>
              </author>
              <author>
                <persName>
                  <forename type="first">R</forename>
                  <surname>Cagliero</surname>
                </persName>
              </author>
              <author>
                <persName>
                  <forename type="first">E</forename>
                  <surname>Lorenzi</surname>
                </persName>
              </author>
              <author>
                <persName>
                  <forename type="first">M</forename>
                </persName>
              </author>
            </analytic>
            <monogr>
              <title level="m">Proc. Natl. Acad. Sci. USA</title>
              <meeting>. Natl. Acad. Sci. USA</meeting>
              <imprint>
                <date type="published" when="1990"/>
                <biblScope unit="page" from="404" to="408"/>
              </imprint>
            </monogr>
          </biblStruct>
          <biblStruct xml:id="b25">
            <analytic>
              <title level="a" type="main">Studies on macromolecular components of human glomerular basement membrane and alterations in diabetes</title>
              <author>
                <persName>
                  <forename type="first">H</forename>
                  <surname>Shimomura</surname>
                </persName>
              </author>
              <author>
                <persName>
                  <forename type="first">R</forename>
                  <surname>Spiro</surname>
                </persName>
              </author>
            </analytic>
            <monogr>
              <title level="j">Diabetes</title>
              <imprint>
                <biblScope unit="volume">36</biblScope>
                <biblScope unit="page">374</biblScope>
                <date type="published" when="1987"/>
              </imprint>
            </monogr>
          </biblStruct>
          <biblStruct xml:id="b26">
            <analytic>
              <title level="a" type="main">Effect of diabetes on the biosynthesis of the renal glomerular basement membrane: studies on the glucosyl-transferase</title>
              <author>
                <persName>
                  <forename type="first">Spiro</forename>
                  <forename type="middle">R</forename>
                  <surname>Spiro</surname>
                </persName>
              </author>
              <author>
                <persName>
                  <forename type="first">M</forename>
                </persName>
              </author>
            </analytic>
            <monogr>
              <title level="j">Diabetes</title>
              <imprint>
                <biblScope unit="volume">20</biblScope>
                <biblScope unit="page" from="641" to="648"/>
                <date type="published" when="1971"/>
              </imprint>
            </monogr>
          </biblStruct>
          <biblStruct xml:id="b27">
            <analytic>
              <title level="a" type="main">Glucose inhibition of the alpha-glucosidase spécifié for collagen and basement membrane disaccharide units</title>
              <author>
                <persName>
                  <forename type="first">M</forename>
                  <surname>Sternberg</surname>
                </persName>
              </author>
              <author>
                <persName>
                  <forename type="first">J</forename>
                  <surname>André</surname>
                </persName>
              </author>
            </analytic>
            <monogr>
              <title level="j">FEBS Lett</title>
              <imprint>
                <biblScope unit="volume">139</biblScope>
                <biblScope unit="page" from="53" to="56"/>
                <date type="published" when="1982"/>
              </imprint>
            </monogr>
          </biblStruct>
          <biblStruct xml:id="b28">
            <analytic>
              <title level="a" type="main">Glucose inhibition of the alpha-glucosidase specific for collagen disaccharide units in diabetic rat kidney by glucose levels in vivo: possible contribution in basement membrane thickening</title>
              <author>
                <persName>
                  <forename type="first">M</forename>
                  <surname>Sternberg</surname>
                </persName>
              </author>
              <author>
                <persName>
                  <forename type="first">J</forename>
                  <surname>André</surname>
                </persName>
              </author>
              <author>
                <persName>
                  <forename type="first">J</forename>
                  <surname>Peyroux</surname>
                </persName>
              </author>
            </analytic>
            <monogr>
              <title level="j">Diabetologia</title>
              <imprint>
                <biblScope unit="volume">24</biblScope>
                <biblScope unit="page" from="286" to="289"/>
                <date type="published" when="1983"/>
              </imprint>
            </monogr>
          </biblStruct>
          <biblStruct xml:id="b29">
            <analytic>
              <title level="a" type="main">Connective tissue in diabetes mellitus: biochemical alterations of the intercellular matrix with special reference to proteoglycans, collagens and basement membranes</title>
              <author>
                <persName>
                  <forename type="first">M</forename>
                  <surname>Sternberg</surname>
                </persName>
              </author>
              <author>
                <persName>
                  <forename type="first">L</forename>
                  <surname>Cohen-Forterre</surname>
                </persName>
              </author>
              <author>
                <persName>
                  <forename type="first">J</forename>
                  <surname>Peyroux</surname>
                </persName>
              </author>
            </analytic>
            <monogr>
              <title level="j">Diabete Metab</title>
              <imprint>
                <biblScope unit="volume">11</biblScope>
                <biblScope unit="page" from="27" to="50"/>
                <date type="published" when="1985"/>
              </imprint>
            </monogr>
          </biblStruct>
          <biblStruct xml:id="b30">
            <analytic>
              <title level="a" type="main">Studies on the alpha-glucosidase specific for collagen disaccharide units: variations associated with capillary basement thickening in kidney and brain of diabetic and aged rats</title>
              <author>
                <persName>
                  <forename type="first">M</forename>
                  <surname>Sternberg</surname>
                </persName>
              </author>
              <author>
                <persName>
                  <forename type="first">A</forename>
                  <surname>Grochulski</surname>
                </persName>
              </author>
              <author>
                <persName>
                  <forename type="first">J</forename>
                  <surname>Peyroux</surname>
                </persName>
              </author>
              <author>
                <persName>
                  <forename type="first">G</forename>
                  <surname>Hirbec</surname>
                </persName>
              </author>
              <author>
                <persName>
                  <forename type="first">J</forename>
                  <surname>Poirier</surname>
                </persName>
              </author>
            </analytic>
            <monogr>
              <title level="j">Collagen Rel. Res</title>
              <imprint>
                <biblScope unit="volume">2</biblScope>
                <biblScope unit="page" from="495" to="506"/>
                <date type="published" when="1982"/>
              </imprint>
            </monogr>
          </biblStruct>
          <biblStruct xml:id="b31">
            <analytic>
              <title level="a" type="main">Studies on the catabolism of the hydroxylysine linked diasaccharide units of basement membranes and collagens. Isolation and characterization of a rat kidney alpha-glucosidase of high specificity</title>
              <author>
                <persName>
                  <forename type="first">M</forename>
                  <surname>Sternberg</surname>
                </persName>
              </author>
              <author>
                <persName>
                  <forename type="first">R</forename>
                  <surname>Spiro</surname>
                </persName>
              </author>
            </analytic>
            <monogr>
              <title level="j">J. Biol. Chem</title>
              <imprint>
                <biblScope unit="volume">254</biblScope>
                <biblScope unit="page" from="10329" to="10336"/>
                <date type="published" when="1979"/>
              </imprint>
            </monogr>
          </biblStruct>
          <biblStruct xml:id="b32">
            <analytic>
              <title level="a" type="main">High glucose-induced proliferation in mesangial cells is reversed by autocrine TGF-P</title>
              <author>
                <persName>
                  <forename type="first">G</forename>
                  <surname>Wolf</surname>
                </persName>
              </author>
              <author>
                <persName>
                  <forename type="first">K</forename>
                  <surname>Sharma</surname>
                </persName>
              </author>
              <author>
                <persName>
                  <forename type="first">Y</forename>
                  <surname>Chen</surname>
                </persName>
              </author>
              <author>
                <persName>
                  <forename type="first">M</forename>
                  <surname>Ericksen</surname>
                </persName>
              </author>
              <author>
                <persName>
                  <forename type="first">F</forename>
                  <surname>Ziyadeh</surname>
                </persName>
              </author>
            </analytic>
            <monogr>
              <title level="j">Kidney Int</title>
              <imprint>
                <biblScope unit="volume">42</biblScope>
                <biblScope unit="page" from="647" to="656"/>
                <date type="published" when="1992"/>
              </imprint>
            </monogr>
          </biblStruct>
          <biblStruct xml:id="b33">
            <analytic>
              <title level="a" type="main">Diacylglycerol accumulation and microvascular abnormalities induced by elevated glucose levels</title>
              <author>
                <persName>
                  <forename type="first">Wolf</forename>
                  <forename type="middle">B A</forename>
                  <surname>Williamson</surname>
                </persName>
              </author>
              <author>
                <persName>
                  <forename type="first">J</forename>
                  <surname>Easom</surname>
                </persName>
              </author>
              <author>
                <persName>
                  <forename type="first">R</forename>
                  <forename type="middle">A</forename>
                  <surname>Chang</surname>
                </persName>
              </author>
              <author>
                <persName>
                  <forename type="first">K</forename>
                  <surname>Sherman</surname>
                </persName>
              </author>
              <author>
                <persName>
                  <forename type="first">W</forename>
                  <forename type="middle">R</forename>
                  <surname>Turk</surname>
                </persName>
              </author>
              <author>
                <persName>
                  <forename type="first">J</forename>
                </persName>
              </author>
            </analytic>
            <monogr>
              <title level="j">J. Clin. Invest</title>
              <imprint>
                <biblScope unit="volume">87</biblScope>
                <biblScope unit="page" from="31" to="37"/>
                <date type="published" when="1991"/>
              </imprint>
            </monogr>
          </biblStruct>
          <biblStruct xml:id="b34">
            <analytic>
              <title level="a" type="main">Isolation of a novel type IV collagen gene, a6 (IV), that is deleted in patients with X-linked Alport syndrome and leiomyomatosis</title>
              <author>
                <persName>
                  <forename type="first">J</forename>
                  <surname>Zhou</surname>
                </persName>
              </author>
              <author>
                <persName>
                  <forename type="first">T</forename>
                  <surname>Mochizuki</surname>
                </persName>
              </author>
              <author>
                <persName>
                  <forename type="first">D</forename>
                  <surname>Vetrie</surname>
                </persName>
              </author>
              <author>
                <persName>
                  <forename type="first">M</forename>
                  <surname>Mariyama</surname>
                </persName>
              </author>
              <author>
                <persName>
                  <forename type="first">S</forename>
                  <surname>Reeders</surname>
                </persName>
              </author>
              <author>
                <persName>
                  <forename type="first">K</forename>
                  <surname>Tryggvason</surname>
                </persName>
              </author>
            </analytic>
            <monogr>
              <title level="m">Abstracts of the Xllth International Congress of Nephrology</title>
              <meeting>
                <address>
                  <addrLine>Jerusalem, Israël</addrLine>
                </address>
              </meeting>
              <imprint>
                <date type="published" when="1993"/>
                <biblScope unit="page">485</biblScope>
              </imprint>
            </monogr>
          </biblStruct>
        </listBibl>
      </div>
    </back>
  </text>
</TEI>
