<?xml version="1.0" encoding="UTF-8"?>
<!--Version 1.2 générée le 7-12-2018-->
<TEI xmlns:tei="http://www.tei-c.org/ns/1.0" xml:lang="en" type="other">
  <teiHeader>
    <fileDesc>
      <titleStmt>
        <title level="a" type="main" xml:lang="en">Tissue blood flow mapping</title>
      </titleStmt>
      <publicationStmt>
        <authority>ISTEX</authority>
        <publisher scheme="https://scientific-publisher.data.istex.fr">Institute Of Physics</publisher>
        <pubPlace>Bristol</pubPlace>
        <availability>
          <licence>
            <p>IOP</p>
          </licence>
        </availability>
        <p scheme="https://loaded-corpus.data.istex.fr/ark:/67375/XBH-4D4R3TJT-T"/>
        <date>1997</date>
      </publicationStmt>
      <notesStmt>
        <note type="other" scheme="https://content-type.data.istex.fr/ark:/67375/XTP-7474895G-0">other</note>
        <note type="journal" scheme="https://publication-type.data.istex.fr/ark:/67375/JMC-0GLKJH51-B">journal</note>
      </notesStmt>
      <sourceDesc>
        <biblStruct type="inbook">
          <analytic>
            <title level="a" type="main" xml:lang="en">Tissue blood flow mapping</title>
            <author xml:id="author-0000">
              <name type="person">G E Nilsson</name>
              <affiliation>Department of Biomedical Engineering, Linköping University, S-581 85 Linköping, Sweden</affiliation>
            </author>
            <idno type="istex">AB298CFDBA8FEFD0D051AC910E4C19CC13144AE8</idno>
            <idno type="ark">ark:/67375/0T8-TFD99ZHW-V</idno>
            <idno type="DOI">10.1088/0031-8949/1997/T72/011</idno>
            <idno type="article-id">011</idno>
          </analytic>
          <monogr>
            <title level="j">Physica Scripta</title>
            <idno type="pISSN">1402-4896</idno>
            <idno type="eISSN">1402-4896</idno>
            <idno type="serialID">1720724</idno>
            <imprint>
              <publisher>Institute Of Physics</publisher>
              <pubPlace>Bristol</pubPlace>
              <date type="published" when="1997-01-01"/>
              <biblScope unit="issue">T72</biblScope>
              <biblScope unit="page" from="83">83</biblScope>
              <biblScope unit="page" to="86">86</biblScope>
              <biblScope unit="range">83-86</biblScope>
              <biblScope unit="referenceNumber">16</biblScope>
            </imprint>
          </monogr>
        </biblStruct>
      </sourceDesc>
    </fileDesc>
    <profileDesc>
      <creation>
        <date>1997</date>
      </creation>
      <langUsage>
        <language ident="en">en</language>
      </langUsage>
    </profileDesc>
    <revisionDesc>
      <change when="1997-01-01">Published</change>
    </revisionDesc>
  </teiHeader>
  <text>
    <body>
      <div>
        <p>
Physica Scripta. Vol. T72, 83-86, 1997.

Tissue Blood Flow Mapping
G. E. Nilsson
Department of Biomedical Engineering, Linkoping University, S-581 85 Linkoping, Sweden
Received July 17, 19%: accepted November 15, 1996

Abstract
The operating principles of Laser Doppler Perfusion Imaging (LDPI) for
visualizationof the tissue blood perfusion are explained. Using this emerging
technology skin perfusion has been investigated in healthy volunteers and
in patients with various conditions that affect skin blood flow. LDPI is
anticipated to be particularly useful in evaluation of peripheral circulation
in diabetics, as an objective tool in imtancy patch testing, assessment of
bumt skin and visualization of spot-wise hyperperfusion in breast skin in
association with carcinoma.

1. Introduction
The microvascular network of the skin is composed of
different compartments, each with a different architecture
and function. Just underneath the epidermal layer, that
acts as a protective cover of the body, hairnail-shaped
capillaries supply the skin with oxygen and nutritive products and remove metabolites from the tissue. The capillaries
have a diameter of about 5 to 10 micrometers, and a
density of about 50 vessels per square millimeter in normal
forearm skin. The speed of the blood cells perfusing the
capillaries is in the order of 0.5 mm/s or less. The capillary
network is supplied by small arteries (arterioles) and
drained by small veins (venules). The arterioles can contract
and reduce their diameter, and consequently possess the
ability to control the blood flow to the capillary network
as well as the pressure drop between the macro- and the
microcirculation. Arterio-venous anastomosis (shunting
vessels) offer the possibility to shunt large quantities of
blood from the arterial to the venous side, without passing
the blood through the capillary network. These shunting
vessels therefore act as important components in the body
temperature regulation, by transporting heat from the core
of the body to the surface where the heat is dissipated.
The density of shunting vessels is highest in the palm of
the hand and sole of the foot and in the face.
In many common diseases including diabetes, arteriosclerosis and various skin diseases the skin blood flow is altered
or disturbed. If for instance, the nutritive component is
chronically impaired, such as often is the case in later stages
of diabetes mellitus, the tissue may become necrotic, resulting
in e.g. leg ulcers that do not heal spontaneously. The formation of leg ulcers constitutes a frequent and severe complication in diabetes mellitus and peripheral vascular disease.
Clinically useful methods for the diagnosis, treatment and
prevention of these conditions are therefore urgently needed
in order to reduce their adverse impact on the economy of
the health care delivery systems in many societies.
The example above illustratesjust one out of a large number
of situations in which reliable and versatile methods for
measurement of tissue blood perfusion is of great importance.

Among the methods that have been suggested in the literature for measurement of tissue blood perfusion, isotope
[1 and thermal clearance [2] techniques, video microscopy
1
[3], fluorescein angiography [4], photoplethysmography [5]
and laser Doppler perfusion monitoring [6] are the most
widely used. In order to be useful also under clinical conditions, methods for assessing tissue perfusion should preferably
be easy to handle, cost-effective, efficient and safe. Since skin
perfusion possesses substantial spatial variability, methods
for visualizing the heterogeneity in tissue perfusion are more
valuable than single point methods in many applications.
The purpose of this presentation is to outline basic operating principles of LDPI and some of its applications.

2. Operating principle
When a monochromatic beam of light penetrates the tissue
surface, the individual photons are scattered in a multitude
of directions. A large fraction of these photons is absorbed,
while others migrate back to the tissue surface. The median
penetration depth of the photons eventually returning to the
tissue surface where they become available for detection can
be calculated by Monte Carlo simulation techniques [7]. The
sampling depth is dependent on the tissue optical properties
at the particular wavelength in use and on the position of
the source and the sink of photons on the tissue surface. For
human skin tissue and the wavelength 632 nm, the sampling
depth is in the order of 0.15 mm, with a separation of the
source and sink of 0.25 mm.
When a photon interacts with a moving object such as a
red blood cell, the frequency of the scattered photon is slightly
shifted according to the Doppler effect. The magnitude of
this frequency shift o is dependent on the velocity vector v
of the blood cell and the scattering vector q according to the
formula:
(1)

w=q. v

where q = ki - k,

(2)
and k, and ki are the scattering and incident k-vector respectively (Fig 1).

kl

\

Fig. 1 The single scattering event.
Physica Scripta T72

84

G. E. Nilsson

The Doppler frequency shift o becomes zero if either
the velocity v or the scattering vector q (the photon is not
scattered by the blood cell) is zero. The Doppler frequency
shift furthermore becomes zero if the scattering vector is
perpendicular to the velocity vector. For the ratio of the
scatterer dimension (about 5 micrometer) to the wavelength
(0.63 micrometer) in question, most of the light is scattered
in the forward direction (within approximately 5 degrees).
This implies that the magnitude of the scattering vector is
small. The smaller the scattering vector (more forward
scattering) the more is the Doppler spectrum shifted towards lower frequencies for a given velocity. For a red
blood cell and the He-Ne wavelength 632.8 nm, a velocity
of about 0.5 mm/ second will typically give rise to Doppler
frequency shifts within the range zero to a few hundred
Hertz.
Once the Doppler frequency shift generated at a single
scattering event is known, the total Doppler power spectral
density P(o)can be calculated, provided the velocity distribution (N(v)) and the density function of the scattering vector
(S(q)) are known according to the formula:

P(o) C,
=

4n
-

i

4

'T&lt;i&gt; No

16n:

y=-

&amp;to

v

j S(q)dqdv

q=-

4n

(3)

o
V

where At is the wavelength in tissue.
In laser Doppler flowmeters, the total amount of backscattered light that is picked up by the receiving fiber (LDPM)
or is directed towards the photodetector (LDPI) contributes
to the calculated perfusion value. On the surface of the
photodetector, the Doppler shifted beams and the nonfrequency shifted beams interact and generate the total photo
current. The non-frequency shifted beams together constitute
the reference beam in this heterodyne mixing process. For
low and moderate blood cell concentrations, the power spectral density of the photo-current fluctuations is therefore an
exact replica of the Doppler-generated broadening of the
optical spectrum shifted to the base-band (carrier frequency
zero).
In laser Doppler flowmetry, Tissue Perfusion is defined as
the product of the local average blood cell speed s(r) and
concentration c(r) within the scattering volume.
Tissue Perfusion = s(r) c(r).

This output signal is continuously calculated and in the laser
Doppler perfusion monitor a time trace of the temporal
variations of the tissue perfusion at a single site can be
generated and fed to e.g. a pen recorder. From formula (5)
above it is obvious that the laser Doppler flowmeter output
signal is dependent also on the sensitivity function h(r) which
may vary from one tissue to another. The output signal from
laser Doppler flowmeters is consequently also dependent on
the tissue optical properties and a general conversion factor
that allows the output signal to be expressed in terms of
absolute flow units (ml/lOOg min.) can not be found. For a
specific tissue, however, the output signal scales linearly with
changes in the tissue perfusion.
Over the years, LDPM has been used in an ever increasing
number of applications. LDPM is now widely used, not only
for cutaneous blood flow measurements, but also for monitoring perfusion in other tissues e.g. bone, muscle, peripheral
nerves and kidneys [8]. LDPM employs continuous recording
of perfusion at one single point at a time. The probe must
be attached to the tissue during recording, which implies a
risk of infection and pain in some applications. Movement
of the fibre lines during measurements, results in artifacts
that make interpretation of the results difficult. Because of
the large spatial variations in skin blood [9] [lo], LDPM is
generally better suited for stimuli-response experiments than
for mapping of the blood flow distribution over a certain
tissue area. In many clinical and experimental situations it
would, however, be preferable to record the spatial distribution of the tissue perfusion over a certain area instead of
monitoring the temporal variations at a single point.

3. Laser Doppler perfusion imaging
Laser Doppler Perfusion Imaging is a noninvasive technology
that creates two-dimensional images of the tissue perfusion
[l 11. A laser beam scans the tissue surface step-wise by means
of a computer controlled stepper motor system positioned
15 to 30 cm above the tissue surface. The images cover a
size of about 25 * 25 cm at maximum. At each measurement
site, the beam is arrested for about 50 ms. During this time
period the backscattered light, partly Doppler shifted by the
moving blood cells in the superficial microvascular network,
is recorded by a photo-detector, positioned next to the stepper
motors in the scanner head. At the surface of the photo-

(4)

When methods are applied to measure this quantity, one
has to take into account the sensitivity factor. For LDPM
and LDPI this sensitivity factor constitutes the relative fraction of the local density of photons that eventually will
become available for detection (h(r)). The quantity detectable
by these methods can therefore be expressed as:
I="

Recorded Tissue Perfusion =

j h (r)s(r)c(r)d(r).

(5)

,=O

An output signal that scales linearly with the blood perfusion can be obtained if the recorded Doppler signal is fed
through an o-weighting filter and integrated according to
0
,

j

Output signal = oP (o)do.
"
n

Physica Scripta 772

(6)
Fig. 2 Operating principle of laser Doppler perfusion imaging.

Tissue Blood Flow Mapping

85

2. The skin microcirculation responds to acetylcholine and
sodium nitroprusside in patients with non-insulin dependent diabetes [14].
3. Irritancy and allergy patch testing can be quantified in
an objective way by the use of LDPI [15].
4. Assessment of burn depth seems to be possible using
LDPI.
5. The mean breast skin blood flow as visualized by LDPI
from benign and carcinoma sites is significantly higher
than from corresponding normal sites [16].

5. Discussion and conclusions
Experience from the use of LDPI particularly in clinical
situations underlines the importance of versatility and portability. In most situations it is preferable to bring the
system to the patient (bed-side monitoring) instead of bringing the patient to the system. From experience it has also
Fig. 3 LDPI image of the dorsal side of a hand with a small wound and become obvious that capturing and analysis of the images
hyperfusion.
are performed at two different occasions. During image
capturing, a preview of the image, helps the user to decide
detector, frequency-shifted and non-frequency-shifted beams if the image should be stored or a new image needs to be
are mixed to form a photocurrent which is composed Of a captured. During analysis, the built-in average and standard
fluctuating Portion suFrimPosed On a stationaT level. deviation calculation algorithms are particularly useful. Inbase
The frequency content of the fluctuating portion is related stead of making multiple and time-consuming single point
to the average speed of the blood cells, while its magnitude recordings with conventional LDPM in order to attain
is related to their concentration within the scattering volume. statistical significance, a single image will generate several
The average sampling depth in skin tissue is in the order of hundred measurement points within a selected reg;on of
Oe2 “ * signa1processing, an Output signa1is generated interest in a minute. The large number of measurement
lAfter
that scales linearly with tissue perfusion defined as the product values attained in a single snap-shot generally renders pasOf the b1ood Cell sped
and concentration* This signa1 is sible a statistical significant distinction of the perfusion in
‘tored in the computer memoT the beam is moved to two tissue areas from which single measurements cannot
and
the next measurement site. When all measurement sites (at differentiate their perfusion.
maximu 4096 points) have been samp1ed~ ’tored va1ues
the
The images are well suited for further processing, analysis
are disp1ayed in the form Of a c010ur coded image On a and presentation in existing software packages. By converting
“puter
monitor* (see fig*2,3) This image can be ana1yzed the image format to TIFF or ASCII, the images can be
by use Of the integrated ana1ysis ‘Oftware
Or exported to
imported into Word@ or powerpoint@ documents for presother software packages for further analysis.
entation and imported into Excel@ for further numerical
analysis.
Image generation of the tissue perfusion with a Laser
4. Clinical applicationsof LDPI
Doppler Perfusion Imager does not involve the use of dyes
From stdies of normal skin blood flow of the hand, it can and tracer elements and offers the possibility of repeated
be concluded that even under controlled environmental con- investigations without physical contact with tissue. It has
ditions with test subjects at rest, a gross variability in spatial therefore proved to be a useful tool also in clinical settings
and tempora1 flow patterns exists which can a p v a r and including studies of wounds and leg ulcers, the altered skin
disappear spontaneously. Inserting a small dermal needle into perfusion of the diabetic foot and the viability of burnt
normal skin causes a tissue trauma with pronounced hyper- &amp;in.
perfusion that extends over an area with a diameter of several
centimeters. This hyperperfusion gradually disappears and
the skin perfusion is generally reduced to base-line values References
after approximately one hour. Spot-wise reddening of the
1. Engelhart, M., fistensen, B. M. and Kristensen, J., J. Invest. Dem.,
skin (livedo pattern) generally coincides with the flow pattern
80, 12 (1983).
visua1ized by LDPIY
whi1e red ‘pots associated with ‘Ortwine
2. Holti, G. and Mitchell, K. W., “Estimation of the nutrient sl&amp; blood
Stains in most cases do not reveal any increase in tissue
flow using a non-invasive segmentedthermal clearan= probe,” in p,
perfusion [12]. This can be explained by the fact that the
Rolfe, ed.), Non-Invasive Physiological Measurements 1, (Academic
Press, 1979). pp. 113-123
blood cells are pooled in the Portwine Stain but no true
3. Fagrell, B., Fronek, and Intaglietta, M., Am. J. Physiol. 233, H318
perfusion exists.
In clinically oriented studies several observations of char- 4. (1977).F., G‘Fluorescein
Lurid,
angiography of the skin in diagnosis, prognosis
acteristic perfusion patterns have been made, of which the
and evaluation of therapy in perpheral arterial diseases,” 9th Europ.
following may be of a particular clinical importance:
Conf. Microcirculation, Antwerpen, pp. 257-262, (1976).
1* The axon reflex provokedby e1ectric stimu1ation Of the
skin [13] is generally absent in diabetic patients.

5. Challoner, A. V. J., “Photoelectric pletysmography for estimating
cutaneous blood flow,” in (P. Rolfe, eds.), Non-Invasive Physiological
Measurements 1, (Academic Press, London, 1979) pp. 125-151.
Physica Scripta T72

86

G. E. Nilsson

6 . Nilsson, G. E., Tenland, T. and Oberg, P. A., IEEE Trans. Biomed.
Eng. 27, 597 (1980).
7. Jakobsson, A. and Nilsson, G. E., Med. Biol. Eng. Comput. 31, 301
(1993).
8. Shepherd, A. P. and Oberg, P. A., “Laser Doppler Blood Flowmetry,”
(Kluwers Academic Publishers, Boston, 1990).
9. Tenland, T., Salerud, G. and Nilsson, G . E., Int. J. Microcirc., Clin.
Exp. 2, 81 (1983).
10. Shepherd, A. P., Riedel, G. L., Kiel, J. W., Haumschild, D. J. and
Maxwell, L. C., Am. J. Physiol. 252, G832 (1987).
11. WBrdell, K., Jakbobsson, A. and Nilsson, G. E., IEEE Trans. Biomed.
Eng. 40,309 (1993).

Physica Scripta T72

12. Troilius, A., WBrdell, K., Bommyr, S., Nilsson, G. E. and Ljunggren,
B., Acta Derm Venereol (stockh) 72, 6 (1992).
13. WBrdell, K., Naver, H. K., Nilsson, G. E. and Wallin, B.G., Physiology
460, 185 (1993).
14. Moms, S. J., Shore, A. C. and Tooke, J. E., Diabetologia 28, 1337,
(1995).
15. Fullerton, A. and Serup, J., “Laser Doppler Image Scanning for Assessment of Skin Imtation,” in (Elsner P. and Maibach H. I., eds.)
ur
Imtant Dermatitis. New Clinical and Experimental Aspects. C r Probl
Dermatol 23, (Karger, Basel, 1995) p. 159-168.
16. Seifailian, A. M., Chaloupka, K. and Parbhoo, S. P., Int. J. Microcirc.
15, 125 (1995).

</p>
      </div>
    </body>
  </text>
</TEI>
