{
  "arkIstex": "ark:/67375/56L-KZNMXKMK-8",
  "title": "Dissertatio medica inauguralis, de diabete: quam, annuente summo numine, ex Amplissimi Senatus Academici auctoritate et consensu, Ac Nobilissimae facultatis medicae decreto; pro gradu doctoratus, summisque in medicina honoribus et privilegiis rite ac legitime consequendis, eruditorum examini subjicit Gulielmus Stevenson, Hibernus. Ad diem 10 Augusti, hora locoque solitis.",
  "language": [
    "lat"
  ],
  "publicationDate": "1762",
  "ark": [
    "ark:/67375/56L-KZNMXKMK-8"
  ],
  "genre": [
    "other"
  ],
  "originalGenre": [
    "diabetes"
  ],
  "author": [
    {
      "name": "William Stevenson 1741-1821"
    }
  ],
  "subject": [
    {
      "lang": [
        "lat"
      ],
      "value": "Diabetes"
    }
  ],
  "host": {
    "title": "Dissertatio medica inauguralis, de diabete: quam, annuente summo numine, ex Amplissimi Senatus Academici auctoritate et consensu, Ac Nobilissimae facultatis medicae decreto; pro gradu doctoratus, summisque in medicina honoribus et privilegiis rite ac legitime consequendis, eruditorum examini subjicit Gulielmus Stevenson, Hibernus. Ad diem 10 Augusti, hora locoque solitis.",
    "language": [
      "unknown"
    ],
    "publicationDate": "1762",
    "genre": [
      "database"
    ],
    "subject": [
      {
        "value": "Medicine, Science and Technology"
      }
    ]
  },
  "corpusName": "ecco",
  "qualityIndicators": {
    "score": 0.062,
    "refBibsNative": false,
    "keywordCount": 1,
    "abstractCharCount": 0,
    "abstractWordCount": 1
  }
}