{
  "arkIstex": "ark:/67375/56L-V5NPG22B-G",
  "title": "Dissertatio medica inauguralis, de diabete. Quam, Annuente Summo Numine, Ex Auctoritate Reverendi admodum Viri, D. Georgii Baird, S. S. T. P. Academiae Edinburgenae Praefecti; Nec Non Amplissimi Senatus Academici consensu, Et nobilissimae Facultatis Medicae decreto. pro gradu doctoris Summisque In Medicina Honoribus AC Privilegiis Rite ET Legitime Consequendis; eruditorum examini subjicit Georgius Hall, Americanus. Ad diem 24. Junii, hora locoque solitis.",
  "language": [
    "lat"
  ],
  "publicationDate": "1794",
  "ark": [
    "ark:/67375/56L-V5NPG22B-G"
  ],
  "genre": [
    "other"
  ],
  "originalGenre": [
    "diabetes"
  ],
  "author": [
    {
      "name": "George Hall"
    }
  ],
  "subject": [
    {
      "lang": [
        "lat"
      ],
      "value": "Diabetes"
    }
  ],
  "host": {
    "title": "Dissertatio medica inauguralis, de diabete. Quam, Annuente Summo Numine, Ex Auctoritate Reverendi admodum Viri, D. Georgii Baird, S. S. T. P. Academiae Edinburgenae Praefecti; Nec Non Amplissimi Senatus Academici consensu, Et nobilissimae Facultatis Medicae decreto. pro gradu doctoris Summisque In Medicina Honoribus AC Privilegiis Rite ET Legitime Consequendis; eruditorum examini subjicit Georgius Hall, Americanus. Ad diem 24. Junii, hora locoque solitis.",
    "language": [
      "unknown"
    ],
    "publicationDate": "1794",
    "genre": [
      "database"
    ],
    "subject": [
      {
        "value": "Medicine, Science and Technology"
      }
    ]
  },
  "corpusName": "ecco",
  "qualityIndicators": {
    "score": 0.062,
    "refBibsNative": false,
    "keywordCount": 1,
    "abstractCharCount": 0,
    "abstractWordCount": 1
  }
}