{
  "arkIstex": "ark:/67375/0T8-00B71KKF-Z",
  "title": "The effects of erythrocyte deformability upon hematocrit assessed by the conductance method",
  "abstract": "A comparative study of centrifugation and conductance methods for the estimation of cell volume fraction () was performed to examine whether the strong forces exerted upon erythrocytes during centrifugation affect their volume, and the results are discussed in terms of erythrocyte deformability. Rabbit erythrocytes of four shapes (spherocytes, echinocytes, stomatocyte-like enlarged erythrocytes and discocytes) were prepared by controlling the pH of the suspending media. The packed cell volumes of the suspensions were measured by standard hematocrit determination methods using centrifugation in capillary tubes. Simultaneously, the same suspensions and their supernatants were used in dielectric spectroscopy measurements, and the low-frequency limits of their conductivities were used for the numerical estimation of . The hematocrit values of spherocytes and echinocytes were markedly less than the volume fractions obtained by the conductance method. Namely, the centrifugation reduced the cell volume. For enlarged erythrocytes and discocytes, however, the reduction of cell volume was not observed. These findings showed that obtained by the centrifugation method can be greatly affected by the deformability of the cells, but the level of the effect depends on the cell types. Consequently, obtained by the centrifugation method should be carefully interpreted.",
  "language": [
    "eng"
  ],
  "publicationDate": "2009",
  "copyrightDate": "2009",
  "doi": [
    "10.1088/0031-9155/54/8/009"
  ],
  "ark": [
    "ark:/67375/0T8-00B71KKF-Z"
  ],
  "pii": [
    "S0031-9155(09)94406-2"
  ],
  "articleId": [
    "294406"
  ],
  "genre": [
    "research-article"
  ],
  "originalGenre": [
    "paper"
  ],
  "author": [
    {
      "name": "Yoshihito Hayashi",
      "affiliations": [
        "Life Science Laboratory, Advanced Materials Laboratories, Sony Corporation, Sony Bioinformatics Center, Tokyo Medical and Dental University, Bunkyo-ku, Tokyo 113-8510, Japan",
        "E-mail: Yoshihito.Hayashi@jp.sony.com"
      ]
    },
    {
      "name": "Yoichi Katsumoto",
      "affiliations": [
        "Life Science Laboratory, Advanced Materials Laboratories, Sony Corporation, Sony Bioinformatics Center, Tokyo Medical and Dental University, Bunkyo-ku, Tokyo 113-8510, Japan"
      ]
    },
    {
      "name": "Ikuya Oshige",
      "affiliations": [
        "Life Science Laboratory, Advanced Materials Laboratories, Sony Corporation, Sony Bioinformatics Center, Tokyo Medical and Dental University, Bunkyo-ku, Tokyo 113-8510, Japan"
      ]
    },
    {
      "name": "Shinji Omori",
      "affiliations": [
        "Life Science Laboratory, Advanced Materials Laboratories, Sony Corporation, Sony Bioinformatics Center, Tokyo Medical and Dental University, Bunkyo-ku, Tokyo 113-8510, Japan"
      ]
    },
    {
      "name": "Akio Yasuda",
      "affiliations": [
        "Life Science Laboratory, Advanced Materials Laboratories, Sony Corporation, Sony Bioinformatics Center, Tokyo Medical and Dental University, Bunkyo-ku, Tokyo 113-8510, Japan"
      ]
    },
    {
      "name": "Koji Asami",
      "affiliations": [
        "Laboratory of Molecular Aggregation Analysis, Division of Multidisciplinary Chemistry, Institute for Chemical Research, Kyoto University, Uji, Kyoto 611-0011, Japan"
      ]
    }
  ],
  "subject": [
    {
      "lang": [
        "eng"
      ],
      "value": "dielectric spectroscopy"
    },
    {
      "lang": [
        "eng"
      ],
      "value": "interfacial polarization"
    },
    {
      "lang": [
        "eng"
      ],
      "value": "cell volume fraction"
    },
    {
      "lang": [
        "eng"
      ],
      "value": "red blood cell"
    }
  ],
  "pmid": [
    "19336847"
  ],
  "host": {
    "title": "Physics in Medicine and Biology",
    "language": [
      "unknown"
    ],
    "issn": [
      "0031-9155"
    ],
    "eissn": [
      "1361-6560"
    ],
    "publisherId": [
      "pmb"
    ],
    "volume": "54",
    "issue": "8",
    "pages": {
      "first": "2395",
      "last": "2405",
      "total": "11"
    },
    "genre": [
      "journal"
    ]
  },
  "corpusName": "iop",
  "qualityIndicators": {
    "score": 8.239,
    "pdfWordCount": 3947,
    "pdfCharCount": 23741,
    "pdfVersion": 1.4,
    "pdfPageCount": 11,
    "pdfPageSize": "595 x 842 pts (A4)",
    "refBibsNative": true,
    "abstractWordCount": 191,
    "abstractCharCount": 1373,
    "keywordCount": 4
  },
  "categories": {
    "wos": [
      "1 - science",
      "2 - radiology, nuclear medicine & medical imaging",
      "2 - engineering, biomedical"
    ],
    "scienceMetrix": [
      "1 - health sciences",
      "2 - clinical medicine",
      "3 - nuclear medicine & medical imaging"
    ],
    "scopus": [
      "1 - Health Sciences",
      "2 - Medicine",
      "3 - Radiology Nuclear Medicine and imaging",
      "1 - Health Sciences",
      "2 - Health Professions",
      "3 - Radiological and Ultrasound Technology"
    ],
    "inist": [
      "1 - sciences appliquees, technologies et medecines",
      "2 - sciences biologiques et medicales",
      "3 - sciences biologiques fondamentales et appliquees. psychologie",
      "4 - vertebres: sang, organes hematopoietiques, systeme reticulo-endothelial"
    ]
  },
  "keywords": {
    "teeft": [
      "erythrocyte",
      "spherocyte",
      "echinocytes",
      "deformability",
      "discocytes",
      "dielectric",
      "asami",
      "conductance",
      "hayashi",
      "hematocrit",
      "erythrocyte deformability",
      "katsumoto",
      "conductance method",
      "gure",
      "intercellular",
      "spherocyte suspensions",
      "phys",
      "cell volume",
      "centrifugation",
      "intercellular space",
      "centrifugal force",
      "numerical simulation",
      "centrifugation method",
      "cell volume fraction",
      "numerical simulations",
      "capillary tubes",
      "centrifugation methods",
      "cellular modeling",
      "nite difference method",
      "optical microscope",
      "erythrocyte suspensions",
      "cubic lattice",
      "dielectric dispersion",
      "simulation"
    ]
  },
  "namedEntities": {
    "unitex": {
      "date": [],
      "geogName": [],
      "orgName": [],
      "orgName_funder": [],
      "orgName_provider": [],
      "persName": [],
      "placeName": [],
      "ref_url": [],
      "ref_bibl": [],
      "bibl": []
    }
  },
  "enrichments": {
    "type": [
      "multicat",
      "nb",
      "teeft",
      "unitex"
    ]
  },
  "refBibs": [
    {
      "title": "Relation between echinocytosis and erythrocyte calcium content in hemodialyzed uremic patients",
      "author": [
        {
          "name": "B Agroyannis"
        },
        {
          "name": "I Kopelias"
        },
        {
          "name": "C Fourtounas"
        },
        {
          "name": "A Paraskevopoulos"
        },
        {
          "name": "H Tzanatos"
        },
        {
          "name": "A Dalamangas"
        },
        {
          "name": "E Mallas"
        }
      ],
      "host": {
        "title": "Artif. Organs",
        "author": [],
        "volume": "25"
      }
    },
    {
      "title": "Characterization of biological cells by dielectric spectroscopy",
      "author": [
        {
          "name": "K Asami"
        }
      ],
      "host": {
        "title": "J. Non-Cryst. Solids",
        "author": [],
        "volume": "305"
      }
    },
    {
      "title": "Dielectric dispersion in biological cells of complex geometry simulated by the three-dimensional finite difference method",
      "author": [
        {
          "name": "K Asami"
        }
      ],
      "host": {
        "title": "J. Phys. D: Appl. Phys.",
        "author": [],
        "volume": "39"
      }
    },
    {
      "title": "Dielectric analysis of mitochondria isolated from rat liver: I. Swollen mitoplasts as simulated by a single-shell model",
      "author": [
        {
          "name": "K Asami"
        },
        {
          "name": "A Irimajiri"
        },
        {
          "name": "T Hanai"
        },
        {
          "name": "N Shiraishi"
        },
        {
          "name": "K Utsumi"
        }
      ],
      "host": {
        "title": "Biochim. Biophys. Acta",
        "author": [],
        "volume": "778"
      }
    },
    {
      "title": "Dielectric behavior of non-spherical cells in culture",
      "author": [
        {
          "name": "K Asami"
        },
        {
          "name": "T Yonezawa"
        }
      ],
      "host": {
        "title": "Biochim. Biophys. Acta",
        "author": [],
        "volume": "1245"
      }
    },
    {
      "title": "Structural alteration of erythrocyte cell membrane in presence of artificial prostheses: a radiowave dielectric spectroscopy study",
      "author": [
        {
          "name": "A Basoli"
        },
        {
          "name": "F Bordi"
        },
        {
          "name": "C Cametti"
        },
        {
          "name": "T Gili"
        }
      ],
      "host": {
        "title": "J. Biomed. Mater. Res.",
        "author": [],
        "volume": "59"
      }
    },
    {
      "title": "Erythrocyte deformability and size measured in a multiparameter system that includes impedance sizing",
      "author": [
        {
          "name": "J M Bator"
        },
        {
          "name": "M R Groves"
        },
        {
          "name": "B J Price"
        },
        {
          "name": "E C Eckstein"
        }
      ],
      "host": {
        "title": "Cytometry",
        "author": [],
        "volume": "5"
      }
    },
    {
      "title": "Reduction of the contribution of electrode polarization effects in the radiowave dielectric measurements of highly conductive biological cell suspensions",
      "author": [
        {
          "name": "F Bordi"
        },
        {
          "name": "C Cametti"
        },
        {
          "name": "T Gili"
        }
      ],
      "host": {
        "title": "Bioelectrochemistry",
        "author": [],
        "volume": "54"
      }
    },
    {
      "title": "Increase resistance to membrane deformation of shape-transformed human red blood cells",
      "author": [
        {
          "name": "A Chabanel"
        },
        {
          "name": "W Reinhart"
        },
        {
          "name": "S Chien"
        }
      ],
      "host": {
        "title": "Blood",
        "author": [],
        "volume": "69"
      }
    },
    {
      "title": "Temporal differences in membrane loss lead to distinct reticulocyte features in hereditary spherocytosis and in immune hemolytic anemia",
      "author": [
        {
          "name": "L D Costa"
        },
        {
          "name": "N Mohandas"
        },
        {
          "name": "M Sorette"
        },
        {
          "name": "M-J Grange"
        },
        {
          "name": "G Tchernia"
        },
        {
          "name": "T Cynober"
        }
      ],
      "host": {
        "title": "Blood",
        "author": [],
        "volume": "98"
      }
    },
    {
      "title": "Time domain dielectric spectroscopy study of biological systems",
      "author": [
        {
          "name": "Y Feldman"
        },
        {
          "name": "I Ermolina"
        },
        {
          "name": "Y Hayashi"
        }
      ],
      "host": {
        "title": "IEEE Trans. Dielectr. Electr. Insul.",
        "author": [],
        "volume": "10"
      }
    },
    {
      "title": "Temporal variation of dielectric properties of preserved blood",
      "author": [
        {
          "name": "Y Hayashi"
        },
        {
          "name": "I Oshige"
        },
        {
          "name": "Y Katsumoto"
        },
        {
          "name": "S Omori"
        },
        {
          "name": "A Yasuda"
        },
        {
          "name": "K Asami"
        }
      ],
      "host": {
        "title": "Phys. Med. Biol.",
        "author": [],
        "volume": "53"
      }
    },
    {
      "title": "Dielectric inspection of erythrocyte morphology",
      "author": [
        {
          "name": "Y Hayashi"
        },
        {
          "name": "I Oshige"
        },
        {
          "name": "Y Katsumoto"
        },
        {
          "name": "S Omori"
        },
        {
          "name": "A Yasuda"
        },
        {
          "name": "K Asami"
        }
      ],
      "host": {
        "title": "Phys. Med. Biol.",
        "author": [],
        "volume": "53"
      }
    },
    {
      "title": "Dielectric analysis of sheep erythrocyte ghost. Examination of applicability of dielectric mixture equations",
      "author": [
        {
          "name": "H Kaneko"
        },
        {
          "name": "K Asami"
        },
        {
          "name": "T Hanai"
        }
      ],
      "host": {
        "title": "Colloid Polym. Sci.",
        "author": [],
        "volume": "269"
      }
    },
    {
      "title": "Dielectric cytometry with three-dimensional cellular modeling",
      "author": [
        {
          "name": "Y Katsumoto"
        },
        {
          "name": "Y Hayashi"
        },
        {
          "name": "I Oshige"
        },
        {
          "name": "S Omori"
        },
        {
          "name": "N Kishii"
        },
        {
          "name": "A Yasuda"
        },
        {
          "name": "K Asami"
        }
      ],
      "host": {
        "title": "Biophys. J.",
        "author": [],
        "volume": "95"
      }
    },
    {
      "title": "Dielectric dispersion of short-stranded DNA in aqueous solutions with and without added salt",
      "author": [
        {
          "name": "Y Katsumoto"
        },
        {
          "name": "S Omori"
        },
        {
          "name": "D Yamamoto"
        },
        {
          "name": "A Yasuda"
        },
        {
          "name": "K Asami"
        }
      ],
      "host": {
        "title": "Phys. Rev.",
        "author": [],
        "volume": "75"
      }
    },
    {
      "title": "Reduced erythrocyte deformability in diabetes",
      "author": [
        {
          "name": "D E McMillan"
        },
        {
          "name": "N G Utterback"
        },
        {
          "name": "J La Puma"
        }
      ],
      "host": {
        "title": "Diabetes",
        "author": [],
        "volume": "27"
      }
    },
    {
      "title": "Dielectric dispersion for short double-strand DNA",
      "author": [
        {
          "name": "S Omori"
        },
        {
          "name": "Y Katsumoto"
        },
        {
          "name": "A Yasuda"
        },
        {
          "name": "K Asami"
        }
      ],
      "host": {
        "title": "Phys. Rev.",
        "author": [],
        "volume": "73"
      }
    },
    {
      "title": "Conductometric study of erythrocytes during centrifugation: II. Erythrocyte deformability",
      "author": [
        {
          "name": "A Pribush"
        },
        {
          "name": "D Meyerstein"
        },
        {
          "name": "N Meyerstein"
        }
      ],
      "host": {
        "title": "Biochim. Biophys. Acta",
        "author": [],
        "volume": "1256"
      }
    },
    {
      "title": "Red cell deformability and haematological disorders",
      "author": [
        {
          "name": "J Stuart"
        },
        {
          "name": "G B Nash"
        }
      ],
      "host": {
        "title": "Blood Rev.",
        "author": [],
        "volume": "4"
      }
    },
    {
      "title": "Mechanical response of human red blood cells in health and disease: some structure-property-function relationships",
      "author": [
        {
          "name": "S Suresh"
        }
      ],
      "host": {
        "title": "J. Mater. Res.",
        "author": [],
        "volume": "21"
      }
    },
    {
      "title": "The cooperative role of membrane skeleton and bilayer in the mechanical behaviour of red blood cells",
      "author": [
        {
          "name": "S Svetina"
        },
        {
          "name": "D Kuzman"
        },
        {
          "name": "R E Waugh"
        },
        {
          "name": "P Ziherl"
        },
        {
          "name": "B ek"
        }
      ],
      "host": {
        "title": "Bioelectrochemistry",
        "author": [],
        "volume": "62"
      }
    },
    {
      "title": "Direct measurement of erythrocyte deformability in diabetes mellitus with a transparent microchannel capillary model and high-speed video camera system",
      "author": [
        {
          "name": "K Tsukada"
        },
        {
          "name": "E Sekizuka"
        },
        {
          "name": "C Oshio"
        },
        {
          "name": "H Minamitani"
        }
      ],
      "host": {
        "title": "Microvasc. Res.",
        "author": [],
        "volume": "61"
      }
    },
    {
      "title": "Imaging uremic red blood cells with the atomic force microscope",
      "author": [
        {
          "name": "P Zachee"
        },
        {
          "name": "M Boogaerts"
        },
        {
          "name": "J Snauwaert"
        },
        {
          "name": "L Hellemans"
        }
      ],
      "host": {
        "title": "Am. J. Nephrol.",
        "author": [],
        "volume": "14"
      }
    }
  ],
  "fulltext": "IOP PUBLISHING  PHYSICS IN MEDICINE AND BIOLOGY  Phys. Med. Biol. 54 (2009) 2395–2405  doi:10.1088/0031-9155/54/8/009  The effects of erythrocyte deformability upon hematocrit assessed by the conductance method Yoshihito Hayashi1, Yoichi Katsumoto1, Ikuya Oshige1, Shinji Omori1, Akio Yasuda1 and Koji Asami2 1 Life Science Laboratory, Advanced Materials Laboratories, Sony Corporation, Sony Bioinformatics Center, Tokyo Medical and Dental University, Bunkyo-ku, Tokyo 113-8510, Japan 2 Laboratory of Molecular Aggregation Analysis, Division of Multidisciplinary Chemistry, Institute for Chemical Research, Kyoto University, Uji, Kyoto 611-0011, Japan  E-mail: Yoshihito.Hayashi@jp.sony.com  Received 6 October 2008, in ﬁnal form 26 February 2009 Published 1 April 2009 Online at stacks.iop.org/PMB/54/2395 Abstract A comparative study of centrifugation and conductance methods for the estimation of cell volume fraction (φ) was performed to examine whether the strong forces exerted upon erythrocytes during centrifugation affect their volume, and the results are discussed in terms of erythrocyte deformability. Rabbit erythrocytes of four shapes (spherocytes, echinocytes, stomatocyte-like enlarged erythrocytes and discocytes) were prepared by controlling the pH of the suspending media. The packed cell volumes of the suspensions were measured by standard hematocrit determination methods using centrifugation in capillary tubes. Simultaneously, the same suspensions and their supernatants were used in dielectric spectroscopy measurements, and the low-frequency limits of their conductivities were used for the numerical estimation of φ. The hematocrit values of spherocytes and echinocytes were markedly less than the volume fractions obtained by the conductance method. Namely, the centrifugation reduced the cell volume. For enlarged erythrocytes and discocytes, however, the reduction of cell volume was not observed. These ﬁndings showed that φ obtained by the centrifugation method can be greatly affected by the deformability of the cells, but the level of the effect depends on the cell types. Consequently, φ obtained by the centrifugation method should be carefully interpreted.  1. Introduction The high deformability of human erythrocytes facilitates blood ﬂow, even in capillaries that are narrower than the erythrocytes themselves. Consequently, the anomalous reduction of this deformability—observed in diseases such as sickle-cell anemia (Stuart and Nash 1990, Suresh 2006) and diabetes (McMillan et al 1978, Tsukada et al 2001)—increases the risk of 0031-9155/09/082395+11$30.00  © 2009 Institute of Physics and Engineering in Medicine  Printed in the UK  2395  Y Hayashi et al  2396  obstruction to the ﬂow of blood. Meanwhile, erythrocyte deformability could be a source of error in the determination of cell volumes in vitro using a Coulter counter (Bator et al 1984), or by hematocrit measurements using centrifugation (Pribush et al 1995). Hematocrit level, or the volume fraction of erythrocytes (φ), is an important parameter in clinical blood tests and some laboratory research. Although the hematocrit method is frequently used to estimate φ, little is known as to whether the strong force exerted during centrifugation affects cell volume and the intercellular space within the sediment. The magnitude of this effect is particularly relevant for abnormally shaped erythrocytes, such as spherocytes (swollen erythrocytes), echinocytes (echinus-like spinous erythrocytes) and enlarged erythrocytes (expanded discocytes similar to stomatocytes) (Chabanel et al 1987). The deformability of these erythrocytes has been reported to be lower than that of normal erythrocytes (Chabanel et al 1987, Svetina et al 2004, Suresh 2006). Although these abnormally shaped erythrocytes frequently appear at the onset of disease, the effect of the deformability upon hematocrit measurements has not been satisfactory examined to date, for example spherocytes upon onset of autoimmune hemolytic anemia (Costa et al 2001), echinocytes upon onset of uremia (Zachee et al 1994, Agroyannis et al 2001) and the appearance of enlarged erythrocytes after treatment with chlorpromazine or local anesthetics (Chabanel et al 1987). Therefore, the examination of the accuracy in estimating φ for various-shaped cells is important. Another approach in estimating φ is to use conductance measurements (Asami 2002). For spherical cells in a diluted suspension (φ 0.3), φ is given by κa − κl , (1) φκ = 2 2κa + κl where κ l and κ a are the limiting conductivities of the suspension and the supernatant ﬂuid at low frequencies, respectively (Asami 2002). In this study, φ κ is used to denote the conductance method, while φ c is used for the centrifugation method. A suspension of spheroidal particles is another system in which the dielectric response can be analytically resolved. For such a system, φ κ is given by Hayashi et al (2008b) as φκ = 9  1 2 + 1 − Lz 1 − L(x=y)  −1  ·  κ a − κl , 2κa + κl  (2)  where Lx , Ly and Lz are the depolarizing factors described elsewhere (Asami and Yonezawa 1995), and equation (2) is identical to equation (1) for spheres (Lx = Ly = Lz = 1/3). Comparison of φ values estimated by different methods for the same sample is a straightforward method by which to compare the reliability of the aforementioned methods. In this study, therefore, we estimated φ κ and φ c by the conductance and centrifugation methods, respectively, for spherocytes, echinocytes, enlarged erythrocytes and discocytes that were prepared by pH regulation (Hayashi et al 2008b) as well as for the same four types of erythrocyte ﬁxed, and thus hardened, using glutaraldehyde. Cells before and after centrifugation were observed through an optical microscope to inspect size and shape changes of the cells. In addition, we performed numerical simulations using the three-dimensional ﬁnite difference method (Asami 2006, Katsumoto et al 2008) to improve the reliability of the conductance method for nonspherical and nonspheroidal cells. 2. Materials and methods 2.1. Experimental details Blood from a healthy rabbit (Oryctolagus cuniculus, approximately 15 weeks old), which was collected and immediately mixed with an equal volume of Alsever’s solution (anhydrous  Effects of erythrocyte deformability upon hematocrit assessed by the conductance method  2397  citric acid 0.55 g l−1, anhydrous sodium citrate 8.0 g l−1, sodium chloride 4.2 g l−1 and glucose 20.5 g l−1), was supplied by Kohjin Bio Co. Ltd, Japan. Alsever’s solution and the blood plasma were removed by conventional centrifugation at 500 × g for 10 min. The sediment was suspended in phosphate-buffered saline (PBS) of pH 5.3 for spherocytes, pH 5.6 for enlarged erythrocytes, pH 7.7 for echinocytes and pH 8.5 for discocytes at 298 K for 30–60 min after it was conﬁrmed that the erythrocytes had been transformed into the desired shape using an optical microscope (Axio Imager M1, Carl Zeiss, Jena, Germany) (Hayashi et al 2008b). The four types of erythrocytes were ﬁxed using 1% glutaraldehyde (Wako Pure Chemical Industries, Ltd, Japan) in PBS for 3 h at 277 K, with the pH values of the glutaraldehyde solutions maintained at the same pH values as described above. The shape and size of erythrocytes were determined by examination under the optical microscope (Axio Imager M1). φ c for each suspension was measured using a centrifuge (Hematokrit 210, Hettich GmbH & Co. KG, Germany) at 1.3 × 104 rpm for 7 min in 75 mm long glass capillary tubes, where the minimum scale for reading φ c was 0.01. After reading φ c values, the capillary tubes were broken to collect sedimented cells and supernatant for microscopic examination. Given that sediments were spread on glass slides, microscopic examination did not necessarily show the extent of intact cell packing in the capillary tubes. Nonetheless, these observations were still useful for examining the change in erythrocyte shape caused by centrifugation. Dielectric spectroscopy (DS) measurements in the frequency range of 40 Hz to 110 MHz were performed at 298 K using an impedance analyzer (Agilent model 4294A) and a capacitortype sample holder that consists of two parallel platinum electrodes with a spacing of 3.5 mm and the diameter of 8 mm. The electrodes were carefully plated with platinum black to reduce parasitic capacitance caused by electrode polarization (Asami et al 1984, Omori et al 2006, Katsumoto et al 2007, Hayashi et al 2008a, 2008b). The effects of the residual inductance and stray capacitance were corrected in accordance with Asami et al (1984). 2.2. Numerical simulation By using the conductivities obtained from DS measurements for determining φ κ , the applicability of equations (1) and (2) for nonspherical erythrocytes (echinocytes) and nonspheroidal erythrocytes (enlarged erythrocytes and discocytes), respectively, has limitations. Therefore, the deviation of φ κ from true φ should be estimated. For this purpose, numerical simulations based on the ﬁnite difference method with three-dimensional cellular modeling were performed for echinocytes and discocytes. This method demonstrated that the experimental dielectric spectra for echinocytes and discocytes are well reproduced by the simulation (see ﬁgure 4 within Katsumoto et al (2008)). The system assumed for the simulation comprises parallel plate electrodes and a cell suspended in a medium between them. The cell shape and size are given in the cellular modeling. The complex permittivity for the system is then calculated using the electric potential distribution, the current through the electrodes and the admittance of the system. We can thus obtain κ l for a modeled suspension and calculate φ κ using equation (1) or (2), while the true φ of the modeled suspension is geometrically given by modeling the cell (see the next paragraph) and compared with φ κ . While the modeling of echinocytes and discocytes is brieﬂy described below, the study of Katsumoto et al (2008) should be referred to for details of the numerical method. For echinocytes, even though the number and shape of spines vary among cells in the experiments, the representative shape is modeled as a sphere with its surface modiﬁed by sinusoidal functions. The distance r from the origin to an arbitrary point on the surface is given by r = u cos(2wα) cos(2wβ)u cos(2wγ ) + ν, where u is the height of the spines, ν is the radius  Y Hayashi et al  2398  –1  κ [S m ]  –1  κ [S m ]  (a)  1.4 1.2 1.0 0.8  1.6  10  2  10  4  f [Hz]  10  6  10  8  1.4  1.2  –1  κ [S m ]  1.6 (b)  1.4  1.2 10  4  5  10  10  6  10  7  f [Hz]  •  Figure 1. Frequency dependence of conductivity for (a) spherocyte suspensions of φ κ = 0.10 ( ), 0.14 ( ), 0.18 ( ) and 0.21 ( ) estimated by equation (1), and for (b) ﬁxed spherocyte suspensions of φ κ = 0.05 ( ), 0.08 ( ), 0.11 ( ) and 0.15 ( ). The small inset in (a) shows a typical spectrum of the spherocyte suspension of φ κ = 0.10 for the entire frequency measured in this study.  ◦  •  ◦  of the sphere, w determines the number of spines and cos α, cos β and cos γ are the direction cosines with respect to the x-, y- and z-axes, respectively. We use constants for w = 3 (i.e. the number of spines is 38), the surface area of the cell s = 176 μm2 and u is varied from 0 to 2 μm using intervals of 0.2 μm to show the deviation of φ κ from φ as a function of u ν −1. For discocytes, the cell model described in a previous study (Katsumoto et al 2008) was used. Here, the biconcave shape of the cell was taken as having a diameter of 8 μm, a thickness at the cell center of 0.405 μm and the thickest points of the biconcave disk being 2.56 μm, respectively. 3. Results and discussion The dielectric relaxation processes attributed to interfacial polarization (Maxwell–Wagner polarization) in living cell suspensions are generally observed in a frequency region of hundreds of kHz to tens of MHz (Kaneko et al 1991, Basoli et al 2002, Feldman et al 2003, Hayashi et al 2008a, 2008b). Figure 1 shows the frequency dependence of the conductivity of spherocyte suspensions. The conductivity of intact suspensions was observed to increase at frequencies above 100 kHz and across the characteristic frequency range of the relaxation process, indicating that the cells behave as insulating particles below tens of kHz, but not above 100 kHz. Similar behavior was also observed for ﬁxed spherocyte suspensions. In addition to the relaxation process described above, a marked change in conductivity was observed in the low-frequency region (particularly below 1 kHz), as shown in the inset of ﬁgure 1(a). This behavior is considered to be due to electrode polarization that is known to be parasitic on DS measurements of electrolyte samples, including cell suspensions (Bordi et al 2001, Feldman et al 2003). At frequencies around 10 kHz, the conductivity was almost independent of frequency. Thus, for the determination of φ κ using equations (1) and (2), we used the  Effects of erythrocyte deformability upon hematocrit assessed by the conductance method  2399  Table 1. Estimation of cell volume fraction and φ iss for erythrocyte suspensions. φκ  φc  φ iss  Spherocytes 0.10 0.12 0.14 0.18 0.20 0.21 0.25 0.25  0.06 0.08 0.11 0.13 0.16 0.17 0.19 0.21  −0.67 −0.50 −0.27 −0.38 −0.25 −0.24 −0.32 −0.19 −0.35 (mean)  Echinocytes 0.09 0.14 0.17 0.19 0.23 0.25  0.04 0.09 0.12 0.14 0.17 0.18  −1.25 −0.56 −0.42 −0.36 −0.35 −0.39 −0.55 (mean)  Enlarged erythrocytes 0.08 0.13 0.14 0.16 0.17 0.17 0.18  0.05 0.11 0.13 0.15 0.16 0.18 0.19  −0.60 −0.18 −0.08 −0.07 −0.06 0.06 0.05 −0.13 (mean)  Discocytes 0.06 0.08 0.11 0.14 0.16 0.16 0.21  0.06 0.07 0.11 0.14 0.15 0.16 0.21  0.03 −0.17 −0.02 0.03 −0.04 0.00 0.01 −0.02 (mean)  conductivities at 10 kHz for κ l and κ a. Interestingly, the selection of a frequency of around 10 kHz did not inﬂuence the determination of φ κ ; i.e. a value of φ κ = 0.10 was obtained at 5 kHz, 10 kHz and 50 kHz for the suspension corresponding to the presented spectrum in the inset of ﬁgure 1(a). Tables 1 and 2 show the values of φ κ and φ c estimated by the conductance and centrifugation methods for erythrocyte and ﬁxed erythrocyte suspensions, respectively. For the spherocyte suspensions, the φ c values were considerably smaller than φ κ estimated using equation (1), as presented in table 1. These data contradict our initial assumptions; if both methods were equally reliable, φ c should be larger because the closely packed structure of identical spheres forms a face-centered cubic lattice with interstices that account for 26% of the total volume of the system. This implies that the strong centrifugal force reduced the size of the spherocytes. Indeed, our microscopic observations show that the average diameter  Y Hayashi et al  2400  Table 2. Estimation of cell volume fraction and φ iss for ﬁxed erythrocyte suspensions. φκ  φc  φ iss  Fixed spherocytes 0.05 0.08 0.11 0.15  0.07 0.11 0.15 0.22  0.29 0.27 0.27 0.32 0.29 (mean)  Fixed echinocytes 0.09 0.10 0.11 0.15 0.18 0.23 0.26  0.15 0.18 0.21 0.26 0.30 0.37 0.44  0.43 0.44 0.46 0.40 0.40 0.38 0.41 0.42 (mean)  Fixed enlarged erythrocytes 0.07 0.09 0.11 0.13 0.15 0.18 0.20 0.24  0.10 0.13 0.16 0.18 0.22 0.27 0.30 0.35  0.35 0.33 0.31 0.31 0.32 0.34 0.33 0.31 0.32 (mean)  Fixed discocytes 0.06 0.09 0.12 0.14 0.17 0.20 0.23 0.28  0.09 0.15 0.20 0.27 0.32 0.37 0.42 0.53  0.36 0.41 0.39 0.47 0.45 0.46 0.46 0.48 0.43 (mean)  of the spherocytes decreased from 6.2 ± 0.31 μm to 5.3 ± 0.42 μm after centrifugation (see ﬁgures 2(a) and (b)). The centrifugal force acting upon the sediment reduces the intercellular space, so that the spherocytes become arranged in a face-centered cubic lattice. To further reduce the intercellular space, the spheres must be deformed. However, unless there is an increase in cell surface area, any deformation from a sphere to another shape requires a reduction of the particle volume. (If excessive expansion of the cell surface area of spherocytes were to occur, the cell membrane would break causing hemolysis.) The deformability of spherocytes is known to be very low (Suresh 2006). However, the centrifugal force employed in the present study was sufﬁciently strong to cause the exclusion of some water and probably also some electrolytes from the spherocytes. When the centrifuged erythrocytes were re-suspended in the supernatant, the average diameter increased to 5.7 ± 0.37 μm, but this was still signiﬁcantly smaller than the diameter prior to centrifugation. It is thus highly likely  Effects of erythrocyte deformability upon hematocrit assessed by the conductance method (a)  (b)  (c)  (d)  (e)  (f)  (g)  2401  (h)  Figure 2. Microscope images of (a), (b) spherocytes, (c), (d) echinocytes, (e), (f ) enlarged erythrocytes and (g), (h) discocytes. Images (b), (d), (f ) and h were obtained after fast centrifugation (see the text).  that the strong centrifugal force resulted in an irreversible reduction of spherocyte volumes. Consequently, the estimation of φ c by the centrifugation method, as performed in this study, cannot be considered accurate. Conversely, the φ c values determined for the ﬁxed spherocyte suspensions were larger than φ κ (table 2). If we introduce an apparent index of intercellular space in a sediment (φ iss) by comparing φ κ and φ c as φiss = 1 − φκ /φc ,  (3)  then the average φ iss value of 0.29 obtained for the ﬁxed spherocyte suspensions is close to the interstices of 0.26 for a face-centered cubic lattice, implying that the conductance and centrifugation methods are consistent. This consistency is due to the fact that the ﬁxed spherocytes are sufﬁciently hard to endure the centrifugal force. In addition, it can be inferred that the ﬁxed cells can safely be regarded as insulating particles, which satisﬁes the assumption  Y Hayashi et al  2402 (a)  (b)  (c)  (d)  (e)  (f)  (g)  (h)  Figure 3. Microscope images of (a), (b) ﬁxed spherocytes, (c), (d) ﬁxed echinocytes, (e), (f ) ﬁxed enlarged erythrocytes and (g), (h) ﬁxed discocytes. Images (b), (d), (f ) and (h) were obtained after fast centrifugation (see the text).  for equation (1). Microscopic observations did not show any signiﬁcant changes in shape and size for the ﬁxed spherocytes due to centrifugation (ﬁgures 3(a) and (b)); the average diameters of the ﬁxed spherocytes in suspension and in the sediment were 5.6 ± 0.20 μm and 5.6 ± 0.19 μm, respectively. In the case of echinocytes, changes in cell shape due to centrifugation were marked (ﬁgures 2(c) and (d)), and the values of φ c were considerably smaller than those of φ κ (table 1) and φ iss are large negative values. In equation (1), the contribution of echinocyte spines is not considered, even though they probably affect the estimation of φ κ . The numerical simulation showed that an increase in the ratio of the spine height u to the radius of the sphere ν (the radius of the echinocyte excluding spines) increases the degree of the overestimation of φ κ compared to the geometrically deﬁned φ, as shown in ﬁgure 4. The broken line in ﬁgure 4 shows that the overestimation of φ κ , corresponding to the averaged values of u = 1.2 ± 0.19 μm and v = 2.5 ± 0.18 μm for the echinocytes used in the experiments, was approximately 15%.  Effects of erythrocyte deformability upon hematocrit assessed by the conductance method  2403  Figure 4. Ratio of φ κ (obtained by the numerical simulation) to geometrically deﬁned φ plotted against the ratio of the spine height (u) to the radius of the sphere (ν) on the modeled echinocytes, where the number of the spines is constant at 38. Note that φ, u and ν are given parameters in the simulation. The small deviation of φ κ /φ from unity at u = 0 is due to numerical error from the polyhedral approximation of a sphere.  However, using a correction factor of 15% for φ κ still gives negative values for φ iss (average of −0.35). Although quantitative assessment is complicated by the complex shapes of echinocyte cells after centrifugation, this ﬁnding indicates that the volume of the echinocytes was also reduced by centrifugation. It was reported previously that the deformability of erythrocytes can be reduced through the transition of native biconcave erythrocytes into echinocytes (Chabanel et al 1987, Svetina et al 2004). However, in this study, the centrifugal force was sufﬁciently strong to deform the shape and reduce the volume of echinocytes. Conversely, the ﬁxed echinocytes retained their echinus-like shape after centrifugation (ﬁgure 3(d)) and had large positive values of φ iss (table 2). The stomatocyte-like and characteristic biconcave shapes of enlarged erythrocytes and discocytes (see ﬁgures 2(e) and (g)) mean that only equation (2) can be used to approximate φ κ for these cells. The numerical simulation for the discocyte showed that the overestimation of φ κ using equation (2) amounted to approximately 15%; thus we also corrected φ iss and obtained it to be approximately 0.10 on average. The positive value of the corrected φ iss implies that centrifugation did not bring about a reduction in discocyte cell volume. This ﬁnding is noteworthy because the ﬁxed discocytes showed markedly larger φ iss values (table 2), implying that the intercellular space in the sediment of undeformed discocytes is relatively large. The reduction of the large intercellular spaces between intact discocytes without any concomitant reduction in cell volume was likely due to the high deformability of the intact discocytes Although we do not perform numerical simulations for the enlarged erythrocytes, it is reasonable to allow for some overestimation in the value of φ κ by equation (2), which is similar to the case in discocytes. If φ κ is corrected, φ iss would increase. Even without any correction, the values of φ iss for the enlarged erythrocytes were close to zero (table 1). This result implies that signiﬁcant reductions in cell volume did not occur in the enlarged erythrocytes. However, the deformability of the enlarged erythrocytes is thought to be lower than it is in discocytes, as the reported deformability of stomatocytes, which are similar to enlarged erythrocytes in shape, is lower than that of normal erythrocytes (Chabanel et al 1987). Microscopic observations showed that, compared to discocytes (ﬁgure 2(h)) and echinocytes  2404  Y Hayashi et al  (ﬁgure 2 (d)), enlarged erythrocytes generally retained their original shape after centrifugation (ﬁgure 2(f )). In general, if particles are not deformable, then the nature of the interstices of closely packed particles is dependent upon the shape of the particles. In this sense, compared to discocyte and echinocytes, the shape of enlarged erythrocytes is better suited to close packing. This was indicated by the lower φ iss values obtained for ﬁxed enlarged erythrocytes compared to ﬁxed discocytes and ﬁxed echinocytes (table 2). Also, while the deformability of intact cells induces a further reduction of the intercellular spaces in sediment, in the intact enlarged erythrocytes, only minor deformation of cells was required with the formation of closely packed sediment; further, such minor deformation did not require a reduction in cell volume. In conclusion, this study showed that centrifugation was capable of inducing volume reduction in unﬁxed cells in hematocrit sediment. Volume reduction was found to be closely related to cells shape. Spherocytes had the lowest observed deformability and exhibited a wide range of cell volume reduction. In contrast, discocytes had the highest deformability, and the observed reduction in cell volume was the lowest. Echinocytes and enlarged erythrocytes both exhibited medium deformability. While echinocytes required considerable cellular deformation to form closely packed sediments, enlarged erythrocytes did not. This difference inﬂuenced cell volume reduction. On the other hand, nonspherical or nonspheroidal shape of cells causes the overestimation of φ κ by using the conductance method with equation (1) or (2). However, overestimation can be corrected by recently developed cellular modeling and simulation (Katsumoto et al 2008) and was applied to echinocytes and the discocytes in the present study. References Agroyannis B, Kopelias I, Fourtounas C, Paraskevopoulos A, Tzanatos H, Dalamangas A and Mallas E 2001 Relation between echinocytosis and erythrocyte calcium content in hemodialyzed uremic patients Artif. Organs 25 486–502 Asami K 2002 Characterization of biological cells by dielectric spectroscopy J. Non-Cryst. Solids 305 268–77 Asami K 2006 Dielectric dispersion in biological cells of complex geometry simulated by the three-dimensional ﬁnite difference method J. Phys. D: Appl. Phys. 39 492–9 Asami K, Irimajiri A, Hanai T, Shiraishi N and Utsumi K 1984 Dielectric analysis of mitochondria isolated from rat liver: I. Swollen mitoplasts as simulated by a single-shell model Biochim. Biophys. Acta 778 559–69 Asami K and Yonezawa T 1995 Dielectric behavior of non-spherical cells in culture Biochim. Biophys. Acta 1245 317–24 Basoli A, Bordi F, Cametti C and Gili T 2002 Structural alteration of erythrocyte cell membrane in presence of artiﬁcial prostheses: a radiowave dielectric spectroscopy study J. Biomed. Mater. Res. A 59 100–9 Bator J M, Groves M R, Price B J and Eckstein E C 1984 Erythrocyte deformability and size measured in a multiparameter system that includes impedance sizing Cytometry 5 34–41 Bordi F, Cametti C and Gili T 2001 Reduction of the contribution of electrode polarization effects in the radiowave dielectric measurements of highly conductive biological cell suspensions Bioelectrochemistry 54 53–61 Chabanel A, Reinhart W and Chien S 1987 Increase resistance to membrane deformation of shape-transformed human red blood cells Blood 69 739–43 Costa L D, Mohandas N, Sorette M, Grange M-J, Tchernia G and Cynober T 2001 Temporal differences in membrane loss lead to distinct reticulocyte features in hereditary spherocytosis and in immune hemolytic anemia Blood 98 2894–9 Feldman Y, Ermolina I and Hayashi Y 2003 Time domain dielectric spectroscopy study of biological systems IEEE Trans. Dielectr. Electr. Insul. 10 728–53 Hayashi Y, Oshige I, Katsumoto Y, Omori S, Yasuda A and Asami K 2008a Temporal variation of dielectric properties of preserved blood Phys. Med. Biol. 53 295–304 Hayashi Y, Oshige I, Katsumoto Y, Omori S, Yasuda A and Asami K 2008b Dielectric inspection of erythrocyte morphology Phys. Med. Biol. 53 2553–64 Kaneko H, Asami K and Hanai T 1991 Dielectric analysis of sheep erythrocyte ghost. Examination of applicability of dielectric mixture equations Colloid Polym. Sci. 269 1039–44  Effects of erythrocyte deformability upon hematocrit assessed by the conductance method  2405  Katsumoto Y, Hayashi Y, Oshige I, Omori S, Kishii N, Yasuda A and Asami K 2008 Dielectric cytometry with three-dimensional cellular modeling Biophys. J. 95 3043–7 Katsumoto Y, Omori S, Yamamoto D, Yasuda A and Asami K 2007 Dielectric dispersion of short-stranded DNA in aqueous solutions with and without added salt Phys. Rev. E 75 011911 McMillan D E, Utterback N G and La Puma J 1978 Reduced erythrocyte deformability in diabetes Diabetes 27 895–901 Omori S, Katsumoto Y, Yasuda A and Asami K 2006 Dielectric dispersion for short double-strand DNA Phys. Rev. E 73 050901 Pribush A, Meyerstein D and Meyerstein N 1995 Conductometric study of erythrocytes during centrifugation: II. Erythrocyte deformability Biochim. Biophys. Acta 1256 194–200 Stuart J and Nash G B 1990 Red cell deformability and haematological disorders Blood Rev. 4 141–7 Suresh S 2006 Mechanical response of human red blood cells in health and disease: some structure-property-function relationships J. Mater. Res. 21 1871–7 Svetina S, Kuzman D, Waugh R E, Ziherl P and Žekš B 2004 The cooperative role of membrane skeleton and bilayer in the mechanical behaviour of red blood cells Bioelectrochemistry 62 107–13 Tsukada K, Sekizuka E, Oshio C and Minamitani H 2001 Direct measurement of erythrocyte deformability in diabetes mellitus with a transparent microchannel capillary model and high-speed video camera system Microvasc. Res. 61 231–9 Zachee P, Boogaerts M, Snauwaert J and Hellemans L 1994 Imaging uremic red blood cells with the atomic force microscope Am. J. Nephrol. 14 197–200  "
}