<?xml version="1.0" encoding="UTF-8"?>
<!--Version 1.2 générée le 7-12-2018--><TEI xmlns:tei="http://www.tei-c.org/ns/1.0" xml:lang="en" type="research-article"><teiHeader><fileDesc><titleStmt><title level="a" type="main" xml:lang="en">Classification of vascular function in upper limb using bilateral photoplethysmographic signals</title></titleStmt><publicationStmt><authority>ISTEX</authority><publisher scheme="https://scientific-publisher.data.istex.fr">IOP Publishing</publisher><availability><licence><p>2008 Institute of Physics and Engineering in Medicine</p></licence><p scheme="https://loaded-corpus.data.istex.fr/ark:/67375/XBH-4D4R3TJT-T">IOP</p></availability><date>2008</date></publicationStmt><notesStmt><note type="research-article" scheme="https://content-type.data.istex.fr/ark:/67375/XTP-1JC4F85T-7">research-article</note><note type="journal" scheme="https://publication-type.data.istex.fr/ark:/67375/JMC-0GLKJH51-B">journal</note></notesStmt><sourceDesc><biblStruct type="inbook"><analytic><title level="a" type="main" xml:lang="en">Classification of vascular function in upper limb using bilateral photoplethysmographic signals</title><author xml:id="author-0000"><persName><forename type="first">Nastaran Hesam</forename><surname>Shariati</surname></persName><email>nastaran_shariati@yahoo.com</email><affiliation>Department of Electrical, Electronics and Systems Engineering, Faculty of Engineering, National University Malaysia (UKM), 43600 Bangi, Selangor, Malaysia</affiliation></author><author xml:id="author-0001"><persName><forename type="first">Edmond</forename><surname>Zahedi</surname></persName><affiliation>School of Electrical Engineering, SHARIF University of Technology, Azadi Ave 11365-9363, Tehran, Iran</affiliation></author><author xml:id="author-0002"><persName><forename type="first">Hassan Mansouri</forename><surname>Jajai</surname></persName><affiliation>Wireless People, 22A, Persiaran Zaaba, TTDI, 60000 KL, Malaysia</affiliation></author><idno type="istex">620D1B4241A334D4BAF7E41348A3E43EE7E838AB</idno><idno type="ark">ark:/67375/0T8-08Z271PQ-J</idno><idno type="DOI">10.1088/0967-3334/29/3/007</idno><idno type="PII">S0967-3334(08)65750-0</idno><idno type="article-id">265750</idno><idno type="articleNumber">007</idno></analytic><monogr><title level="j">Physiological Measurement</title><title level="j" type="abbrev">Physiol. Meas.</title><idno type="pISSN">0967-3334</idno><idno type="eISSN">1361-6579</idno><idno type="publisher-id">pm</idno><idno type="CODEN">PMEAE3</idno><idno type="URL">stacks.iop.org/PM</idno><imprint><publisher>IOP Publishing</publisher><date type="published" when="2008"/><biblScope unit="volume">29</biblScope><biblScope unit="issue">3</biblScope><biblScope unit="page" from="365">365</biblScope><biblScope unit="page" to="374">374</biblScope><biblScope unit="production">Printed in the UK</biblScope></imprint></monogr></biblStruct></sourceDesc></fileDesc><profileDesc><creation><date>2008</date></creation><langUsage><language ident="en">en</language></langUsage><abstract><p>Bilateral PPG signals have been used for comparative study of two groups of healthy (free from any cardiovascular risk factors) and diabetic (as cardiovascular disease risk group) subjects in the age-matched range 4050 years. The peripheral blood pulsations were recorded simultaneously from right and left index fingers for 90 s. Pulses have been modeled with the ARX440 model in the interval of 300 sample points with 100 sample points overlap between segments. Model parameters of three segments based on the highest fitness (higher than 80) of modeled segments were retained for each subject. Subsequently, principal component analysis (PCA) was applied to the parameters of retained segments to eliminate the existing correlation among parameters and provide uncorrelated variables. The first principal component (contains 78.2 variance of data) was significantly greater in diabetic than in control groups (P &lt; 0.0001, 0.74 2.01 versus 0.53 1.66). In addition the seventh principal component, which contains 0.02 of the data variance, was significantly lower in diabetic than in control groups (P &lt; 0.05, 0.007 0.03 versus 0.005 0.03). Finally, linear discrimination analysis (LDA) was used to classify the subjects. The classification was done using the robust leaving-one-subject-out method. LDA could classify the subjects with 71.7 sensitivity and 70.2 specificity while the male subjects resulted in a highly acceptable result for the sensitivity (81). The present study showed that PPG signals can be used for vascular function assessment and may find further application for detection of vascular changes before onset of clinical diseases.</p></abstract><textClass><keywords scheme="keyword"><list><head>keywords</head><item><term>photoplethysmographic</term></item><item><term>linear discrimination</term></item><item><term>principal component analysis</term></item><item><term>ARX modeling</term></item></list></keywords></textClass></profileDesc><revisionDesc><change when="2008">Published</change></revisionDesc></teiHeader><text><body><div><p>
IOP PUBLISHING

PHYSIOLOGICAL MEASUREMENT

Physiol. Meas. 29 (2008) 365–374

doi:10.1088/0967-3334/29/3/007

Classiﬁcation of vascular function in upper limb using
bilateral photoplethysmographic signals
Nastaran Hesam Shariati1, Edmond Zahedi2 and Hassan Mansouri Jajai3
1 Department of Electrical, Electronics and Systems Engineering, Faculty of Engineering,
National University Malaysia (UKM), 43600 Bangi, Selangor, Malaysia
2 School of Electrical Engineering, SHARIF University of Technology, Azadi Ave 11365-9363,
Tehran, Iran
3 Wireless People, 22A, Persiaran Zaaba, TTDI, 60000 KL, Malaysia

E-mail: nastaran shariati@yahoo.com

Received 20 November 2007, accepted for publication 22 January 2008
Published 22 February 2008
Online at stacks.iop.org/PM/29/365
Abstract
Bilateral PPG signals have been used for comparative study of two groups
of healthy (free from any cardiovascular risk factors) and diabetic (as
cardiovascular disease risk group) subjects in the age-matched range 40–
50 years. The peripheral blood pulsations were recorded simultaneously from
right and left index ﬁngers for 90 s. Pulses have been modeled with the
ARX440 model in the interval of 300 sample points with 100 sample points
overlap between segments. Model parameters of three segments based on the
highest ﬁtness (higher than 80%) of modeled segments were retained for each
subject. Subsequently, principal component analysis (PCA) was applied to the
parameters of retained segments to eliminate the existing correlation among
parameters and provide uncorrelated variables. The ﬁrst principal component
(contains 78.2% variance of data) was signiﬁcantly greater in diabetic than in
control groups (P &lt; 0.0001, 0.74 ± 2.01 versus −0.53 ± 1.66). In addition
the seventh principal component, which contains 0.02% of the data variance,
was signiﬁcantly lower in diabetic than in control groups (P &lt; 0.05, −0.007 ±
0.03 versus 0.005 ± 0.03). Finally, linear discrimination analysis (LDA) was
used to classify the subjects. The classiﬁcation was done using the robust
leaving-one-subject-out method. LDA could classify the subjects with 71.7%
sensitivity and 70.2% speciﬁcity while the male subjects resulted in a highly
acceptable result for the sensitivity (81%). The present study showed that
PPG signals can be used for vascular function assessment and may ﬁnd further
application for detection of vascular changes before onset of clinical diseases.
Keywords:
photoplethysmographic, linear discrimination, principal
component analysis, ARX modeling
(Some ﬁgures in this article are in colour only in the electronic version)
0967-3334/08/030365+10$30.00

© 2008 Institute of Physics and Engineering in Medicine

Printed in the UK

365

366

N H Shariati et al

1. Introduction
Cardiovascular risk factors such as high blood pressure, high cholesterol and diabetes mediate
their effects by altering, among others, the structure, properties and function of the arteries.
The ability to detect impairments in vessels can therefore help early diagnosis and thus preemptive action.
The main objective of this research is to evaluate the potential of photoplethysmography
(PPG) in assessing the vascular condition. Type 2 diabetic patients have an increased arterial
stiffness (Wollan et al 1962, Lehmann et al 1992, McVeigh et al 1993) and a very high risk
of cardiovascular death. The present study investigates the vascular properties in upper limb
using photoplethysmographic (PPG) signals. PPG signals are investigated using a differential
approach, therefore the vascular system is differentially evaluated and this evaluation is less
dependent on heart function (Zahedi and Alauddin 2004b). The general structure of the
proposed model is represented in ﬁgure 1.
This linear model assumes an ideal Gaussian white noise as the input to the heart and the
output of the heart is the pressure waveform at the aorta. This wave is propagated through
the arteries to the trunk and upper limbs. Three analog pressures PRA(t) (right arm pressure),
PLA(t) (left arm pressure), PAorta(t) (aorta pressure) related to Gaussian white noise (GWN)
are thus obtained. Their Fourier transform is denoted by
PAorta = THeart · GWN

(1)

PLA = TLA · PAorta

(2)

PRA = TRA · PAorta

(3)

where TH, TLA and TRA are the transfer functions of the heart, left and right arm, respectively.
The PPG signal in this model is the effect of the pressure wave on the change in blood
volume. The relation between pressure and volume is a complex one, but for the sake of
simplicity TP→PPG is another transfer function in this model:
PPGLA = TP→PPG · PLA

(4)

PPGRA = TP→PPG · PRA .

(5)

Then (4) and (5) corresponding to (1), (2) and (3) become
PPGLA = TP→ PPG · TLA · TH · GWN

(6)

PPGRA = TP→ PPG · TRA · TH · GWN.

(7)

Elimination of the intervention of the heart can be done by taking TH as the input of either of
two available signals while the output will be the other PPG signal. PPGRA has been chosen
to be the main input in this research. Therefore, from equations (6) and (7)
TLA
PPGLA
=
= TLA→ RA .
(8)
PPGRA
TRA
Thus, a transfer function is obtained where the input is the PPG from the right arm
(PPGRA) and the output is the PPG signal from the left arm (PPGLA) (Zahedi and Alauddin
2004b).
The input–output relationship of the equivalent system is depicted in ﬁgure 2. The
proposed model does not correspond to any natural physiological system but it will be shown
in this paper that its investigation with system identiﬁcation tools will reveal features related
to physiological parameters.

Classiﬁcation of vascular function in upper limb using bilateral photoplethysmographic signals

367

GWN

THeart
PAorta

TLA

PLA

TRA

PRA

Figure 1. General model for the generation of the pressure in upper extremities (RA: right arm
(index ﬁnger); LA: left arm (index ﬁnger) (Zahedi and Alauddin 2004b).

PPG of Right
Index finger

Unknown
Physiological
System

PPG of Left
Index finger

Figure 2. Input–output relationship of the investigated system.

The investigation is done by comparing the extracted parameters of the model of the
bilateral PPG signal in both diabetic and control subjects. Subjects were studied in one decade
of age since many studies showed the effect of age on the arterial elastic properties (Pearson
et al 1994, Benetos et al 1993, Avolio et al 1983) and also PPG signal is age dependent (Allen
and Murray 2002, 2003, Hlimonenko et al 2003, Takazawa et al 1998, Spigulis et al 2000).
This work looks at applying linear discrimination analysis to extracted parameters of the
upper limb model for discriminating between patient and control groups and correlates this
method to the vascular properties.
2. Methods
2.1. Subjects
The participants in this study included 20 patients with diabetes (13 females, 7 males; mean
age: 45.5 ± 0.69) in the age range 40–50 years. Control subjects were 28 healthy age-matched
volunteers (14 females, 14 males; mean age: 45.2 ± 0.61) free from major cardiovascular
risk factors such as high cholesterol, hypertension, diabetes and smoking. A blood test was
performed for cholesterol and diabetes. Blood pressure of all healthy subjects was in the
normal range (&lt;130/80 mmHg) and they did not have any hypertension history (except two
subjects) and no smokers amongst them. The glucose level of diabetic subjects was 9.9 ±
3.2 mg dl−1 and the duration of diabetes was 4.1 ± 4.1 years. Some of them had clinical

368

N H Shariati et al

evidence of hypertension and high cholesterol other than diabetes. The study had received
local ethics committee approval. Each subject gave written informed consent.
2.2. Measurement system
Two PPG systems (Dolphin OEM601) were used with two connected probes (Digital Oximetry
sensor 201) operating in the transmission mode with red light emitting diodes. Two extra red
LEDs (660 nm) are positioned on the ﬁnger probes in such a way that their emitted light
is detectable by the probes’ receiver. These LEDs apply a train of pulses to both signals
for off-line synchronization (Zahedi and Alauddin 2004a). Simultaneous measurements are
necessary since any delay time between two signals will affect the identiﬁed parameters of the
model. Data were recorded to a computer at a sampling rate of 275 Hz.
2.3. Measurement protocol
Measurements were performed at a typical room temperature of 24 ◦ C. Pulses were recorded
in the supine position with hands positioned on the sides of the body. The probes of the
recording system were attached to index ﬁngers of the left and right hands. Subjects were
asked to stay still and breathe naturally for the 90 s measurement period. It is important to
have a comfortable arm position in order to keep the ﬁnger relatively motionless for a stable
and repeatable recording.
Subjects were asked to refrain from having any meal for 3 h and tea or coffee for 5 h
before experimentation. Prior to experimentation, subjects were asked to relax for 5 min to
allow cardiovascular stabilization.
2.4. Analysis
2.4.1. Modeling and the extraction of the model’s parameters. Initially pulses were preprocessed to remove drifts, offset, movement artifact and respiratory rhythm. This procedure
consisted of detrending, band-pass ﬁltering (0.5–15 Hz), resampling at 50 Hz and scaling the
amplitude of the signal to one to equalize the input and output signals. Pre-processing was
done off-line using MATLAB (The Mathworks, Inc.).
After pre-processing, a system consisting of a pulse from the right index ﬁnger as an input
(u(t)) and the left index ﬁnger as an output (y(t)) was modeled with ARX440 (auto-regressive
with exogenous input; na = nb = 4, nk = 0) for each subject. (For these subjects, if the
left index signal is taken as the input, the system would be non-causal and one would get
an unstable system during system identiﬁcation.) The equation of ARX440 with the related
coefﬁcient is described in equations (9), (10) and (11) (Ljung 1999). With this speciﬁc model,
eight parameters were retained and they represented the system in ﬁgure 2. The system
identiﬁcation toolbox in MATLAB has been used for the extraction of the model’s parameters:
A(q)y(t) = B(q)u(t − nk) + e(t)

(9)

where nk = 0
A(q) = 1 + a1 q −1 + a2 q −2 + a3 q −3 + a4 q −4
B(q) = 1 + b1 q

−1

+ b2 q

−2

+ b3 q

−3

+ b4 q

−4

(10)
.

(11)

The modeling was continuously conducted on each subject’s pulse based on the small
segment of 300 sample points with a moving window of 100 sampling points for next segment
modeling (i.e. each segment has an overlap of 200 sample points with the next segment). With

Classiﬁcation of vascular function in upper limb using bilateral photoplethysmographic signals

369

Figure 3. A sample of the correlated model’s parameters.

this arrangement 42 segments were modeled with ARX440 for a 90 s recorded pulse. The
evaluation of the model was conducted on the next 300 sample points for each segment
(validation data). Fitness (similarity of the modeled output and measured output) was
conducted based on the current segment (estimation data) and next segment (validation data).
Extracted parameters along with other model speciﬁcations for both groups of healthy and
diabetic subjects were saved in an SPSS data ﬁle for further analysis.
Three segments among 42 segments were selected for the analysis of the model’s
parameters for each subject. The selection was done based on the three highest ﬁtness
values (more than 80%) among all the modeled segments for each subject. The numbers of
retained segments for healthy and diabetic subjects were 84 (28 healthy subjects) and 60 (20
diabetic subjects), respectively. So, a total of 144 modeled segments and related parameters
were analyzed.
2.4.2. Applying PCA to extracted parameters of the model. The main goal of the modeling
is using the extracted parameters of the system for classiﬁcation of two groups of healthy and
diabetic subjects. So, this step involves analyzing the extracted parameters of the unknown
physiological system in ﬁgure 2 for ﬁnding any differences between healthy and diabetic
subjects by means of PPG signals.
The association and relationship between eight extracted parameters of healthy and diabetic subjects was investigated with a scatter plot which showed high correlation among parameters of the model (an example of the relation between two parameters is shown in ﬁgure 3).
The analysis of eight correlated parameters is not easy and simple. Principal component
analysis (PCA) is one way to reveal the simpliﬁed and uncorrelated structure and the most
meaningful basis to re-express the data. PCA is mathematically deﬁned as an orthogonal

370

N H Shariati et al

Figure 4. A sample of uncorrelated principal components.

linear transformation that transforms the data to a new coordinate system such that the greatest
variance by any projection of the data comes to lie on the ﬁrst coordinate (called the ﬁrst
principal component), the second greatest variance on the second coordinate and so on. PCA
is theoretically the optimum transform for given data in least-square terms.
Figure 4 shows the result of the PCA on the model’s parameters in MATLAB. As you can
see, the retained principal components are uncorrelated.
2.4.3. Discrimination of healthy and diabetic subjects using statistical analysis. Differences
between diabetic and control groups were investigated by independent sample t-test on the
extracted principal components. The t-test is the most commonly used method to evaluate the
differences in means between two groups. Beforehand the normal distribution of the retained
principal components was tested using a one-sample Kolmogorov–Smirnov (K–S) test since
the precondition of the t-test is a normal distribution of dependent variables in the population.
A value of P &lt; 0.05 was considered statistically signiﬁcant. SPSS 13 (SPSS, Inc.) was used
to perform statistical analysis.
2.4.4. Classiﬁcation of healthy and diabetic subjects. Discriminant analysis attempts to ﬁnd
linear combinations of those variables that best separate the groups of cases with a set of
independent variables. The technique was ﬁrst suggested by Fisher (1936) and is sometimes
known as Fisher’s linear discriminant.
LDA was applied on the signiﬁcant principal components from an independent t-test to
classify subjects to a speciﬁc group. The classiﬁcation was done using the leaving-one-subjectout method on SPSS. In this method, discriminant classiﬁcation functions were computed using

Classiﬁcation of vascular function in upper limb using bilateral photoplethysmographic signals

(a)

371

(b)

Figure 5. Scatter plots of (a) PC1 and (b) PC7 for ‘three best ﬁt’ data sets (mixed female and
male). Horizontal bar shows the mean value.

N − 1 (=143) subjects’ records and then applied to classify the omitted one. This procedure
is repeated systematically for all subjects, such that the resulting classiﬁcation matrix is based
on classiﬁcation functions to which the subject classiﬁed did not contribute. This is the basis
for the robustness (i.e., cross-validation) of the result.
3. Results
3.1. Statistical analysis
The independent sample t-test showed that there was a signiﬁcant difference between the
control and patient groups for ﬁrst and seventh principal components. The ﬁrst principal
component was signiﬁcantly greater in diabetic than healthy subjects (P &lt; 0.0001, 0.75 ±
2.01 versus −0.53 ± 1.69). The seventh principal component was signiﬁcantly higher in
healthy than diabetic subjects (P &lt; 0.05, 0.005 ± 0.64 versus −0.007 ± 0.29) (ﬁgure 5). But
no signiﬁcant difference was observed for other PCs. As can be seen, there was a highly
signiﬁcant difference with a big mean difference for the ﬁrst PC between the control and
diabetic groups. This PC accounts for 78.2% of the variation in the original variables (model’s
parameters).
The t-test was also applied to individual male and female groups to observe any
improvement in the mean difference of each sex. A signiﬁcant difference was observed
in the individual male and female groups too (table 1) and there was more mean difference
amongst control and patient groups for male subjects (last column in table 1).
3.2. Classiﬁcation
LDA was applied on the signiﬁcant principal components from the independent t-test (ﬁrst
and seventh principal components (PC1 and PC7)) classifying the two groups with 71.7%
sensitivity (71.7% of diabetes were picked up correctly) and 70.2% speciﬁcity (70.2% of
control subjects were picked up correctly). The total error was 29.2% (table 2). Classiﬁcation
resulted in 74.4% sensitivity and 61.9% speciﬁcity in female subjects and 52.7% sensitivity
and 81% speciﬁcity for male subjects.

372

N H Shariati et al
Table 1. Result of the principal components which are signiﬁcantly different between two groups
of diabetic and control subjects.
Group 1 (mixed
female and male)

Number of subjects
Total number of samples

Ha
Dd
H
D

Feature(s)
Variance (%)
Signiﬁcance level (t-test)
for equality of means

Group 2
(female only)

Group 3
(male only)

28 (14 Fb, 14 Mc)
20 (13 F, 7 M)
84
60

14 (14 F)
13 (13 F)
42
39

14 (14 M)
7 (7 M)
42
21

PC1
78.2

PC7
0.02

PC1
69.6

PC7
0.01

PC1
86.2

PC7
0.02

0.000 06

0.021

0.004

0.015

0.0007

0.06

−1.28

Mean difference

0.012

−1.05

0.012

−1.91

−0.017

a

Healthy.
Female.
c Male.
d Diabetic.
b

Table 2. Classiﬁcation result using discriminant analysis.
Gender

Number of subjects

Sn (%)

Sp (%)

TE (%)

Group 1 (female and male)

48
28 (Ha), 20 (Db)
21
14 (H), 7 (D)
27
14 (H), 13 (D)

71.7

70.2

29.2

52.7

81

28.6

74.4

61.9

32.1

Group 2 (male)
Group 3 (female)
a
b

Healthy.
Diabetes.

4. Discussion
The objective of this study was to investigate whether bilateral PPG can be used to discriminate
between patients with cardiovascular risk factor (diabetes) and healthy subjects and might
therefore be useful for scrutinizing the vascular condition. This study of vascular assessment
in the population of healthy and diabetic age-matched males and females has permitted us to
assess the equivalent physiological system of PPG signals from two different anatomical sides
of the body and to gain insight into differences in the vasculature that occur with cardiovascular
risk factors.
Conventional techniques utilize ﬂow and pressure recordings as two separate singlelead signals (Allen and Murray 1999) to characterize the mechanical properties of vascular
segments. It is thought that the differential approach proposed in this work might offer some
advantage, as it does not require recording of the ﬂow nor of the pressure. This perhaps explains
why bilateral PPG pulse measurements have recently been more frequently investigated for the
assessment of vascular function in lower limbs (Erts et al 2005, Allen et al 2005). However,
PPG is only an indirect manifestation of the blood pressure (Allen and Murray 1999), and the
relationship between pressure, ﬂow and PPG is rather a complex one (Noordegraaf 1978).
The extracted parameters of a mathematical model of an unknown physiological system
in ﬁgure 2 have been used for classiﬁcation of healthy and diabetic subjects. The discriminant

Classiﬁcation of vascular function in upper limb using bilateral photoplethysmographic signals

373

analysis demonstrated acceptable power in correctly classifying individuals into both groups.
However, this is a mathematical model of the upper limb using bilateral PPG signals
and no physiological meaning can be speciﬁed for the parameters and related principal
components.
It was expected that the overall classiﬁcation result improves when analysis is done on a
gender basis (Weinberger et al 2002). It is interesting, however, that table 2 seems to indicate
that male groups achieved better results in picking up the control subjects (81%) than mixed
gender (70.2%) but the result of classiﬁcation in female groups did not show improvement.
According to table 1, the discrimination analysis was performed on 86.22% of the original
data (PC1+PC7) of male subjects, so it was suspected that the greater sum of data variance in
the male group leads to a successful rise in classiﬁcation rate. So, more PCs were examined
to see the changes in classiﬁcation rate in female subjects, but no effect was observed.
The accuracy of the techniques may be limited by the small size of the data. This
is supported by the fact that diabetic male subjects had the lower sensitivity as they are
fewer than healthy subjects. So, further work is needed on collecting a larger number of
healthy and diabetic subjects to determine the accuracy of the technique. Signiﬁcantly larger
population numbers would also allow analysis on different age groups to obtain the overall
accuracy.
Other pairs of anatomical sites can also be used, such as left hand and right leg in order
to enable the assessment of global circulation, or signals from both legs to assess the vascular
system of the lower limb.
Most of the patients were also in the early stages of the disease, and any changes which
may have taken place could well be too small for the model to pick up. Small regional
changes may occur early in the disease course but be masked when the overall vascular
system is considered. This is supported by the fact that the groups were less successfully
classiﬁed, as they are less visibly affected by disease. It is quite possible that patients with
more developed disease could show an improvement in classiﬁcation rate, and it would be
of interest to determine the relative discriminatory value of the analysis methods in diabetes
when comparing distinct clinical groups. Therefore for increasing the sensitivity, it is better
to have diabetic patients with a high risk (patients with over 10 years of diabetes).

5. Conclusion
Acceptable classiﬁcation results conﬁrmed the hypothesis that diabetes has some effect on
the vascular system which can be differentiated with PPG measurement. Although acceptable
high speciﬁcity in male subjects was observed, an improvement in the sensitivity is needed to
have a clinically acceptable result. To reach a satisfactory result, larger group sizes are needed.
The use of PCA, however, removes the need for feature selection and gives conﬁdence that
optimal analysis is being used. While the healthy subjects were more successfully classiﬁed,
higher risk diabetic subjects (diabetes duration above 10 years) are needed to produce a success
rate in classiﬁcation.
This type of analysis can provide a simple inexpensive and non-invasive means for
studying the dynamics of the vascular system, with the potential advantage of being able to
predict alterations in the vascular structure. Ultimately, the amount of damage inﬂicted by
conditions such as atherosclerosis, hypertension and diabetes mellitus could be quantiﬁed and
listed together with other clinical laboratory results to the beneﬁt of a more accurate diagnosis.
Another interesting area would be the evaluation of the efﬁcacy of a certain treatment of the
vascular system.

374

N H Shariati et al

Acknowledgment
This work was supported by an Intensive Research Priority Areas Grant (IRPA-09-02-020106-EA258) from the Ministry of Science and Technology, Malaysia.
References
Allen J and Murray A 1999 Modeling the relationship between peripheral blood pressure and blood volume pulses
using linear and neural network system identiﬁcation Physiol. Meas. 24 297–307
Allen J and Murray A 2002 Age-related changes in peripheral pulse timing characteristic at the ears, ﬁngers and toes
J. Hum. Hypertens. 16 711–7
Allen J and Murray A 2003 Age-related changes in the characteristics of the photoplethysmographic pulse shape at
various body sites Physiol. Meas. 20 287–301
Allen J, Oates C P, Less T A and Murray A 2005 Photoplethysmography detection of lower limb peripheral arterial
occlusive disease: a comparison of pulse timing, amplitude and shape characteristics Physiol. Meas. 26 811–21
Avolio A P et al 1983 Effects of aging on changing arterial compliance and left ventricular load in a northern Chinese
urban community Circulation 68 50–8
Benetos A, Laurent S, Hoeks A P, Boutouyrie P H and Safar M E 1993 Arterial alterations with aging and high blood
pressure. A noninvasive study of carotid and femoral arteries Arterioscler. Thromb. 13 90–7
Erts R, Spigulis J, Kukulis I and Ozols M 2005 Bilateral photoplethysmography studies of the leg arterial stenosis
Physiol. Meas. 26 865–74
Fisher R A 1936 The use of multiple measurements in taxonomic problems Ann. Eugen. 7 179–88
Flury B 1988 Common Principal Components and Related Multivariate Models (New York: Wiley)
Hlimonenko I, Meigas K and Vahisalu R 2003 Waveform analysis of peripheral pulse wave detected in the ﬁngertip
with photoplethysmograph Meas. Sci. Rev. 3 49–52
Lehmann E D, Gosling R G and Sonksen P H 1992 Arterial wall compliance in diabetes Diabetes Med. 9 114–9
Ljung L 1999 System Identiﬁcation: Theory for the User (Englewood Cliffs, NJ: Prentice-Hall)
McVeigh G, Brennan G and Hayes R 1993 Vascular abnormalities in non-insulin dependent diabetes mellitus identiﬁed
by arterial waveform analysis Am. J. Med. 95 424–30
Noordegraaf A 1978 Circulatory System Dynamics (New York: Academic)
Pearson A C, Guo R, Orsinelli D A, Binkley P F and Pasierski T J 1994 Transesophageal echocardiographic assessment
of the effects of age, gender, and hypertension on thoracic aortic wall size, thickness, and stiffness Am. Heart
J. 128 344–51
Spigulis J, Venckus G and Ozols M 2000 Optical sensing for early cardiovascular diagnostic Proc. SPIE 3911 27–31
Takazawa K, Tanaka N, Fujita M, Matsuoka O, Saiki T, Aikawa M, Tamura S and Ibukiyama C 1998 Assessment of
vasoactive agents and vascular aging by the second derivative of photoplethysmogram waveform Hypertension
32 365–70
Weinberger M H, Fineberg N S and Fineberg S E 2002 Effects of age, race, gender, blood pressure, and estrogen on
arterial compliance Am. J. Hypertens. 15 358–63
Woolam G L, Schnur P L, Vallbona C and Hoff H E 1962 The pulse wave velocity as an early indicator of atherosclerosis
in diabetic subjects Circulation 25 533–9
Zahedi E and Alauddin M A M 2004a Dual-channel photoplethysmography synchronization using a Barker sequence
IEEE Proc. Engineering in Medicine and Biology Society pp 1952–5
Zahedi E and Alauddin M A M 2004b Parametric differential approach for modeling the upper limb human vasculature
Proc. 26th IEEE Conf. in Medicine and Biology Society (IFMBE) pp 742–5

</p></div></body><back><div><listBibl type="references"><biblStruct xml:id="pm265750bib01" type="article"><analytic><title level="a">Modeling the relationship between peripheral blood pressure and blood volume pulses using linear and neural network system identification</title><author><persName><forename type="first">J</forename><surname>Allen</surname></persName></author><author><persName><forename type="first">A</forename><surname>Murray</surname></persName></author></analytic><monogr><title level="j">Physiol. Meas.</title><imprint><date type="published">1999</date><biblScope unit="volume">24</biblScope><biblScope unit="range">297307</biblScope></imprint></monogr></biblStruct><biblStruct xml:id="pm265750bib02" type="article"><analytic><title level="a">Age-related changes in peripheral pulse timing characteristic at the ears, fingers and toes</title><author><persName><forename type="first">J</forename><surname>Allen</surname></persName></author><author><persName><forename type="first">A</forename><surname>Murray</surname></persName></author></analytic><monogr><title level="j">J. Hum. Hypertens.</title><imprint><date type="published">2002</date><biblScope unit="volume">16</biblScope><biblScope unit="range">7117</biblScope></imprint></monogr></biblStruct><biblStruct xml:id="pm265750bib03" type="article"><analytic><title level="a">Age-related changes in the characteristics of the photoplethysmographic pulse shape at various body sites</title><author><persName><forename type="first">J</forename><surname>Allen</surname></persName></author><author><persName><forename type="first">A</forename><surname>Murray</surname></persName></author></analytic><monogr><title level="j">Physiol. Meas.</title><imprint><date type="published">2003</date><biblScope unit="volume">20</biblScope><biblScope unit="range">287301</biblScope></imprint></monogr></biblStruct><biblStruct xml:id="pm265750bib04" type="article"><analytic><title level="a">Photoplethysmography detection of lower limb peripheral arterial occlusive disease: a comparison of pulse timing, amplitude and shape characteristics</title><author><persName><forename type="first">J</forename><surname>Allen</surname></persName></author><author><persName><forename type="first">C P</forename><surname>Oates</surname></persName></author><author><persName><forename type="first">T A</forename><surname>Less</surname></persName></author><author><persName><forename type="first">A</forename><surname>Murray</surname></persName></author></analytic><monogr><title level="j">Physiol. Meas.</title><imprint><date type="published">2005</date><biblScope unit="volume">26</biblScope><biblScope unit="range">81121</biblScope></imprint></monogr></biblStruct><biblStruct xml:id="pm265750bib05" type="article"><analytic><title level="a">Effects of aging on changing arterial compliance and left ventricular load in a northern Chinese urban community</title><author><persName><forename type="first">A P</forename><surname>Avolio</surname></persName></author></analytic><monogr><title level="j">Circulation</title><imprint><date type="published">1983</date><biblScope unit="volume">68</biblScope><biblScope unit="range">508</biblScope></imprint></monogr></biblStruct><biblStruct xml:id="pm265750bib06" type="article"><analytic><title level="a">Arterial alterations with aging and high blood pressure. A noninvasive study of carotid and femoral arteries</title><author><persName><forename type="first">A</forename><surname>Benetos</surname></persName></author><author><persName><forename type="first">S</forename><surname>Laurent</surname></persName></author><author><persName><forename type="first">A P</forename><surname>Hoeks</surname></persName></author><author><persName><forename type="first">P H</forename><surname>Boutouyrie</surname></persName></author><author><persName><forename type="first">M E</forename><surname>Safar</surname></persName></author></analytic><monogr><title level="j">Arterioscler. Thromb.</title><imprint><date type="published">1993</date><biblScope unit="volume">13</biblScope><biblScope unit="range">907</biblScope></imprint></monogr></biblStruct><biblStruct xml:id="pm265750bib07" type="article"><analytic><title level="a">Bilateral photoplethysmography studies of the leg arterial stenosis</title><author><persName><forename type="first">R</forename><surname>Erts</surname></persName></author><author><persName><forename type="first">J</forename><surname>Spigulis</surname></persName></author><author><persName><forename type="first">I</forename><surname>Kukulis</surname></persName></author><author><persName><forename type="first">M</forename><surname>Ozols</surname></persName></author></analytic><monogr><title level="j">Physiol. Meas.</title><imprint><date type="published">2005</date><biblScope unit="volume">26</biblScope><biblScope unit="range">86574</biblScope></imprint></monogr></biblStruct><biblStruct xml:id="pm265750bib08" type="article"><analytic><title level="a">The use of multiple measurements in taxonomic problems</title><author><persName><forename type="first">R A</forename><surname>Fisher</surname></persName></author></analytic><monogr><title level="j">Ann. Eugen.</title><imprint><date type="published">1936</date><biblScope unit="volume">7</biblScope><biblScope unit="range">17988</biblScope></imprint></monogr></biblStruct><biblStruct xml:id="pm265750bib09" type="inbook"><monogr><title level="m">Common Principal Components and Related Multivariate Models</title><editor><persName><forename type="first">B</forename><surname>Flury</surname></persName></editor><idno type="ref-id">pm265750bib09</idno><imprint><publisher>Wiley</publisher><pubPlace>New York</pubPlace><date type="published">1988</date></imprint></monogr></biblStruct><biblStruct xml:id="pm265750bib10" type="article"><analytic><title level="a">Waveform analysis of peripheral pulse wave detected in the fingertip with photoplethysmograph</title><author><persName><forename type="first">I</forename><surname>Hlimonenko</surname></persName></author><author><persName><forename type="first">K</forename><surname>Meigas</surname></persName></author><author><persName><forename type="first">R</forename><surname>Vahisalu</surname></persName></author></analytic><monogr><title level="j">Meas. Sci. Rev.</title><imprint><date type="published">2003</date><biblScope unit="volume">3</biblScope><biblScope unit="range">4952</biblScope></imprint></monogr></biblStruct><biblStruct xml:id="pm265750bib11" type="article"><analytic><title level="a">Arterial wall compliance in diabetes</title><author><persName><forename type="first">E D</forename><surname>Lehmann</surname></persName></author><author><persName><forename type="first">R G</forename><surname>Gosling</surname></persName></author><author><persName><forename type="first">P H</forename><surname>Sonksen</surname></persName></author></analytic><monogr><title level="j">Diabetes Med.</title><imprint><date type="published">1992</date><biblScope unit="volume">9</biblScope><biblScope unit="range">1149</biblScope></imprint></monogr></biblStruct><biblStruct xml:id="pm265750bib12" type="inbook"><monogr><title level="m">System Identification: Theory for the User</title><editor><persName><forename type="first">L</forename><surname>Ljung</surname></persName></editor><idno type="ref-id">pm265750bib12</idno><imprint><publisher>Prentice-Hall</publisher><pubPlace>Englewood Cliffs, NJ</pubPlace><date type="published">1999</date></imprint></monogr></biblStruct><biblStruct xml:id="pm265750bib13" type="article"><analytic><title level="a">Vascular abnormalities in non-insulin dependent diabetes mellitus identified by arterial waveform analysis</title><author><persName><forename type="first">G</forename><surname>McVeigh</surname></persName></author><author><persName><forename type="first">G</forename><surname>Brennan</surname></persName></author><author><persName><forename type="first">R</forename><surname>Hayes</surname></persName></author></analytic><monogr><title level="j">Am. J. Med.</title><imprint><date type="published">1993</date><biblScope unit="volume">95</biblScope><biblScope unit="range">42430</biblScope></imprint></monogr></biblStruct><biblStruct xml:id="pm265750bib14" type="inbook"><monogr><title level="m">Circulatory System Dynamics</title><editor><persName><forename type="first">A</forename><surname>Noordegraaf</surname></persName></editor><idno type="ref-id">pm265750bib14</idno><imprint><publisher>Academic</publisher><pubPlace>New York</pubPlace><date type="published">1978</date></imprint></monogr></biblStruct><biblStruct xml:id="pm265750bib15" type="article"><analytic><title level="a">Transesophageal echocardiographic assessment of the effects of age, gender, and hypertension on thoracic aortic wall size, thickness, and stiffness</title><author><persName><forename type="first">A C</forename><surname>Pearson</surname></persName></author><author><persName><forename type="first">R</forename><surname>Guo</surname></persName></author><author><persName><forename type="first">D A</forename><surname>Orsinelli</surname></persName></author><author><persName><forename type="first">P F</forename><surname>Binkley</surname></persName></author><author><persName><forename type="first">T J</forename><surname>Pasierski</surname></persName></author></analytic><monogr><title level="j">Am. Heart J.</title><imprint><date type="published">1994</date><biblScope unit="volume">128</biblScope><biblScope unit="range">34451</biblScope></imprint></monogr></biblStruct><biblStruct xml:id="pm265750bib16" type="article"><analytic><title level="a">Optical sensing for early cardiovascular diagnostic</title><author><persName><forename type="first">J</forename><surname>Spigulis</surname></persName></author><author><persName><forename type="first">G</forename><surname>Venckus</surname></persName></author><author><persName><forename type="first">M</forename><surname>Ozols</surname></persName></author></analytic><monogr><title level="j">Proc. SPIE</title><imprint><date type="published">2000</date><biblScope unit="volume">3911</biblScope><biblScope unit="range">2731</biblScope></imprint></monogr></biblStruct><biblStruct xml:id="pm265750bib17" type="article"><analytic><title level="a">Assessment of vasoactive agents and vascular aging by the second derivative of photoplethysmogram waveform</title><author><persName><forename type="first">K</forename><surname>Takazawa</surname></persName></author><author><persName><forename type="first">N</forename><surname>Tanaka</surname></persName></author><author><persName><forename type="first">M</forename><surname>Fujita</surname></persName></author><author><persName><forename type="first">O</forename><surname>Matsuoka</surname></persName></author><author><persName><forename type="first">T</forename><surname>Saiki</surname></persName></author><author><persName><forename type="first">M</forename><surname>Aikawa</surname></persName></author><author><persName><forename type="first">S</forename><surname>Tamura</surname></persName></author><author><persName><forename type="first">C</forename><surname>Ibukiyama</surname></persName></author></analytic><monogr><title level="j">Hypertension</title><imprint><date type="published">1998</date><biblScope unit="volume">32</biblScope><biblScope unit="range">36570</biblScope></imprint></monogr></biblStruct><biblStruct xml:id="pm265750bib18" type="article"><analytic><title level="a">Effects of age, race, gender, blood pressure, and estrogen on arterial compliance</title><author><persName><forename type="first">M H</forename><surname>Weinberger</surname></persName></author><author><persName><forename type="first">N S</forename><surname>Fineberg</surname></persName></author><author><persName><forename type="first">S E</forename><surname>Fineberg</surname></persName></author></analytic><monogr><title level="j">Am. J. Hypertens.</title><imprint><date type="published">2002</date><biblScope unit="volume">15</biblScope><biblScope unit="range">35863</biblScope></imprint></monogr></biblStruct><biblStruct xml:id="pm265750bib19" type="article"><analytic><title level="a">The pulse wave velocity as an early indicator of atherosclerosis in diabetic subjects</title><author><persName><forename type="first">G L</forename><surname>Woolam</surname></persName></author><author><persName><forename type="first">P L</forename><surname>Schnur</surname></persName></author><author><persName><forename type="first">C</forename><surname>Vallbona</surname></persName></author><author><persName><forename type="first">H E</forename><surname>Hoff</surname></persName></author></analytic><monogr><title level="j">Circulation</title><imprint><date type="published">1962</date><biblScope unit="volume">25</biblScope><biblScope unit="range">5339</biblScope></imprint></monogr></biblStruct><biblStruct xml:id="pm265750bib20" type="inbook"><monogr><title level="m">Dual-channel photoplethysmography synchronization using a Barker sequence</title><editor><persName><forename type="first">E</forename><surname>Zahedi</surname></persName></editor><editor><persName><forename type="first">M A M</forename><surname>Alauddin</surname></persName></editor><idno type="ref-id">pm265750bib20</idno><imprint><date/></imprint></monogr></biblStruct><biblStruct xml:id="pm265750bib21" type="inbook"><monogr><title level="m">Parametric differential approach for modeling the upper limb human vasculature</title><editor><persName><forename type="first">E</forename><surname>Zahedi</surname></persName></editor><editor><persName><forename type="first">M A M</forename><surname>Alauddin</surname></persName></editor><idno type="ref-id">pm265750bib21</idno><imprint><date/></imprint></monogr></biblStruct></listBibl></div></back></text></TEI>