{
  "arkIstex": "ark:/67375/0T8-9GZVTJLB-Q",
  "title": "Microcirculatory effect of different skin contacting pressures around the blood pressure",
  "abstract": "We used laser Doppler flowmetry (LDF) and spectrum analysis to investigate the microcirculatory responses to pressure stimulation (PS) of the skin surface. A control group without PS applied, and four groups with different PS (20, 60, 100 and 160 mmHg in groups PS20, PS60, PS100 and PS160, respectively) were formed from seven volunteers. Each experiment involved recording a 20 min baseline and two effect data recorded at 020 and 5070 min after stopping PS. The relative energy contribution (REC) in five frequency bands revealed by Morlet-wavelet transformation was calculated. At the pressed site, the dc component of the flux signal in the second effect increased significantly only in group PS60 compared with the control values. The REC was significantly increased in a myogenic-related band in groups PS60, PS100 and PS160, and was significantly decreased in a nerve-related band only in group PS160. Different PS magnitudes compress vessels to different extents. The proposed vessel-pressing modelwhich is supported by the results of spectral analysis of flux signalsmight help to elucidate the underlying mechanism. The study results indicate that an improved perfusion was sustained for the longest time when applying 60 mmHg PS. This might aid the development of techniques for improving skin microcirculatory perfusion.",
  "language": [
    "eng"
  ],
  "publicationDate": "2008",
  "copyrightDate": "2008",
  "doi": [
    "10.1088/0967-3334/29/12/006"
  ],
  "ark": [
    "ark:/67375/0T8-9GZVTJLB-Q"
  ],
  "pii": [
    "S0967-3334(08)a290191-8"
  ],
  "articleId": [
    "290191"
  ],
  "genre": [
    "research-article"
  ],
  "originalGenre": [
    "paper"
  ],
  "author": [
    {
      "name": "Hsin Hsiu",
      "affiliations": [
        "Department of Electrical Engineering, Yuan Ze University, No 135, Rd Yuan-Tung, Taoyuan, Taiwan, Republic of China",
        "Author to whom any correspondence should be addressed",
        "E-mail: hhsiu@saturn.yzu.edu.tw"
      ]
    },
    {
      "name": "Wei-Chen Hsu",
      "affiliations": [
        "Taipei City Hospital RenAi Branch, Taipei, Taiwan, Republic of China"
      ]
    },
    {
      "name": "Shu-Ling Chang",
      "affiliations": [
        "Department of Electrical Engineering, Yuan Ze University, No 135, Rd Yuan-Tung, Taoyuan, Taiwan, Republic of China"
      ]
    },
    {
      "name": "Chia-Liang Hsu",
      "affiliations": [
        "Department of Electrical Engineering, Yuan Ze University, No 135, Rd Yuan-Tung, Taoyuan, Taiwan, Republic of China"
      ]
    },
    {
      "name": "Shih-Ming Huang",
      "affiliations": [
        "Department of Electrical Engineering, Yuan Ze University, No 135, Rd Yuan-Tung, Taoyuan, Taiwan, Republic of China"
      ]
    },
    {
      "name": "Yuh-Ying Wang Lin",
      "affiliations": [
        "Biophysics Lab, Institute of Physics, Academia Sinica, Taipei, Taiwan, Republic of China",
        "Department of Physics, National Taiwan Normal University, Taipei, Taiwan, Republic of China"
      ]
    }
  ],
  "subject": [
    {
      "lang": [
        "eng"
      ],
      "value": "contacting pressure"
    },
    {
      "lang": [
        "eng"
      ],
      "value": "laser Doppler"
    },
    {
      "lang": [
        "eng"
      ],
      "value": "microcirculation"
    },
    {
      "lang": [
        "eng"
      ],
      "value": "wavelet"
    }
  ],
  "pmid": [
    "18974438"
  ],
  "host": {
    "title": "Physiological Measurement",
    "language": [
      "unknown"
    ],
    "issn": [
      "0967-3334"
    ],
    "eissn": [
      "1361-6579"
    ],
    "publisherId": [
      "pm"
    ],
    "volume": "29",
    "issue": "12",
    "pages": {
      "first": "1421",
      "last": "1434",
      "total": "14"
    },
    "genre": [
      "journal"
    ]
  },
  "corpusName": "iop",
  "qualityIndicators": {
    "score": 8.989,
    "pdfWordCount": 4565,
    "pdfCharCount": 26105,
    "pdfVersion": 1.4,
    "pdfPageCount": 14,
    "pdfPageSize": "595 x 842 pts (A4)",
    "refBibsNative": true,
    "abstractWordCount": 202,
    "abstractCharCount": 1333,
    "keywordCount": 4
  },
  "categories": {
    "wos": [
      "1 - science",
      "2 - physiology",
      "2 - engineering, biomedical",
      "2 - biophysics"
    ],
    "scienceMetrix": [
      "1 - applied sciences",
      "2 - engineering",
      "3 - biomedical engineering"
    ],
    "scopus": [
      "1 - Health Sciences",
      "2 - Medicine",
      "3 - Physiology (medical)",
      "1 - Physical Sciences",
      "2 - Engineering",
      "3 - Biomedical Engineering",
      "1 - Life Sciences",
      "2 - Biochemistry, Genetics and Molecular Biology",
      "3 - Physiology",
      "1 - Life Sciences",
      "2 - Biochemistry, Genetics and Molecular Biology",
      "3 - Biophysics"
    ],
    "inist": [
      "1 - sciences appliquees, technologies et medecines",
      "2 - sciences biologiques et medicales",
      "3 - sciences medicales",
      "4 - tumeurs"
    ]
  },
  "keywords": {
    "teeft": [
      "microcirculatory",
      "laser",
      "hsiu",
      "wang",
      "microcirculation",
      "mmhg",
      "skin surface",
      "humeau",
      "hoku",
      "ampcv",
      "gure",
      "laser doppler",
      "baseline",
      "bernardi",
      "cutaneous",
      "myogenic",
      "perfusion",
      "doppler",
      "spectral analysis",
      "baseline value",
      "second effect",
      "measurement sites",
      "present study",
      "entire procedure",
      "vessel wall",
      "control value",
      "cutaneous vasodilator response",
      "frequency band",
      "total energy density",
      "microcirculatory responses",
      "microcirculatory autoregulatory activities",
      "skin blood",
      "baseline sequence",
      "precapillary openings",
      "microcirculatory perfusion",
      "wavelet analysis",
      "pressure stimulation",
      "relative energy contribution",
      "baseline period",
      "control experiment",
      "control group",
      "soft tissues",
      "high frequency",
      "intrinsic myogenic activity",
      "neurogenic activity",
      "entire spectrum",
      "local pressure",
      "spectrum analysis",
      "contact pressure",
      "skin microcirculatory perfusion",
      "noninvasive method",
      "various types",
      "longest time",
      "nearby nonacupoint",
      "hoku acupoint",
      "local microvascular beds",
      "frequency bands",
      "pressure application"
    ]
  },
  "namedEntities": {
    "unitex": {
      "date": [],
      "geogName": [],
      "orgName": [],
      "orgName_funder": [],
      "orgName_provider": [],
      "persName": [],
      "placeName": [],
      "ref_url": [],
      "ref_bibl": [],
      "bibl": []
    }
  },
  "enrichments": {
    "type": [
      "multicat",
      "nb",
      "teeft",
      "unitex"
    ]
  },
  "refBibs": [
    {
      "title": "Dynamics of local pressure-induced cutaneous vasodilation in the human hand",
      "author": [
        {
          "name": "P Abraham"
        },
        {
          "name": "B Fromy"
        },
        {
          "name": "S Merzeau"
        },
        {
          "name": "A Jardel"
        },
        {
          "name": "J L Saumet"
        }
      ],
      "host": {
        "title": "Microvasc. Res.",
        "author": [],
        "volume": "61"
      }
    },
    {
      "title": "Intraluminal pressure modulates the magnitude and the frequency of induced vasomotion in rat arteries",
      "author": [
        {
          "name": "H Achakri"
        },
        {
          "name": "N Stergiopulos"
        },
        {
          "name": "N Hoogerwerf"
        },
        {
          "name": "D Hayoz"
        },
        {
          "name": "H R Brunner"
        },
        {
          "name": "J J Meister"
        }
      ],
      "host": {
        "title": "J. Vasc. Res.",
        "author": [],
        "volume": "32"
      }
    },
    {
      "title": "Effect of externally applied skin surface forces on tissue vasculature",
      "author": [
        {
          "name": "D L Bader"
        },
        {
          "name": "R L Barnhill"
        },
        {
          "name": "T J Ryan"
        }
      ],
      "host": {
        "title": "Arch. Phys. Med. Rehabil.",
        "author": [],
        "volume": "67"
      }
    },
    {
      "title": "Relationship between phasic changes in human skin blood flow and autonomic tone",
      "author": [
        {
          "name": "L Bernardi"
        },
        {
          "name": "M Rossi"
        },
        {
          "name": "P Fratino"
        },
        {
          "name": "G Finardi"
        },
        {
          "name": "E Mevio"
        },
        {
          "name": "C Orlandi"
        }
      ],
      "host": {
        "title": "Microvasc. Res.",
        "author": [],
        "volume": "37"
      }
    },
    {
      "title": "Evaluating microcirculation by pulsatile laser Doppler signal",
      "author": [
        {
          "name": "P T Chao"
        },
        {
          "name": "M Y Jan"
        },
        {
          "name": "H Hsiu"
        },
        {
          "name": "T L Hsu"
        },
        {
          "name": "W K Wang"
        },
        {
          "name": "Y Y Wang Lin"
        }
      ],
      "host": {
        "title": "Phys. Med. Biol.",
        "author": [],
        "volume": "51"
      }
    },
    {
      "title": "Effects of non-invasive stimulation of acupoints on the cardiovascular system",
      "author": [
        {
          "name": "D Felhendler"
        },
        {
          "name": "B Lisander"
        }
      ],
      "host": {
        "title": "Complement Ther. Med.",
        "author": [],
        "volume": "7"
      }
    },
    {
      "title": "Laser Doppler perfusion monitoring of skin blood flow at different depths in finger and arm upon local heating",
      "author": [
        {
          "name": "C Freccero"
        },
        {
          "name": "F Holmlund"
        },
        {
          "name": "S Bornmyr"
        },
        {
          "name": "J Castenfors"
        },
        {
          "name": "A M Johansson"
        },
        {
          "name": "G Sundkvist"
        },
        {
          "name": "H Svensson"
        },
        {
          "name": "P Wollmer"
        }
      ],
      "host": {
        "title": "Microvasc. Res.",
        "author": [],
        "volume": "66"
      }
    },
    {
      "title": "Mechanisms of the cutaneous vasodilator response to local external pressure application in rats: involvement of CGRP, neurokinins, prostaglandins and NO",
      "author": [
        {
          "name": "B Fromy"
        },
        {
          "name": "S Merzeau"
        },
        {
          "name": "P Abraham"
        },
        {
          "name": "J L Saumet"
        }
      ],
      "host": {
        "title": "Br. J. Pharmacol.",
        "author": [],
        "volume": "131"
      }
    },
    {
      "title": "Relation between RR interval and the pulsatile microcirculatory flux",
      "author": [
        {
          "name": "H Hsiu"
        },
        {
          "name": "C L Hsu"
        },
        {
          "name": "W R Chiang"
        },
        {
          "name": "P T Chao"
        },
        {
          "name": "T L Hsu"
        },
        {
          "name": "M Y Jan"
        },
        {
          "name": "W K Wang"
        },
        {
          "name": "Y Y Wang Lin"
        }
      ],
      "host": {
        "title": "Physiol. Meas.",
        "author": [],
        "volume": "29"
      }
    },
    {
      "title": "Spectral analysis of the microcirculatory laser Doppler signal at the Hoku acupoint",
      "author": [
        {
          "name": "H Hsiu"
        },
        {
          "name": "W C Hsu"
        },
        {
          "name": "S M Huang"
        },
        {
          "name": "C L Hsu"
        },
        {
          "name": "Y Y Wang Lin"
        }
      ],
      "host": {
        "title": "Laser Med. Sci.",
        "author": []
      }
    },
    {
      "title": "Microcirculatory characteristics of acupuncture points obtained by laser Doppler flowmetry",
      "author": [
        {
          "name": "H Hsiu"
        },
        {
          "name": "S M Huang"
        },
        {
          "name": "P T Chao"
        },
        {
          "name": "M Y Jan"
        },
        {
          "name": "T L Hsu"
        },
        {
          "name": "W K Wang"
        },
        {
          "name": "Y Y Wang Lin"
        }
      ],
      "host": {
        "title": "Physiol. Meas.",
        "author": [],
        "volume": "28"
      }
    },
    {
      "title": "Signal processing methodology to study the cutaneous vasodilator response to a local external pressure application detected by laser Doppler flowmetry",
      "author": [
        {
          "name": "A Humeau"
        },
        {
          "name": "L Fizanne"
        },
        {
          "name": "A Garry"
        },
        {
          "name": "J L Saumet"
        },
        {
          "name": "J P L'Huillier"
        }
      ],
      "host": {
        "title": "IEEE Trans. Biomed. Eng.",
        "author": [],
        "volume": "51"
      }
    },
    {
      "title": "Spectral components of laser Doppler flowmetry signals recorded in healthy and type 1 diabetic subjects at rest and during a local and progressive cutaneous pressure application: scalogram analyses",
      "author": [
        {
          "name": "A Humeau"
        },
        {
          "name": "A Kotka"
        },
        {
          "name": "P Abraham"
        },
        {
          "name": "J L Saumet"
        },
        {
          "name": "J P L'Huillier"
        }
      ],
      "host": {
        "title": "Phys. Med. Biol.",
        "author": [],
        "volume": "49"
      }
    },
    {
      "title": "The importance of pulsatile microcirculation in relation to hypertension",
      "author": [
        {
          "name": "M Y Jan"
        },
        {
          "name": "H Hsiu"
        },
        {
          "name": "T L Hsu"
        },
        {
          "name": "Y Y Wang Lin"
        },
        {
          "name": "W K Wang"
        }
      ],
      "host": {
        "title": "IEEE Eng. Med. Biol.",
        "author": [],
        "volume": "19"
      }
    },
    {
      "title": "Acupuncture and sensory neuropeptides increase cutaneous blood flow in rats",
      "author": [
        {
          "name": "G Jansen"
        },
        {
          "name": "T Lundeberg"
        },
        {
          "name": "J Kjartansson"
        },
        {
          "name": "U E Samuelson"
        }
      ],
      "host": {
        "title": "Neurosci. Lett.",
        "author": [],
        "volume": "97"
      }
    },
    {
      "title": "Impaired pressure-induced vasodilation at the foot in young adults with type 1 diabetes",
      "author": [
        {
          "name": "A Kotka"
        },
        {
          "name": "P Abraham"
        },
        {
          "name": "B Bouhanick"
        },
        {
          "name": "D Sigaudo-Roussel"
        },
        {
          "name": "C Demiot"
        },
        {
          "name": "J L Saumet"
        }
      ],
      "host": {
        "title": "Diabetes",
        "author": [],
        "volume": "53"
      }
    },
    {
      "title": "Low skin temperature impairs the cutaneous vasodilator response to local progressive pressure strain",
      "author": [
        {
          "name": "A Kotka"
        },
        {
          "name": "M S Legrand-Fernandez"
        },
        {
          "name": "P Abraham"
        },
        {
          "name": "L Fizanne"
        },
        {
          "name": "B Fromy"
        },
        {
          "name": "D Sigaudo-Roussel"
        },
        {
          "name": "J L Saumet"
        }
      ],
      "host": {
        "title": "Microvasc. Res.",
        "author": [],
        "volume": "67"
      }
    },
    {
      "title": "Low-frequency oscillations of the laser Doppler perfusion signal in human skin",
      "author": [
        {
          "name": "P Kvandal"
        },
        {
          "name": "S A Landsverk"
        },
        {
          "name": "A Bernjak"
        },
        {
          "name": "A Stefanovska"
        },
        {
          "name": "H D Kvernmo"
        },
        {
          "name": "K A Kirkeboen"
        }
      ],
      "host": {
        "title": "Microvasc. Res.",
        "author": [],
        "volume": "72"
      }
    },
    {
      "title": "Effects of acupressure on lower limb blood flow for the treatment of peripheral arterial occlusive diseases",
      "author": [
        {
          "name": "X Li"
        },
        {
          "name": "M Hirokawa"
        },
        {
          "name": "Y Inoue"
        },
        {
          "name": "N Sugano"
        },
        {
          "name": "S Qian"
        },
        {
          "name": "T Iwai"
        }
      ],
      "host": {
        "title": "Surg. Today",
        "author": [],
        "volume": "37"
      }
    },
    {
      "title": "Effects of prolonged surface pressure on the skin blood flowmotions in anaesthetized ratsan assessment by spectral analysis of laser Doppler flowmetry signals",
      "author": [
        {
          "name": "Z Li"
        },
        {
          "name": "E W Tam"
        },
        {
          "name": "M P Kwan"
        },
        {
          "name": "A F Mak"
        },
        {
          "name": "S C Lo"
        },
        {
          "name": "M C Leung"
        }
      ],
      "host": {
        "title": "Phys. Med. Biol.",
        "author": [],
        "volume": "51"
      }
    },
    {
      "title": "Changed skin blood perfusion in the fingertip following acupuncture needle introduction as evaluated by laser Doppler perfusion imaging",
      "author": [
        {
          "name": "G Litscher"
        },
        {
          "name": "L Wang"
        },
        {
          "name": "E Huber"
        },
        {
          "name": "G Nilsson"
        }
      ],
      "host": {
        "title": "Laser Med. Sci.",
        "author": [],
        "volume": "17"
      }
    },
    {
      "title": "Compressed air massage hastens healing of the diabetic foot",
      "author": [
        {
          "name": "M Mars"
        },
        {
          "name": "Y Desai"
        },
        {
          "name": "M A Gregory"
        }
      ],
      "host": {
        "title": "Diabetes Technol. Ther.",
        "author": [],
        "volume": "10"
      }
    },
    {
      "title": "Cellular mechanisms involved in the vascular myogenic response",
      "author": [
        {
          "name": "G A Meininger"
        },
        {
          "name": "M J Davis"
        }
      ],
      "host": {
        "title": "Am. J. Physiol.",
        "author": [],
        "volume": "263"
      }
    }
  ],
  "fulltext": "IOP PUBLISHING  PHYSIOLOGICAL MEASUREMENT  Physiol. Meas. 29 (2008) 1421–1434  doi:10.1088/0967-3334/29/12/006  Microcirculatory effect of different skin contacting pressures around the blood pressure Hsin Hsiu1,5 , Wei-Chen Hsu2, Shu-Ling Chang1, Chia-Liang Hsu1, Shih-Ming Huang1 and Yuh-Ying Wang Lin3,4 1 Department of Electrical Engineering, Yuan Ze University, No 135, Rd Yuan-Tung, Taoyuan, Taiwan, Republic of China 2 Taipei City Hospital RenAi Branch, Taipei, Taiwan, Republic of China 3 Biophysics Lab, Institute of Physics, Academia Sinica, Taipei, Taiwan, Republic of China 4 Department of Physics, National Taiwan Normal University, Taipei, Taiwan, Republic of China  E-mail: hhsiu@saturn.yzu.edu.tw  Received 28 August 2008, accepted for publication 10 October 2008 Published 30 October 2008 Online at stacks.iop.org/PM/29/1421 Abstract We used laser Doppler ﬂowmetry (LDF) and spectrum analysis to investigate the microcirculatory responses to pressure stimulation (PS) of the skin surface. A control group without PS applied, and four groups with different PS (20, 60, 100 and 160 mmHg in groups PS20, PS60, PS100 and PS160, respectively) were formed from seven volunteers. Each experiment involved recording a 20 min baseline and two effect data recorded at 0–20 and 50–70 min after stopping PS. The relative energy contribution (REC) in ﬁve frequency bands revealed by Morlet-wavelet transformation was calculated. At the pressed site, the dc component of the ﬂux signal in the second effect increased signiﬁcantly only in group PS60 compared with the control values. The REC was signiﬁcantly increased in a myogenic-related band in groups PS60, PS100 and PS160, and was signiﬁcantly decreased in a nerve-related band only in group PS160. Different PS magnitudes compress vessels to different extents. The proposed vesselpressing model—which is supported by the results of spectral analysis of ﬂux signals—might help to elucidate the underlying mechanism. The study results indicate that an improved perfusion was sustained for the longest time when applying 60 mmHg PS. This might aid the development of techniques for improving skin microcirculatory perfusion. Keywords: contacting pressure, laser Doppler, microcirculation, wavelet (Some ﬁgures in this article are in colour only in the electronic version)  5  Author to whom any correspondence should be addressed.  0967-3334/08/121421+14$30.00  © 2008 Institute of Physics and Engineering in Medicine  Printed in the UK  1421  1422  H Hsiu et al  Introduction It has been proposed that applying local pressure to the skin can signiﬁcantly alter the cutaneous microcirculatory perfusion. Applying pressure changes to the skin with magnitudes lower than the range of noxious stimulation can produce a local vasodilator response and a transient increase in skin blood ﬂow (SBF) (Abraham et al 2001, Humeau et al 2004a). The PIV (pressure-induced vasodilation) response has been suggested to be an important physiological pathway for the peripheral vascular bed (PVB) to respond to mechanical stimuli by delaying the occurrence of ischemia and thereby preventing the development of pressure-associated lesions (Abraham et al 2001, Humeau et al 2004b). PIV can be absent at the foot in type-1 diabetes patients, possibly due to impaired afferent neural function and endothelial dysfunction (Ko¨tka et al 2004a). The mediators suggested as being involved in the efferent pathway of PIV ı include calcitonin-gene-related peptide (CGRP), prostaglandins and endothelial NO (Fromy et al 2000), but PIV is still not entirely understood. Massage employs local pressure as a stimulus and is known as a useful therapeutic modality with many physiological beneﬁts, including improving the healing of soft tissues, reducing stress and chronic pain, and preventing adherent scar formation after surgery (Li et al 2007). There are many types of massage, including acupressure (Felhendler and Lisander 1999, Li et al 2007) and compressed-air massage (Mars et al 2008). Pressure applied to acupoints can signiﬁcantly inﬂuence the heart rate (HR) and blood pressure (BP) (Mars et al 2008), and enhance blood ﬂow in the lower limbs of patients with peripheral arterial occlusive disease (Li et al 2007). Laser Doppler ﬂowmetry (LDF) has increasingly been used for the noninvasive, continuous and online monitoring of the microcirculation. Spectral analysis of LDF signals reveals blood ﬂow oscillations at frequencies of 0.01–2.0 Hz, which might reﬂect various physiological rhythms such as the respiration, the intrinsic myogenic activity of vascular smooth muscle, the neurogenic activity of the vessel wall and the vascular endothelium (Bernardi et al 1989, Kvandal et al 2006). This could be useful as a noninvasive method for studying the mechanism of microcirculatory regulation underlying the responses to various types of stimulation. This study used LDF measurements and spectrum analysis to investigate the microcirculatory responses to contacting pressures exerted on the skin surface at Hoku (Li4), which is an important acupuncture point in oriental medicine. Following PS, the SBF signals were simultaneously recorded at Hoku, one nearby nonacupoint, and Tai-Tsih (K3), an acupoint on the ankle. The four pressures around the normal BP applied to the skin surface at the Hoku acupoint were 20, 60, 100 and 160 mmHg, corresponding to much smaller than normal diastolic BP (DBP), around the normal DBP, between normal DBP and normal systolic BP (SBP), and much larger than normal SBP, respectively. Based on the ﬂux responses and spectra obtained in this study, a vessel-pressing model (VPM) was proposed for the relation between the different effects induced by different applied contacting pressures around the normal BP and to explain the mechanism underlying the microcirculatory responses following PS. Materials and methods Experimental setup and data acquisition The experimental setup is detailed in our previous reports (Hsiu et al 2007, 2008a, 2008b). Subjects included seven male healthy volunteers aged 23–37 years without signs or symptoms  Contacting pressure and microcirculation  1423  Figure 1. Locations of measurement sites on the left hand. Measurement sites: ‘O’, Hoku acupoint (site 1; the pressed site); ‘X’, nearby nonacupoint (site 2); and ‘ ’, location of the thermistor.  of cardiovascular or neurological disease. The subjects were lightly clothed, supine, and were allowed to stabilize for at least 20 min before commencing recording. The environmental temperature was within the thermoneutral range (23–25 ◦ C) during the entire measuring period. Each volunteer gave informed consent before entering the study. Tea, coffee, alcohol and smoking were forbidden on the previous day. All subjects were asked to not take any medication for 3 days before experiments, and did not consume food or take exercise for at least 1 h before each experiment. ECG signals as measured by surface electrodes were acquired by a preampliﬁer (lead II, RA-LL; 6600-series, Gould, USA), and LDF (MBF3, Moor Instruments, UK) was used to simultaneously measure the microcirculatory ﬂux at a sampling frequency of 40 Hz. The measuring sites of the LDF probe were Hoku (site 1), one nonacupoint halfway between Hoku and Yang-Tsih (Li5) (site 2; see ﬁgure 1), and another acupoint (Tai-Tsih, faraway at the ankle in order to minimize the local microcirculatory effect by PS) (site 3) for comparison. Both ECG and LDF signals were sampled by an analog-to-digital converter card (PCI-9111DG, Adlink Technology, Taiwan) operating at 1024 Hz. A high sampling rate was used to ensure that sufﬁcient data were obtained to determine the proﬁle of each pulse and to accurately determine the locations of ECG R peaks. The apparatus used to apply pressure stimulation (PS) is shown in ﬁgure 2. Experiments were performed in four groups (PS20, PS60, PS100 and PS160) in which PS at 20, 60, 100 and 160 mmHg was applied, respectively (67 experiments in total; n = 14, 17, 19 and 17, respectively; 2–4 experiments for each volunteer in each group). Measurements were made with the subject supine on a couch. Each experiment involved making the following microcirculation measurements (MMs): 20 min MM (baseline period) recorded prior to PS, after which different contacting PS was applied to the skin surface at site 1 for 20 min. MM was then performed from 0 to 20 min (the ﬁrst effect) and from 50 to 70 min (the second effect) after stopping PS. The measurement time of 20 min was chosen to ensure that all the frequencies of interest could be evaluated accurately. We used a sphygmomanometer (MediGuard 150i, Rossmax) to measure the HR, SBP and DBP of the subject before the control and after the second-effect period. The two assessments of each subject were separated by at least 3 days in order to prevent the inﬂuence of residual effects. For comparison, a control experiment in which PS was not applied was performed for the same three 20 min MMs as in the PS experiments on the seven volunteers (n = 12).  H Hsiu et al  1424  Figure 2. Apparatus for applying PS. The spring inside the apparatus was compressed to speciﬁc lengths to provide different precalibrated forces that were applied to the skin surface with a contacting area of around 3.1 cm2.  A thermistor was attached to the skin surface to monitor the skin-surface temperature near site 1 (see ﬁgure 1). The resistance of the thermistor was transformed into voltage using a custom-made circuit, which was also sampled by the analog-to-digital converter card. The baseline temperature was 31.2 ± 1.2 ◦ C (mean ± SD), and the temperature stability during the baseline period was considered acceptable when the variation was less than 1.0 ◦ C during a recording session. The temperature change between before and after the entire procedure was −1.2 ± 1.1 ◦ C. Signal analysis The mean, SD and coefﬁcient of variance (CV, SD/mean) of the HR were calculated in each sequence. In order to ensure that subjects were physiologically stable, the chosen baselinedata sequences had to satisfy the following criteria: (1) CV of the HR less than 10%, (2) DBP more than 60 mmHg, (3) SBP less than 130 mmHg and (4) variations in LDF ﬂux signals less than 25% (Hsiu et al 2008a). For the LDF signal, several parameters were calculated to elucidate the microcirculatory effects induced by PS. DCﬂux (the dc component of the ﬂux) was deﬁned as the average value of the laser Doppler ﬂux signals during each 20 min MM. When determining the amplitude of the pulsatile LDF waveform, the LDF signal was ﬁltered by a digital 11th-order high-pass  Contacting pressure and microcirculation  1425  Chebyshev ﬁlter with a cut-off frequency of 0.01 Hz to eliminate the baseline drift. The two neighboring R peaks of the ECG signal were used to identify the cut points of each pulse in the LDF signals to deﬁne each pulse of the microcirculatory ﬂux. The amplitude of each pulse was calculated as the difference between the maximum and minimum ﬂux signals within each pulse, and AmpCV was deﬁned as the CV of the 20 min amplitude sequence. Oscillations of the microvascular blood perfusion signal can be separated into different components by spectral analysis. Wavelet transform with a Morlet mother function was applied to the measured LDF signals to improve the low-frequency resolution. Periodic oscillations with ﬁve characteristic frequency peaks were observed from 0.0095 to 1.6 Hz. The positions of these peaks were within the frequency bands 0.0095–0.02, 0.02–0.06, 0.06–0.15, 0.15–0.4 and 0.4–1.6 Hz, deﬁned as ULF (ultra low frequency), VLF (very low frequency), LF (low frequency), HF (high frequency) and VHF (very high frequency), respectively; these are suggested to be inﬂuenced by the endothelial activity of the vessel wall, the neurogenic activity of the vessel wall, the intrinsic myogenic activity of vascular smooth muscle, the respiration and the heartbeat, respectively (Bernardi et al 1989, Humeau et al 2004a, Kvandal et al 2006). The energy density within each frequency band was calculated, and the relative energy contribution (REC) in each frequency band was deﬁned as the ratio between the total energy density in that frequency and the total energy density of the entire spectrum from 0.0095 to 1.6 Hz (Bernardi et al 1989, Kvandal et al 2006). All signal processing was performed with MATLAB (MathWorks, Natick, MA) and SPSS. Differences were considered signiﬁcant when p < 0.05.  Results Typical measured ECG and LDF waveforms are shown in ﬁgure 3, and the basic physiological parameters (HR, SBP and DBP) are shown in ﬁgure 4. Following PS, there were no signiﬁcant changes between their pre- and post-measurement values except for an increased SBP in group PS160 (p < 0.05 by a two-tailed paired t-test). Typical average time-domain changes in the averaged ﬂux within each minute are shown in ﬁgure 5. In groups PS100 and PS160, the ﬂux peaked within 1 min, and then decreased back to the baseline value. Relative changes in DCﬂux compared with the baseline value for the control and four PS groups are shown in ﬁgure 6. There were no signiﬁcant changes during the entire measurement procedure in the control group or group PS20. Compared with the ﬁrst effect in the control experiment at site 1, DCﬂux increased signiﬁcantly for the ﬁrst effect in groups PS60, PS100 and PS160. For the second effect at site 1, DCﬂux increased signiﬁcantly only in group PS60. There were no signiﬁcant changes in DCﬂux at the other two measurement sites in all four PS groups. The absence of signiﬁcant changes in DCﬂux at site 3 indicated that the physiological condition was stable throughout the procedure. By performing two-way Tukey HSD ANOVA on the ﬁrst and second effects of DCﬂux at site 1, the interaction effects between different subjects and different PS are both non-signiﬁcant (p 0.15). Figure 7 reveals that AmpCV at site 1 was not signiﬁcantly changed in group PS20, but was signiﬁcantly increased during the ﬁrst effect in groups PS60, PS100 and PS160. Changes in the spectra of the LDF signal at the three measurement sites are compared in ﬁgure 8. At Hoku, the REC was signiﬁcantly higher than the baseline value in LF in groups PS60, PS100 and PS160, and was signiﬁcantly lower in VLF in group PS160. There were no signiﬁcant changes in group PS20.  H Hsiu et al  1426  (a)  (b)  Figure 3. Typical baseline time-domain waveforms measured at site 1. The upper and lower panels show 10 s of ECG data and 1 min of recorded LDF waveforms in the control period, respectively. There were no signiﬁcant baseline ﬂuctuations in these waveforms.  Discussion Flux response and VPM Applying a contacting pressure to the skin surface induces PIV to increase blood ﬂow and bring physiological beneﬁts such as delaying the occurrence of ischemia and improving the healing of soft tissues (Humeau et al 2004a, Li et al 2007). Prolonged compression of vascular soft tissues is an important mechanical cause of the onset of tissue breakdown in the skin (Bader et al 1986, Li et al 2006). Lying in a hospital bed generates skin-to-bed pressures of 55– 95 mmHg, which might be sufﬁcient to produce local capillary occlusion or ischemia (Ko¨tka ı et al 2004b). In the present study, we quantitatively investigated the effects of different contacting pressures on the blood ﬂow, and attempted to improve the understanding of the underlying mechanism. The following VPM represents an attempt to explain the mechanism underlying different ﬂux responses: exerting a contact pressure on the skin surface transmits a pressure through tissue onto the walls of vessels in the PVB, which acts against the BP inside these vessels. Compression of these vessels by different pressure magnitudes induces different deformations, and thus different subsequent microcirculatory autoregulatory activities and different ﬂux responses. When a pressure of 20 mmHg was applied to the skin surface at site 1 (group PS20), DCﬂux did not differ signiﬁcantly from the control value. Moreover, group PS20 was the  Contacting pressure and microcirculation  1427  Figure 4. Measured HR, SBP and DBP values. Data are mean and SD values. The values for before and after the entire procedure are indicated by ‘pre’ and ‘post’, respectively: (a) SBP, (b) DBP and (c) HR. ‘∗’ indicates p < 0.05 between values obtained before and after the entire procedure by a two-tailed paired t-test. Only the SBP in group PS160 changed signiﬁcantly between before and after the entire procedure.  only one of the four groups in which there were no signiﬁcant changes in AmpCV throughout the experiment. It has been suggested that the microcirculatory ﬂow can be driven into the  H Hsiu et al  1428  (a)  (b)  (c)  (d)  Figure 5. Time-domain changes in averaged LDF signals in each minute during the ﬁrst effect at the pressed site (site 1). Data (mean and SD values) are normalized to the average DCﬂux during the 20 min baseline sequence. (a)–(d) Groups PS20, PS60, PS100 and PS160, respectively. In groups PS100 and PS160, the ﬂux peaked within 1 min, and then decreased back to the baseline value.  Contacting pressure and microcirculation  1429  R  (a)  R  (b)  R  (c)  Figure 6. Comparison of DCﬂux following PS. Data (mean and SD values) are normalized to the average DCﬂux during the 20 min baseline sequence. (a)–(c) Sites 1–3, respectively. ‘∗’ indicates p < 0.05 compared with the corresponding control values by a two-tailed t-test.  H Hsiu et al  R  1430  Figure 7. Comparison of AmpCV following PS at site 1. Data (mean and SD values) are normalized to the average AmpCV during the 20 min baseline sequence. ‘∗’ and ‘∗∗’ indicate p < 0.05 and p < 0.01, respectively, compared with the baseline value by a two-tailed paired t-test. The AmpCV increased signiﬁcantly during the ﬁrst effect in groups PS60, PS100 and PS160.  capillaries through precapillary openings on the arteriole walls by the propelling force of the pulse pressure (PP) generated by the heartbeat and transmitted along the artery (Chao et al 2006, Jan et al 2000), and hence the unchanged AmpCV in our experiments suggested that there was no prominent change to the arteriolar openings. According to the proposed VPM, applying such a contacting pressure at a magnitude much smaller than the normal DBP (as in group PS20) compresses the vessel only to a small extent, and hence the blood ﬂow is not prominently hindered, there is less autoregulation at the terminal vessel, and the ﬂux is not signiﬁcantly changed. Group PS60 (with an applied contacting pressure of 60 mmHg) was the only one of the four groups in which a signiﬁcantly improved DCﬂux was sustained to the second effect. This suggests that applying a contacting pressure at around this magnitude for 20 min would help to improve the microcirculatory perfusion, and hence the physiological beneﬁts stated above would be longer lasting and more effective. Moreover, AmpCV started to signiﬁcantly increase in this group, indicating that applying pressure larger than the minimal value of BP inside the vessel (around the normal DBP) compresses the vessel more, with the prominence of the autoregulation activity at the PVB also increasing. However, the smaller applied pressure in group PS60 than in groups PS100 and PS160 resulted in a smaller overshoot of the ﬂux response (post-occlusive reactive hyperemia response), and the long-term improved ﬂux induced by PIV in the second effect was not suppressed. The larger applied pressure in groups PS100 and PS160 resulted in an overshoot in DCﬂux during the ﬁrst minute after removing the applied pressure, with this being larger in group PS160 than in group PS100. Thereafter DCﬂux decreased gradually, ﬁnally during the second effect reaching a value that did not differ signiﬁcantly from the control value. The microcirculatory improvement in ﬂux was sustained for a shorter time, indicating that the physiological beneﬁt was less in these two groups than in group PS60. Based on the VPM, when a contacting pressure larger than the DBP is applied (as in groups PS100 and PS160), the pulsation of the arterial wall can be conﬁned due to the  Contacting pressure and microcirculation  1431  R  R  R  (a)  R  R  R  (b)  R  R  R  R  R  (c)  R  (d)  Figure 8. Changes in the REC in each band in the LDF spectrum at the three measurement sites. (a)–(d) Groups PS20, PS60, PS100 and PS160, respectively. The REC in each frequency band was deﬁned as [(total energy density at that frequency band)/(total energy density of the entire spectrum from 0.0095 to 1.6 Hz)]. ‘∗’ indicates p < 0.05 compared with the baseline value by repeated measures Dunnett ANOVA. At Hoku, the REC was signiﬁcantly increased in LF in groups PS60, PS100 and PS160, and was signiﬁcantly decreased in VLF in group PS160.  1432  H Hsiu et al  counteraction between the BP and the applied PS on the vessel wall. This can alter the transmission efﬁciency of the arterial pulse wave so as to lower the efﬁciency with which the microcirculatory ﬂow is driven into the capillaries through precapillary openings by the propelling force of the PP. Moreover, since the vessel is compressed more by a larger applied pressure, its diameter decreases more, which also hinders the blood ﬂow more. The increased microcirculatory resistance induces larger transient autoregulatory activities to respond to the abrupt hemodynamic change, and hence leads to a larger overshoot in the ﬂux. Moreover, group PS160 was the only group in which the SBP increased signiﬁcantly compared to the control value, and exhibited the largest increase in AmpCV among the four groups. This also supports the VPM conjecture that the larger applied pressure in group PS160 exerts the largest autoregulatory effects on precapillary openings, leading to the largest variation in the pulse part of the ﬂux and hence the most prominent adjustment in the SBP. Spectral analysis Both the magnitude and frequency of vasomotion can be modulated by pressure (Achakri et al 1995), which has prompted the application of wavelet analysis to ﬂux signals for evaluating microvascular control mechanisms (Bernardi et al 1989, Humeau et al 2004a, Kvandal et al 2006). The results of wavelet analysis in the present study further support the conjecture of the VPM, and help to reveal the underlying autoregulatory response. In group PS20 there were no signiﬁcant changes in the REC in any band (as shown in ﬁgure 8), implying the absence of prominent effects of this applied contacting pressure. The application of larger pressures in the other groups signiﬁcantly increased the REC in LF. LF is believed to correspond to the most important frequency range for myogenic responses of local microvascular beds in humans (Bernardi et al 1989, Humeau et al 2004a). Local myogenic control is considered to be independent of neural or humoral inﬂuences, and has been associated with the application of mechanical force to vascular smooth-muscle cells (Meininger and Davis 1992). The applied pressure might generate stress and deformation of underlying arterioles and affect the wall stress of the arteriolar smooth-muscle layer (Bader et al 1986, Li et al 2006). The increased REC in LF in the present study indicated that applying PS resulted in the myogenic activity contributing more to the regulation of blood perfusion. This is possibly due to narrowed vessels during PS hindering the blood ﬂow, increasing the prominence of the myogenic response in an attempt to restore the microcirculatory perfusion. Wavelet analysis of the data for group PS160, with an even larger applied pressure, revealed that the REC in VLF was also signiﬁcantly decreased. This is believed to correspond to sympathetic modulation of vasomotor activity at the local microvascular beds in humans (Bernardi et al 1989, Humeau et al 2004a, Kvandal et al 2006). Therefore, this result illustrated that one of the important mechanisms underlying the ﬂux response to the application of contact pressure that is much larger than the normal SBP is local vessel dilation induced by decreased sympathetic nerve activity (SNA). Such a change in the SNA can increase the speed of microcirculatory autoregulation and affect the response to the larger applied contacting pressure that compresses the vessel and hinders the ﬂow more prominently. The change in the SNA has been noted to be an important mechanism underlying the improved ﬂux response induced by the application of various types of stimulation, including local heating (Freccero et al 2003, Ko¨tka et al 2004b) and acupuncture (Jansen et al 1989, ı Litscher et al 2002). It has also been shown that massage can facilitate healing through a local increase in SBF, perhaps through sympathetic inhibition (Mars et al 2008). Understanding the mechanism underlying the relationship between PS and these types of stimulation could aid the development of methods for improving microcirculatory perfusion.  Contacting pressure and microcirculation  1433  Li noted that the application of 100 mmHg PS to the skin surface of rats signiﬁcantly decreased the REC in both ULF and LF (Li et al 2006), which differs from the results for group PS100 in the present study. This contradiction might be due to the use of different durations of PS: 20 min in this study and 6 h/day on four consecutive days in Li’s study. Their much longer compression time would have a greater effect on skin perfusion, possibly inducing endothelial damage and changes in endothelial-related metabolic activities. However, the 20 min of excitation used in the present study might be too short to cancel the PIV effect. Another possible reason for the discrepancy is the use of different measurement sites that have differing underlying PVB structures. In conclusion, this study investigated the effects on SBF of applying PS with four different contacting pressures at around the normal BP. The extent of vessel compression appears to differ with the applied PS, and a VPM has been proposed for the relation between microcirculatory autoregulatory activities and ﬂux responses. The results from the spectral analysis—which facilitates a noninvasive method for evaluating microcirculatory autoregulatory activities at the PVB—support the VPM conjecture. We found that the increased ﬂux was sustained for the longest time with 20 min 60 mmHg PS (group PS60), and hence this might be optimal for improving skin microcirculatory perfusion.  Acknowledgment The authors would like to thank the National Science Council for partial support of this work.  References Abraham P, Fromy B, Merzeau S, Jardel A and Saumet J L 2001 Dynamics of local pressure-induced cutaneous vasodilation in the human hand Microvasc. Res. 61 122–9 Achakri H, Stergiopulos N, Hoogerwerf N, Hayoz D, Brunner H R and Meister J J 1995 Intraluminal pressure modulates the magnitude and the frequency of induced vasomotion in rat arteries J. Vasc. Res. 32 237–46 Bader D L, Barnhill R L and Ryan T J 1986 Effect of externally applied skin surface forces on tissue vasculature Arch. Phys. Med. Rehabil. 67 807–11 Bernardi L, Rossi M, Fratino P, Finardi G, Mevio E and Orlandi C 1989 Relationship between phasic changes in human skin blood ﬂow and autonomic tone Microvasc. Res. 37 16–27 Chao P T, Jan M Y, Hsiu H, Hsu T L, Wang W K and Wang Lin Y Y 2006 Evaluating microcirculation by pulsatile laser Doppler signal Phys. Med. Biol. 51 845–54 Felhendler D and Lisander B 1999 Effects of non-invasive stimulation of acupoints on the cardiovascular system Complement Ther. Med. 7 231–4 Freccero C, Holmlund F, Bornmyr S, Castenfors J, Johansson A M, Sundkvist G, Svensson H and Wollmer P 2003 Laser Doppler perfusion monitoring of skin blood ﬂow at different depths in ﬁnger and arm upon local heating Microvasc. Res. 66 183–9 Fromy B, Merzeau S, Abraham P and Saumet J L 2000 Mechanisms of the cutaneous vasodilator response to local external pressure application in rats: involvement of CGRP, neurokinins, prostaglandins and NO Br. J. Pharmacol. 131 1161–71 Hsiu H, Hsu C L, Chiang W R, Chao P T, Hsu T L, Jan M Y, Wang W K and Wang Lin Y Y 2008a Relation between R–R interval and the pulsatile microcirculatory ﬂux Physiol. Meas. 29 245–54 Hsiu H, Hsu W C, Huang S M, Hsu C L and Wang Lin Y Y 2008b Spectral analysis of the microcirculatory laser Doppler signal at the Hoku acupoint Laser Med. Sci. doi:10.1007/s10103-008-0569-8 Hsiu H, Huang S M, Chao P T, Jan M Y, Hsu T L, Wang W K and Wang Lin Y Y 2007 Microcirculatory characteristics of acupuncture points obtained by laser Doppler ﬂowmetry Physiol. Meas. 28 N77–86 Humeau A, Fizanne L, Garry A, Saumet J L and L’Huillier J P 2004a Signal processing methodology to study the cutaneous vasodilator response to a local external pressure application detected by laser Doppler ﬂowmetry IEEE Trans. Biomed. Eng. 51 190–2  1434  H Hsiu et al  Humeau A, Ko¨tka A, Abraham P, Saumet J L and L’Huillier J P 2004b Spectral components of laser Doppler ı ﬂowmetry signals recorded in healthy and type 1 diabetic subjects at rest and during a local and progressive cutaneous pressure application: scalogram analyses Phys. Med. Biol. 49 3957–70 Jan M Y, Hsiu H, Hsu T L, Wang Lin Y Y and Wang W K 2000 The importance of pulsatile microcirculation in relation to hypertension IEEE Eng. Med. Biol. 19 106–11 Jansen G, Lundeberg T, Kjartansson J and Samuelson U E 1989 Acupuncture and sensory neuropeptides increase cutaneous blood ﬂow in rats Neurosci. Lett. 97 305–9 Ko¨tka A, Abraham P, Bouhanick B, Sigaudo-Roussel D, Demiot C and Saumet J L 2004a Impaired pressure-induced ı vasodilation at the foot in young adults with type 1 diabetes Diabetes 53 721–5 Ko¨tka A, Legrand-Fernandez M S, Abraham P, Fizanne L, Fromy B, Sigaudo-Roussel D and Saumet J L 2004b ı Low skin temperature impairs the cutaneous vasodilator response to local progressive pressure strain Microvasc. Res. 67 203–6 Kvandal P, Landsverk S A, Bernjak A, Stefanovska A, Kvernmo H D and Kirkeboen K A 2006 Low-frequency oscillations of the laser Doppler perfusion signal in human skin Microvasc. Res. 72 120–7 Li X, Hirokawa M, Inoue Y, Sugano N, Qian S and Iwai T 2007 Effects of acupressure on lower limb blood ﬂow for the treatment of peripheral arterial occlusive diseases Surg. Today 37 103–8 Li Z, Tam E W, Kwan M P, Mak A F, Lo S C and Leung M C 2006 Effects of prolonged surface pressure on the skin blood ﬂowmotions in anaesthetized rats—an assessment by spectral analysis of laser Doppler ﬂowmetry signals Phys. Med. Biol. 51 2681–94 Litscher G, Wang L, Huber E and Nilsson G 2002 Changed skin blood perfusion in the ﬁngertip following acupuncture needle introduction as evaluated by laser Doppler perfusion imaging Laser Med. Sci. 17 19–25 Mars M, Desai Y and Gregory M A 2008 Compressed air massage hastens healing of the diabetic foot Diabetes Technol. Ther. 10 39–45 Meininger G A and Davis M J 1992 Cellular mechanisms involved in the vascular myogenic response Am. J. Physiol. 263 H647–59  "
}