<?xml version="1.0" encoding="UTF-8"?>
<!--Version 0.1 générée le 31-01-2018-->
<TEI xmlns="http://www.tei-c.org/ns/1.0"
     xmlns:xsi="http://www.w3.org/2001/XMLSchema-instance"
     xsi:noNamespaceSchemaLocation="https://istex.github.io/odd-istex/out/istex.xsd"
     xml:lang="en">
   <teiHeader>
      <fileDesc>
         <titleStmt>
            <title level="a" type="main">Glycoprotein Changes in Non-Insulin Dependent Diabetic Rats: Effect 
  of N-Benzoyl-D-Phenylalanine and Metformin</title>
         </titleStmt>
         <publicationStmt>
            <authority>ISTEX</authority>
            <publisher>EDP Sciences</publisher>
            <date when="2006">2006</date>
            <availability>
               <licence>© Société Française de Pharmacologie, 2006</licence>
               <p>Société Française de Pharmacologie</p>
            </availability>
         </publicationStmt>
         <notesStmt>
            <note type="content-type"
                  source="research-article"
                  scheme="https://content-type.data.istex.fr/ark:/67375/XTP-7474895G-0">research-article</note>
            <note type="publication-type"
                  scheme="https://publication-type.data.istex.fr/ark:/67375/JMC-0GLKJH51-B">journal</note>
         </notesStmt>
         <sourceDesc>
            <biblStruct type="article">
               <analytic>
                  <title level="a" type="main" xml:lang="en">Glycoprotein Changes in Non-Insulin Dependent Diabetic Rats: Effect 
  of N-Benzoyl-D-Phenylalanine and Metformin</title>
                  <title level="a" type="alt" xml:lang="fr">Changements des glycoprotéines chez des rats diabétiques non-insulino dépendants : effet de la N-benzoyle-D-phénylalanine et de la 
metformine</title>
                  <author xml:id="author-0000">
                     <persName>
                        <surname>Pari</surname>
                        <forename type="first">Leelavinothan</forename>
                     </persName>
                     <affiliation>
                        <address>
                           <addrLine>Department of Biochemistry, Faculty of Science, Annamalai University, 
Annamalainagar, Tamil Nadu, India</addrLine>
                        </address>
                     </affiliation>
                  </author>
                  <author xml:id="author-0001">
                     <persName>
                        <surname>Ashokkumar</surname>
                        <forename type="first">Natarajan</forename>
                     </persName>
                     <affiliation>
                        <address>
                           <addrLine>Department of Biochemistry, Faculty of Science, Annamalai University, 
Annamalainagar, Tamil Nadu, India</addrLine>
                        </address>
                     </affiliation>
                  </author>
                  <idno type="istex">564C4A18DAE9A3DF11FE5950A95D5880A289534E</idno>
                  <idno type="ark">ark:/67375/80W-L795WPVN-Q</idno>
                  <idno type="DOI">10.2515/therapie:2006022</idno>
                  <idno type="publisher-id">th061399</idno>
               </analytic>
               <monogr>
                  <title level="j" type="main">Thérapie</title>
                  <title level="j" type="abbrev">Thérapie</title>
                  <title level="j" type="publisher-id">therapie</title>
                  <idno type="pISSN">0040-5957</idno>
                  <imprint>
                     <publisher>EDP Sciences</publisher>
                     <date type="Final-Published" when="2007-02-02"/>
                     <date type="Published" when="2006-03"/>
                     <date type="ePublished" when="2007-02-02"/>
                     <biblScope unit="vol">61</biblScope>
                     <biblScope unit="issue">2</biblScope>
                     <biblScope unit="page" from="125">125</biblScope>
                     <biblScope unit="page" to="131">131</biblScope>
                     <biblScope unit="page-count">7</biblScope>
                  </imprint>
               </monogr>
            </biblStruct>
         </sourceDesc>
      </fileDesc>
      <profileDesc>
         <abstract xml:lang="en">
            <p>The effect of N-benzoyl-D-phenylalanine (NBDP) and metformin on neonatal 
streptozotocin (nSTZ) induced diabetes has been studied on plasma and tissue 
glycoproteins. In some pathological conditions, such as cancer, rheumatoid 
arthritis and diabetes, there is an abnormal glycosylation of acute phase 
serum proteins. As most serum proteins are produced in the liver, we have 
examined glycoprotein metabolism in diabetic condition. To induce 
non-insulin-dependent diabetes mellitus (NIDDM) a single dose of 
streptozotocin (100 mg/kg body weight) was injected into two day old rats. 
After 10-12 weeks, rats weighing above 150 g were selected for NIDDM model. 
In these rat, blood glucose and plasma glycoproteins were significantly 
increased whereas plasma insulin was significantly decreased. There was a 
significant decrease in the level of sialic acid and elevated levels of 
hexose, hexosamine and fucose in tissues. Oral administration of NBDP and 
metformin to diabetic rats decreased blood glucose and plasma glycoproteins. 
Plasma insulin and tissue sialic acid were increased whereas tissue 
concentrations of hexose, hexosamine and fucose were near normal. Our study 
suggests that NBDP and metformin possess a significant beneficial effect on 
glycoproteins in addition to their antidiabetic effect.</p>
         </abstract>
         <abstract xml:lang="fr">
            <p>L'effet de la N-benzoyle-D-phénylalanine (NBDP) et de la metformine sur 
le diabète néonatal induit par la streptozotocine (nSTZ) a 
été étudié sur les glycoprotéines du plasma et des 
tissus. Dans certaines conditions pathologiques, telles que le cancer, la 
polyarthrite rhumatoide et le diabète, il existe une glycosylation 
anormale des protéines plasmatiques à la phase aiguë. Comme la 
plupart des protéines sériques sont produites dans le foie, nous 
avons examiné le métabolisme des glycoprotéines lors de 
l'état diabétique. Une injection unique de streptozotocine (100 
mg/kg) à des rats de deux jours provoque un diabète. Après 10-12 
semaines, les rats pesant plus de 150 g ont été choisis pour le 
modèle de diabète non-insulino dépendant. Les concentrations 
plasmatiques des glycoprotéines et la glycémie étaient 
significativement augmentés et l'insulinémie était 
significativement diminuée chez les rats rendus diabétique par la 
nSTZ. Il y avait une diminution significative des concentrations en acide 
sialique et une augmentation des concentrations en hexose, hexosamine et 
fucose dans les tissus. L'administration orale de NBDP et de metformine aux 
rats rendus diabétiques a montré une diminution des taux 
plasmatiques des glycoprotéines et du glucose. Le taux plasmatique de 
l'insuline et les taux tissulaires de l'acide sialique ont été 
augmentés alors que les taux tissulaires d'hexose, d'hexosamine et de 
fucose étaient presque normaux. Notre étude suggère que la NBDP 
et la metformine possèdent un effet bénéfique significatif sur 
les glycoprotéines en plus de leur effet antidiabétique.
 </p>
         </abstract>
         <textClass ana="subject">
            <keywords scheme="section">
               <term>Pharmacologie/Pharmacology</term>
            </keywords>
         </textClass>
         <textClass>
            <keywords xml:lang="en">
               <term>N-benzoyl-D-phenylalanine</term>
               <term>metformin</term>
               <term>glycoproteins</term>
               <term>blood glucose</term>
               <term>
diabetes mellitus</term>
            </keywords>
         </textClass>
         <textClass>
            <keywords xml:lang="fr">
               <term>N-benzoyle-D-phénylalanine</term>
               <term>metformine</term>
               <term>glycoprotéines</term>
               <term>glucose sanguin</term>
               <term>diabète</term>
            </keywords>
         </textClass>
         <langUsage>
            <language ident="en"/>
         </langUsage>
      </profileDesc>
      <revisionDesc>
        <change when="2004-10-08">Received</change>
        <change when="2005-03-29">Accepted</change>
      </revisionDesc>
   </teiHeader>
   <text>
      <body>
         <div>
            <p>P HARMACOLOGY

Thérapie 2006 Mars-Avril; 61 (2): 125–131
DOI: 10.2515/therapie:2006022
c 2006 Société Française de Pharmacologie


Glycoprotein Changes in Non-Insulin
Dependent Diabetic Rats: Eﬀect
of N-Benzoyl-D-Phenylalanine and Metformin
Leelavinothan Pari and Natarajan Ashokkumar
Department of Biochemistry, Faculty of Science, Annamalai University, Annamalainagar, Tamil Nadu, India
Texte reçu le 8 octobre 2004 ; accepté le 29 mars 2005

Keywords:
N-benzoyl-Dphenylalanine;
metformin;
glycoproteins;
blood glucose;
diabetes mellitus

Abstract – The eﬀect of N-benzoyl-D-phenylalanine (NBDP) and metformin on neonatal streptozotocin (nSTZ) induced
diabetes has been studied on plasma and tissue glycoproteins. In some pathological conditions, such as cancer, rheumatoid
arthritis and diabetes, there is an abnormal glycosylation of acute phase serum proteins. As most serum proteins are produced
in the liver, we have examined glycoprotein metabolism in diabetic condition. To induce non-insulin-dependent diabetes
mellitus (NIDDM) a single dose of streptozotocin (100 mg/kg body weight) was injected into two day old rats. After 1012 weeks, rats weighing above 150 g were selected for NIDDM model. In these rat, blood glucose and plasma glycoproteins
were significantly increased whereas plasma insulin was significantly decreased. There was a significant decrease in the level
of sialic acid and elevated levels of hexose, hexosamine and fucose in tissues. Oral administration of NBDP and metformin to
diabetic rats decreased blood glucose and plasma glycoproteins. Plasma insulin and tissue sialic acid were increased whereas
tissue concentrations of hexose, hexosamine and fucose were near normal. Our study suggests that NBDP and metformin
possess a significant beneficial eﬀect on glycoproteins in addition to their antidiabetic eﬀect.

Mots clés :
N-benzoyle-Dphénylalanine ;
metformine ;
glycoprotéines ;
glucose sanguin ;
diabète

Résumé – Changements des glycoprotéines chez des rats diabétiques non-insulino dépendants : eﬀet de la N-benzoyleD-phénylalanine et de la metformine. L’eﬀet de la N-benzoyle-D-phénylalanine (NBDP) et de la metformine sur le diabète
néonatal induit par la streptozotocine (nSTZ) a été étudié sur les glycoprotéines du plasma et des tissus. Dans certaines
conditions pathologiques, telles que le cancer, la polyarthrite rhumatoide et le diabète, il existe une glycosylation anormale
des protéines plasmatiques à la phase aiguë. Comme la plupart des protéines sériques sont produites dans le foie, nous avons
examiné le métabolisme des glycoprotéines lors de l’état diabétique. Une injection unique de streptozotocine (100 mg/kg)
à des rats de deux jours provoque un diabète. Après 10-12 semaines, les rats pesant plus de 150 g ont été choisis pour
le modèle de diabète non-insulino dépendant. Les concentrations plasmatiques des glycoprotéines et la glycémie étaient
significativement augmentés et l’insulinémie était significativement diminuée chez les rats rendus diabétique par la nSTZ. Il
y avait une diminution significative des concentrations en acide sialique et une augmentation des concentrations en hexose,
hexosamine et fucose dans les tissus. L’administration orale de NBDP et de metformine aux rats rendus diabétiques a
montré une diminution des taux plasmatiques des glycoprotéines et du glucose. Le taux plasmatique de l’insuline et les
taux tissulaires de l’acide sialique ont été augmentés alors que les taux tissulaires d’hexose, d’hexosamine et de fucose
étaient presque normaux. Notre étude suggère que la NBDP et la metformine possèdent un eﬀet bénéfique significatif sur les
glycoprotéines en plus de leur eﬀet antidiabétique.

1. Introduction
Diabetes mellitus is a syndrome characterized by chronic
hyperglycemia and disturbance of carbohydrate, fat and protein
metabolism associated with absolute or relative deficiencies in insulin secretion and/or insulin action.[1] Defects in insulin secretion

and insulin action are universally present in type I diabetes and
also type II diabetes in both human patients and animal models.
Glycoproteins are carbohydrate linked protein macromolecules
found in the cell surface, which form the principal components
of animal cells. Abnormal levels of glycoproteins are important in
the pathogenesis of liver and kidney diseases in diabetes. Therapy

Article published by EDP Sciences and available at http://www.journal-therapie.org or http://dx.doi.org/10.2515/therapie:2006022

126

Pari and Ashokkumar

for non-insulin dependent diabetes mellitus presently relies upon
compounds from number of chemical classes: sulfonylureas, nonsulfonylureas, biguanides etc.
Sulfonylurea derivatives are one of the widely used oral hypoglycemic agent for the clinical management of patients with
type II diabetes.[2] However, sulfonylurea derivatives can cause
severe and prolonged hypoglycemia[3] because of their long duration of action and glucose independent action. Furthermore, it was
reported that long-term treatment with sulfonylurea derivatives resulted in pancreas degradation[4] and caused secondary failure in
diabetic patients.
To avoid these eﬀects from sulfonylurea derivatives and
achieve good control of blood glucose in patients with type II diabetes, we have developed non-sulfonylurea drug N-benzoyl-Dphenylalanine. Generally, D-Phenylalanine derivatives are rapidly
absorbed and greatly improve glucose tolerance without causing hyperglycemia. The phenylalanine derivative, N-benzoyl-Dphenylalanine (NBDP), belong to the group of hypoglycemic
agents that induce insulin secretion through the interaction with
sulfonylurea receptor I (SURI) in the plasma membrane of the
pancreatic β-cell.[5] It is chemically and pharmacologically distinct from the sulfonylureas, metformin and repaglinide.[6] The
eﬀect of NBDP in isolated mouse pancreatic islets for their
ability to increase the [Ca2+ ]i oscillation has been reported.[5]
Dimethyl biguanide (metformin) is an orally administered drug
used to lower blood glucose level in patients with non-insulindependent diabetes mellitus (NIDDM). It improves insulin sensitivity and thus decreases the insulin resistance that is prevalent
in NIDDM.[7] The eﬃcacy of glycemic control is similar to that
achieved with sulfonylurea, although their modes of action diﬀer.
Metformin can be used either as initial therapy or as an additional
drug with other antidiabetic agents.[8]
Type II diabetes is progressive, and many patients eventually
need combination treatment with more than one antidiabetic agent
to achieve glycemic control. In light of the above findings, we
investigated the eﬀect of NBDP and metformin in nSTZ rats on
plasma and tissue glycoproteins.

2. Materials and methods
2.1. Animals
Healthy albino Wistar strain rats kept for breeding in the Central Animal House, Rajah Muthiah Medical College, Annamalai
University (India) were used in the present study. The rats were
fed on pellet diet (Hindustan Lever Limited, Mumbai, India) and
water ad libitum. The rats used in the present study were maintained in accordance with the guidelines of the National Institute
c 2006 Société Française de Pharmacologie


of Nutrition, Indian Council of Medical Research, Hyderabad, India. The ethical committee, Annamalai University, approved the
use of rats in the present study (Approval. No; 99,2002).
2.2. Synthesis of N-benzoyl-D-phenylalanine
N-benzoyl-D-phenylalanine was prepared by mixing
equimolar amounts of D-phenylalanine with benzoyl chloride
in the presence of appropriate solution and adopting the general
procedure reported for benzoylation[9] and the structure was
confirmed by Infrared (IR) and 13 C Nuclear Magnetic Resonance
(NMR) spectral studies.
2.3. Drugs and chemicals
All the biochemicals and chemicals used in this experiment
were purchased from Sigma chemical company Inc. (St Louis,
MO, USA). The chemicals were of analytical grade.
2.4. Experimental induction of type II diabetes (NIDDM)
in rats
The model was developed according to the description of
Bonner Weir et al.[10] Wistar rats of either sex, aged 48 ± 2 hour,
were injected with streptozotocin in citrate buﬀer (pH = 4.5) at a
dose of 100 mg/kg body weight by the intraperitoneal (i.p.) route.
After 10-12 weeks, male rats weighing above 150 g were selected
for screening in NIDDM model.
2.5. Experimental procedure
In the experiment, a total of 42 rats (36 diabetic surviving
rats, 6 control rats) were used. The rats were divided into seven
groups of six rats each.
• Group 1: Control rats (Vehicle treated),
• Group 2: Diabetic control rats,
• Group 3: Diabetic rats given NBDP 50 mg/kg body
weight/day in 1ml of 0.5% methylcellulose suspension by
orally for 6 weeks,[11]
• Group 4: Diabetic rats given NBDP 100 mg/kg body
weight/day in 1ml of 0.5% methylcellulose suspension by
orally for 6 weeks,
• Group 5: Diabetic rats given NBDP 200 mg/kg body
weight/day in 1ml of 0.5% methylcellulose suspension by
orally for 6 weeks,
• Group 6: Diabetic rats given metformin 500 mg/kg body
weight/day in 1 ml of saline for 6 weeks,[12]
Thérapie 2006 Mars-Avril; 61 (2)

Glycoprotein changes in type 2 diabetes

• Group 7: Diabetic rats given NBDP (100 mg/kg body
weight/day in 1 ml of 0.5% methyl cellulose suspension) and
metformin (500 mg/kg body weight/day in 1 ml of saline) for
6 weeks.
At the end of experimental period, the rats were deprived of food
overnight and blood was collected in a tube containing potassium
oxalate and sodium fluoride for the estimation of blood glucose,
hemoglobin and glycosylated hemoglobin. Plasma was separated
for the assay of insulin. Liver and kidney were dissected out,
washed in ice-cold saline, patted dry and weighed.
2.6. Analytical methods
Glucose level was estimated by O-toluidine method.[13]
Plasma insulin was estimated using enzyme linked immunosorbant assay (ELISA) (Boehringer Mannheim, Mannheim, Germany). Hemoglobin was estimated by the method of Drabkin and
Austin.[14] Glycosylated hemoglobin was estimated by the method
of Sudhakar Nayak and Pattabiraman[15] with modifications according to Bannon.[16] For the estimation of glycoproteins, the tissues were defatted by the method of Folch et al.[17] and the defatted tissues were treated with 0.1N H2 SO4 and hydrolysed at 80 ◦ C
and aliquot was used for sialic acid estimation. To the remaining
solution, 0.1 N NaOH was added. The aliquots were used for fucose, hexose, and hexosamine estimation. Hexose was estimated
by the method of Niebes.[18] Hexosamine by the method of Elson
and Morgan[19] with slight modifications of Niebes.[18] Sialic acid
and fucose were determined by the method of Warren[20] and Deist
and Shuttle.[21]
2.7. Statistical analysis
All the data were expressed as mean ± standard deviation
(SD) of number of experiments (n = 6). The statistical significance
was evaluated by one-way analysis of variance (ANOVA) using
SPSS version 7.5 (SPSS, Cary, NC, USA) and the individual comparison were obtained by Duncans’ Multiple Range Test (DMRT).
Values were considered statistically significant when p &amp;lt; 0.05.[22]

3. Results
Table I and figure 1 shows the level of blood glucose, total
hemoglobin, glycosylated hemoglobin and plasma insulin of different experimental groups. The diabetic rats showed a significant
increase in the level of blood glucose, glycosylated hemoglobin
and significant decrease in the level of total hemoglobin and
c 2006 Société Française de Pharmacologie


127

Table I. Changes in blood glucose, hemoglobin and glycosylated hemoglobin
in control and experimental rats.
Groups

Blood Glucose Hemoglobin Glycosylated
(mg/dl)

(g/dl)

Hemoglobin

90 ± 6a

13 ± 0.82a

0.24 ± 0.02a

235 ± 11b

6 ± 0.39b

0.89 ± 0.05b

± 9c

8 ± 0.44c

0.78 ± 0.06c

Diabetic + NBDP (100 mg/kg)

147 ± 7d

10 ± 0.38d

0.40 ± 0.04d

Diabetic + NBDP (200 mg/kg)

166 ± 10c

9 ± 0.40ce

0.45 ± 0.048e

Diabetic + Metformin (500 mg/kg)

155 ± 9e

9 ± 0.43e

0.46 ± 0.03e

Diabetic + NBDP (100 mg/kg) +

112 ± 8f

11 ± 0.67f

0.33 ± 0.03f

(mg/gHb)
Control
Diabetic control
Diabetic + NBDP (50 mg/kg)

170

Metformin (500 mg/kg)
NBDP: N- Benzoyl-D- Phenylalanine, Hb = hemoglobin.
Values are mean ± standard deviation (SD) for 6 rats in each group.
Values not sharing a common superscript letter differ significantly at p &amp;lt; 0.05
Duncan’s Multiple Range Test (DMRT).

plasma insulin. Oral administration of NBDP significantly reversed the above biochemical changes, but without apparent dose
dependence of the eﬀect of NBDP. NBDP at a dose of 100 mg/kg
body weight showed a highly significant eﬀect compared to 50
and 200 mg/kg body weight. The eﬀect of NBDP at a dose of
100 mg/kg body weight was used for further biochemical analysis. Combined administration of NBDP and metformin was more
eﬀective than either drug alone.
The concentrations of plasma and tissue glycoproteins in control and experimental rats are shown in figures 2, 3 and 4. There
was a significant increase in plasma glycoproteins in diabetic rats.
In liver and kidney of diabetic rats, the concentrations of hexose, hexosamine and fucose were significantly increased while
sialic acid was significantly decreased. Oral administration of
NBDP along with metformin significantly reversed the changes
in plasma, liver and kidney glycoproteins of diabetic rats. The effect of NBDP and metformin combination treatment was better
than either drug alone.

4. Discussion
Diabetes mellitus is often associated with the development
of vascular degenerative complications aﬀecting both large vessels and the microvasculature.[23] Several studies have emphasized
the multiplicity of disturbances aﬀecting the metabolism of carbohydrates, proteins and lipids in diabetes.[24, 25] Carbohydrates
seem to play a central role in the development of chronic diabetic
complications. Indeed, glucose and other reducing sugars participate in one of the major pathogenic mechanisms, i.e., nonenzymatic glycosyation or glycation. Glycation is a non-enzymatic
modification of macromolecules induced by the hyperglycemic
Thérapie 2006 Mars-Avril; 61 (2)

128

Pari and Ashokkumar

CON: control; DC: diabetic control; NBDP: N-Benzoyl-D-Phenylalanine; MET: metformin. Values are mean ± standard deviation (SD). Values
not sharing a common superscript letter diﬀer significantly at p &amp;lt; 0.05 Duncan’s Multiple Range Test (DMRT).
Fig. 1. Effect of NBDP and metformin on plasma insulin in control and experimental rats.

CON: control; DC: diabetic control; NBDP: N-Benzoyl-D-Phenylalanine; MET: metformin. Values are mean ± standard deviation (SD). Values not sharing a common
superscript letter diﬀer significantly at p &amp;lt; 0.05 Duncan’s Multiple Range Test (DMRT).
Fig. 2. Changes in plasma glycoproteins in control and experimental rats.

state during diabetes mellitus. The decreased total hemoglobin
in diabetic rats seems due to increased formation of glycosylated hemoglobin. During diabetes, the excess glucose transport in the blood reacts with hemoglobin to form glycosylated
hemoglobin,[26] which has altered aﬃnity for oxygen and this may
be a factor in tissue anoxia. The glycation of hemoglobin was
found to be significantly increased in diabetic animals and this
increase is directly proportional to fasting blood glucose. Anemia is much more common in type II diabetic patients, potentially contributing to the pathogenesis of diabetic complications.
Hemoglobin was also recorded as a binary outcome for estimating
c 2006 Société Française de Pharmacologie


the risks for anemia.[27] In the present study, the decreased level
of hemoglobin indicates the anemia in nSTZ diabetic rats. Administration of NBDP and metformin to nSTZ diabetic rats significantly increased hemoglobin and significantly decreased glycosylated hemoglobin.
Administration of NBDP and metformin to nSTZ diabetic
rats resulted in a significant increase in the level of plasma insulin.
This clearly shows that NBDP has a better eﬀect on the secretion of insulin from pancreatic β-cells. NBDP may promote insulin secretion by closure of K+ -ATP channels, membrane depolarization and stimulation of Ca2+ influx, an initial key step in
Thérapie 2006 Mars-Avril; 61 (2)

Glycoprotein changes in type 2 diabetes

129

CON: control; DC: diabetic control; NBDP: N-Benzoyl-D-Phenylalanine; MET: metformin. Values are mean ± standard deviation (SD). Values not sharing a common
superscript letter diﬀer significantly at p &amp;lt; 0.05 Duncan’s Multiple Range Test (DMRT).
Fig. 3. Changes in liver glycoproteins in control and experimental rats.

CON: control; DC: diabetic control; NBDP: N-Benzoyl-D-Phenylalanine; MET: metformin. Values are mean ± standard deviation (SD). Values not sharing a common
superscript letter diﬀer significantly at p &amp;lt; 0.05 Duncan’s Multiple Range Test (DMRT).
Fig. 4. Changes in kidney glycoproteins in control and experimental rats.

c 2006 Société Française de Pharmacologie


Thérapie 2006 Mars-Avril; 61 (2)

130

Pari and Ashokkumar

insulin secretion. Metformin reduces fasting plasma glucose by
reducing rate of hepatic glucose production,[28] glycogenolysis[29]
and gluconeogenesis.[30] Combination treatment significantly increased plasma insulin level when compared with either drug
alone.
Several workers have suggested that elevated levels of plasma
glycoproteins in diabetic animals could be a consequence of
abnormal carbohydrate metabolism.[31, 32] Insulin deficiency and
high levels of blood glucose in diabetic condition may result in an
increased synthesis of glycoproteins.[31] This is due to decreased
utilization of glucose by insulin dependent pathways, thereby enhancing the formation of hexose, hexosamine and fucose for the
accumulation of glycoproteins.[33] At the cell surface or inside the
cells, there are also carbohydrates such as fucose and sialic acid
which form specific structures, called glycanic chains, covalently
linked to lipids or proteins. An increase in the biosynthesis or a
decrease in the metabolism of glycoproteins could be related to
the deposition of these material in the basement membrane.[34]
The basement membrane proteins consist of glycoproteins and
basement membrane thickening may be influenced by insulin
deficiency. Thickening of capillary basement membrane is recognized as an accompaniment of poor glycemic control in the
diabetes mellitus.[35, 36] Alterations of those functional glycoconjugates could induce abnormal cellular behavior, as is frequently
described in diabetic micro vascular complications.[37, 38]
In human non-insulin dependent diabetes mellitus (NIDDM),
circulating sialic acid concentration are elevated,[39] suggesting
that there is insulin deficiency. The decrease in the content of
sialic acid in tissues may be due to the utilization for the synthesis of fibronectin, which contains sialic acid residues in the core
structure.[40, 41] The synthesis of fibronectin has also been reported
to increase significantly in various issues of diabetic patients and
animals.[40, 41] Fucose is present in serum and is a normal constituent of glycoproteins, which may be diﬀerentially expressed in
pathological condition. Serum fucose levels have also been shown
to increase in diabetes, particularly bound to the serum proteins
alpha1-antitrypsin, alpha1-acid glycoprotein and hepatoglobin.[42]
Administration of NBDP with metformin to nSTZ diabetic rats
significantly reversed all these changes to near normal levels.

5. Conclusion
In conclusion, the data in our study suggests that N-benzoylD-phenylalanine (NBDP) along with metformin combination
therapy may have beneficial eﬀects in established diabetes mellitus, and it may also enhance insulin action, as evidenced by the
increased level of insulin in nSTZ diabetic rats treated with NBDP
c 2006 Société Française de Pharmacologie


and metformin, which may be responsible for the reversal of glycoprotein changes.

References
1. Manoji K, Chakraborti AS. Release of iron from haemoglobin – A possible
source of free radicals in diabetes mellitus. Ind J Exp Biol 1999; 37: 190-2
2. Groop LC. Sulfonylureas in NIDDM. Diabetes Care 1992; 15: 737-54
3. Ferner RE, Neil HAW. Sulfonylureas and hypoglycemia. Br Med J 1998; 296:
949-50
4. Kawai K, Suzuki S, Murayama Y, et al. Comparison of B-cell function after long-term treatment with insulin, insulin plus gliclazide or gliclazide
in neonatal streptozotocin induced non insulin dependent diabetic rats.
Diabetes Res Clin Pract 1991; 12: 163-72
5. Lenzen S, Peckmen T. Eﬀect of tolbutamide and N-benzoyl-D-phenylalanine
(NBDP) on the regulation of (Ca2+ )i oscillations in mouse pancreatic islets.
Biochem Pharmacol 2001; 62: 923-8
6. Shinkai H, Toi K, Kumashiro I, et al. N-acyl phenylalanine and related compounds. A new class of oral hypoglycemic agents. J Med Chem 1998; 31:
2092-7
7. Bailey CJ. Biguanides and NIDDM. Diabetes Care 1992; 15: 755-72
8. Fonseca V, Rosenstock J, Patwardhan R, et al. Eﬀect of metformin and rosiglitazone combination therapy in patients with type II diabetes mellitus: A
randomized control trial. JAMA 2000; 283: 1695-702
9. Vogel AI. Elementary practical organic chemistry, part 1, second edition. CBS
publishers and distributors, New Delhi, India. 1987. pp 270-1
10. Bonner Weir S, Trent DF, Honey RN, et al. Response of neonatal rat islets
to streptozotocin. Limited β-cell regeneration and hyperglycemia. Diabetes
1981; 30: 64-9
11. Klimes I, Sebokova E, Gasperikova D, et al. Search for extra pancreatic eﬀects
of new oral hypoglycemic agent A-1466: 1. Oral glucose tolerance tests
in normal and hereditary insulin resistant rats. Endocrine Regul 1998; 32:
115-23
12. Soon YY, Tan BKH. Evaluation of the hypoglycemic and antioxidant activities
of Morida oﬃcinalis in streptozotocin induced diabetes rats. Singapore Med
J 2000; 43: 77-85
13. Sasaki T, Matsy S, Sonae A. Eﬀect of acetic acid concentration on the colour
reaction in the O-toluidine boric acid method for blood glucose estimation.
Rinsh Kagaku 1972; 1: 346-53
14. Drabkin DL, Austin JM. Spectrophotometric constants for common
hemoglobin derivatives in human, dog and rabbit blood. J Biol Chem 1932;
98: 719-33
15. Sudhakar Nayak, S, Pattabiraman, TN. A new colorimetric method for the
estimation of glycosylated hemoglobin. Clin Chem Acta 1981; 109: 267-74
16. Bannon P. Eﬀect of pH on the elimination of the labile fraction of glycosylated
haemoglobin. Clin Chem 1982; 28: 2183 [Letter]
17. Folch J, Lees M, Solane SGH. A simple method for isolation and purification
of total lipids from animal tissues. J Biol Chem 1957; 226: 497-509
18. Niebes P. Determination of enzymes and degradation products of glycosaminoglycans metabolism in the serum of healthy and varicose subjects. Clin
Chim Acta 1972; 42: 399-408
19. Elson LA, Morgan WTJ. A colorimetric method for the determination of glucosamine and chondrosamine. Biochem J 1933; 27: 1824-8
20. Warren L .The thiobarbituric acid assay of sialic acids. J Biol Chem 1959; 234:
1971-5
21. Dische Z, Shettles LB. A specific color reaction of methyl pentoses and a spectrophotometric micro method for their determination. J Biol Chem 1948;
175: 596-603
22. Duncan, BD. Multiple range test for correlated and heteroscedastic means.
Biometrics 1957; 13: 359-64
23. Hanssen KF. Blood glucose control and microvascular and macrovascular
complications in diabetes. Diabetes 1997; 46: S101-S103

Thérapie 2006 Mars-Avril; 61 (2)

Glycoprotein changes in type 2 diabetes

24. Vlassara H. Recent progress in advanced glycation end products and diabetic
complications. Diabetes 1997; 46: S19-S25
25. Bollineni JS, Alluru I, Reddi AS. Heparan sulfate proteoglycan synthesis and
its expression are decreased in the retina of diabetic rats. Curr Eye Res 1997;
16(2): 127-30
26. Koenig RJ, Peterson CM. Correlation of glucose regulation and hemoglobin
A1 C in diabetes mellitus. N Engl J Med 1976; 295: 417-20
27. Thomas MC, Macisaac RJ, Tsalamandris C, et al. Unrecognized anemia in
patients with diabetes. Diabetes Care 2003; 26: 1164-9
28. Bailey CJ, Turner RC. Metformin. N Engl J Med 1996; 334: 574-9
29. Cusi K, Consoli A, DeFronzo RA. Metabolic eﬀect of metformin on glucose
and lactate metebolism in non–insulin dependent diabetes mellitus. J Clin
Endocrinol Metab 1996; 81: 4059-67
30. Stumvoll M, Nurjhan N, Periello G, et al. Metabolic eﬀects of metformin in
non–insulin dependent diabetes mellitus. N Engl J Med 1995; 333: 550-4
31. Guillot R, Liassab JP, Ogneva U, et al. Relation between pancreatic islet cellular infiltration and plasma fibrinogen or alpha-1 acid glycoprotein levels
in spontaneously and streptozotocin diabetic rats. An increase in these protein levels is not necessary for inducing microcirculatory and erythrocyte
alteration. Pancreas 1994; 9: 336-43
32. Sekar N, Kanthasamy A, William S, et al. Antioxidant eﬀect of vanadate on
experimental diabetic rats. Acta Diabetol Latina 1990; 27: 149-55
33. Patti ME, Virkamai A, Landaker EJ, et al. Activation of the hexosamine pathway by glucosamine in vivo induces insulin resistance of early post receptor
insulin signalling events in skeletal muscles. Diabetes 1999; 48: 1562-71
34. Youngren JF, Maddux BA, Sasson S, et al. Skeletal muscle content of membrane glycoprotein PC-1 in obesity: relationship to muscle glucose transport. Diabetes 1996; 45: 1324-8

c 2006 Société Française de Pharmacologie


131

35. Williamson JR, Kilo C. Capillary basement membrane in diabetes. Diabetes
1983; 32: 96-100
36. Rasch R, Torﬀucit O, Bachmann S, et al. Glycoprotein in streptozotocin diabetic rats: a study of kidney in situ hybridization, immuno histochemistry
and urinary excretion. Diabetologia 1995; 32: 525-35
37. Balu EB, Haas JE. Glomerular sialic acid and proteinuria in human renal disease. Lab Invest 1973; 28: 477-81
38. Roth T, Podesta F, Stepp MA, et al. Integrin overexpression induced by high
glucose and by human diabetes: potential pathway to cell dysfunction in
diabetic microangiopathy. Proc Natl Acad Sci U S A 1993; 90: 9640-4
39. Crook MA, Tutt P, Pickup JC. Elevated serum sialic acid concentration in
NIDDM and its relationship to blood pressure and retinopathy. Diabetes
Care 1993; 16: 57-60
40. Chen HC, Guh JY, Shin SJ, et al. Pravastatin suppress superoxide and fibronectin production of glomerular mesangial cells induced by oxidizedLDL and high glucose. Altherosclerosis 2002; 160: 141-6
41. Noh H, Ha H, Yu MR, et al. High glucose increases inducible NO production in cultured rat mesangial cells. Possible role in fibronectin production.
Nephron 2002; 90: 78-85
42. McMillan DE. Elevation of glycoprotein fucose in diabetes mellitus. Diabetes
1972; 21: 863-71

Correspondence and oﬀprints: Leelavinothan Pari, Department of Biochemistry, Faculty of Science, Annamalai University, Annamalai Nagar 608 002;
Tamil Nadu, India.
E-mail: paribala@sancharnet.in

Thérapie 2006 Mars-Avril; 61 (2)

</p>
         </div>
      </body>
      <back>
         <div type="references">
            <listBibl>
               <bibl type="journal" xml:id="R1">
		                <persName>
                     <surname>Manoji</surname>
                     <forename type="first">K</forename>
                  </persName>, <persName>
                     <surname>Chakraborti</surname>
                     <forename type="first">AS.</forename>
                  </persName> Release of iron from haemoglobin – A possible source of free radicals in diabetes mellitus. <title level="j">Ind J Exp Biol</title> 
                  <date type="year">1999</date>; <biblScope unit="vol">37</biblScope>: <biblScope unit="page" from="190">190</biblScope>-<biblScope unit="page" to="2">2</biblScope> 
	              </bibl>
               <bibl type="journal" xml:id="R2">
		                <persName>
                     <surname>Groop</surname>
                     <forename type="first">LC.</forename>
                  </persName> Sulfonylureas in NIDDM. <title level="j">Diabetes Care</title> 
                  <date type="year">1992</date>; <biblScope unit="vol">15</biblScope>: <biblScope unit="page" from="737">737</biblScope>-<biblScope unit="page" to="54">54</biblScope> 
	              </bibl>
               <bibl type="journal" xml:id="R3">
		                <persName>
                     <surname>Ferner</surname>
                     <forename type="first">RE</forename>
                  </persName>, <persName>
                     <surname>Neil</surname>
                     <forename type="first">HAW.</forename>
                  </persName> Sulfonylureas and hypoglycemia. <title level="j">Br Med J</title> 
                  <date type="year">1998</date>; <biblScope unit="vol">296</biblScope>: <biblScope unit="page" from="949">949</biblScope>-<biblScope unit="page" to="50">50</biblScope> 
	              </bibl>
               <bibl type="journal" xml:id="R4">
		                <persName>
                     <surname>Kawai</surname>
                     <forename type="first">K</forename>
                  </persName>, <persName>
                     <surname>Suzuki</surname>
                     <forename type="first">S</forename>
                  </persName>, <persName>
                     <surname>Murayama</surname>
                     <forename type="first">Y</forename>
                  </persName>, et al. Comparison of B-cell function after long-term treatment with insulin, insulin plus gliclazide or gliclazide in neonatal streptozotocin induced non insulin dependent diabetic rats. <title level="j">Diabetes Res Clin Pract</title> 
                  <date type="year">1991</date>; <biblScope unit="vol">12</biblScope>: <biblScope unit="page" from="163">163</biblScope>-<biblScope unit="page" to="72">72</biblScope> 
	              </bibl>
               <bibl type="journal" xml:id="R5">
		                <persName>
                     <surname>Lenzen</surname>
                     <forename type="first">S</forename>
                  </persName>, <persName>
                     <surname>Peckmen</surname>
                     <forename type="first">T.</forename>
                  </persName> Effect of tolbutamide and N-benzoyl-D-phenylalanine (NBDP) on the regulation of (Ca<formula notation="TeX" xml:id="tex_eq1" rend="inline">$^{2+})$</formula>i oscillations in mouse pancreatic islets. <title level="j">Biochem Pharmacol</title> 
                  <date type="year">2001</date>; <biblScope unit="vol">62</biblScope>: <biblScope unit="page" from="923">923</biblScope>-<biblScope unit="page" to="8">8</biblScope> 
	              </bibl>
               <bibl type="journal" xml:id="R6">
		                <persName>
                     <surname>Shinkai</surname>
                     <forename type="first">H</forename>
                  </persName>, <persName>
                     <surname>Toi</surname>
                     <forename type="first">K</forename>
                  </persName>, <persName>
                     <surname>Kumashiro</surname>
                     <forename type="first">I</forename>
                  </persName>, et al. N-acyl phenylalanine and related compounds. A new class of oral hypoglycemic agents. <title level="j">J Med Chem</title> 
                  <date type="year">1998</date>; <biblScope unit="vol">31</biblScope>: <biblScope unit="page" from="2092">2092</biblScope>-<biblScope unit="page" to="7">7</biblScope> 
	              </bibl>
               <bibl type="journal" xml:id="R7">
		                <persName>
                     <surname>Bailey</surname>
                     <forename type="first">CJ.</forename>
                  </persName> 
                  <persName>
                     <surname>Biguanides</surname>
                     <forename type="first">NIDDM.</forename>
                  </persName> 
                  <title level="j">Diabetes Care</title> 
                  <date type="year">1992</date>; <biblScope unit="vol">15</biblScope>: <biblScope unit="page" from="755">755</biblScope>-<biblScope unit="page" to="72">72</biblScope> 
	              </bibl>
               <bibl type="journal" xml:id="R8">
		                <persName>
                     <surname>Fonseca</surname>
                     <forename type="first">V</forename>
                  </persName>, <persName>
                     <surname>Rosenstock</surname>
                     <forename type="first">J</forename>
                  </persName>, <persName>
                     <surname>Patwardhan</surname>
                     <forename type="first">R</forename>
                  </persName>, et al. Effect of metformin and rosiglitazone combination therapy in patients with type II diabetes mellitus: A randomized control trial. <title level="j">JAMA</title> 
                  <date type="year">2000</date>; <biblScope unit="vol">283</biblScope>: <biblScope unit="page" from="1695">1695</biblScope>-<biblScope unit="page" to="702">702</biblScope> 
	              </bibl>
               <bibl type="other" xml:id="R9">
		Vogel AI. Elementary practical organic chemistry, part 1, second edition. CBS publishers and distributors, New Delhi, India. 1987. pp 270-1 
	</bibl>
               <bibl type="journal" xml:id="R10">
		                <persName>
                     <surname>Bonner Weir</surname>
                     <forename type="first">S</forename>
                  </persName>, <persName>
                     <surname>Trent</surname>
                     <forename type="first">DF</forename>
                  </persName>, <persName>
                     <surname>Honey</surname>
                     <forename type="first">RN</forename>
                  </persName>, et al. Response of neonatal rat islets to streptozotocin. Limited <formula notation="TeX" xml:id="tex_eq2" rend="inline">$\beta $</formula>-cell regeneration and hyperglycemia. <title level="j">Diabetes</title> 
                  <date type="year">1981</date>; <biblScope unit="vol">30</biblScope>: <biblScope unit="page" from="64">64</biblScope>-<biblScope unit="page" to="9">9</biblScope> 
	              </bibl>
               <bibl type="journal" xml:id="R11">
		                <persName>
                     <surname>Klimes</surname>
                     <forename type="first">I</forename>
                  </persName>, <persName>
                     <surname>Sebokova</surname>
                     <forename type="first">E</forename>
                  </persName>, <persName>
                     <surname>Gasperikova</surname>
                     <forename type="first">D</forename>
                  </persName>, et al. Search for extra pancreatic effects of new oral hypoglycemic agent A-1466: 1. Oral glucose tolerance tests in normal and hereditary insulin resistant rats. <title level="j">Endocrine Regul</title> 
                  <date type="year">1998</date>; <biblScope unit="vol">32</biblScope>: <biblScope unit="page" from="115">115</biblScope>-<biblScope unit="page" to="23">23</biblScope> 
	              </bibl>
               <bibl type="journal" xml:id="R12">
		                <persName>
                     <surname>Soon</surname>
                     <forename type="first">YY</forename>
                  </persName>, <persName>
                     <surname>Tan</surname>
                     <forename type="first">BKH.</forename>
                  </persName> Evaluation of the hypoglycemic and antioxidant activities of Morida officinalis in streptozotocin induced diabetes rats. <title level="j">Singapore Med J</title> 
                  <date type="year">2000</date>; <biblScope unit="vol">43</biblScope>: <biblScope unit="page" from="77">77</biblScope>-<biblScope unit="page" to="85">85</biblScope> 
	              </bibl>
               <bibl type="journal" xml:id="R13">
		                <persName>
                     <surname>Sasaki</surname>
                     <forename type="first">T</forename>
                  </persName>, <persName>
                     <surname>Matsy</surname>
                     <forename type="first">S</forename>
                  </persName>, <persName>
                     <surname>Sonae</surname>
                     <forename type="first">A.</forename>
                  </persName> Effect of acetic acid concentration on the colour reaction in the O-toluidine boric acid method for blood glucose estimation. <title level="j">Rinsh Kagaku</title> 
                  <date type="year">1972</date>; <biblScope unit="vol">1</biblScope>: <biblScope unit="page" from="346">346</biblScope>-<biblScope unit="page" to="53">53</biblScope> 
	              </bibl>
               <bibl type="journal" xml:id="R14">
		                <persName>
                     <surname>Drabkin</surname>
                     <forename type="first">DL</forename>
                  </persName>, <persName>
                     <surname>Austin</surname>
                     <forename type="first">JM.</forename>
                  </persName> Spectrophotometric constants for common hemoglobin derivatives in human, dog and rabbit blood. <title level="j">J Biol Chem</title> 
                  <date type="year">1932</date>; <biblScope unit="vol">98</biblScope>: <biblScope unit="page" from="719">719</biblScope>-<biblScope unit="page" to="33">33</biblScope> 
	              </bibl>
               <bibl type="journal" xml:id="R15">
		                <persName>
                     <surname>Sudhakar Nayak</surname>
                     <forename type="first">S</forename>
                  </persName>, <persName>
                     <surname>Pattabiraman</surname>
                     <forename type="first">TN. A</forename>
                  </persName> new colorimetric method for the estimation of glycosylated hemoglobin. <title level="j">Clin Chem Acta</title> 
                  <date type="year">1981</date>; <biblScope unit="vol">109</biblScope>: <biblScope unit="page" from="267">267</biblScope>-<biblScope unit="page" to="74">74</biblScope> 
	              </bibl>
               <bibl type="journal" xml:id="R16">
		                <persName>
                     <surname>Bannon</surname>
                     <forename type="first">P.</forename>
                  </persName> Effect of pH on the elimination of the labile fraction of glycosylated haemoglobin. <title level="j">Clin Chem</title> 
                  <date type="year">1982</date>; <biblScope unit="vol">28</biblScope>: <biblScope unit="page" from="2183">2183</biblScope> [Letter] 
	</bibl>
               <bibl type="journal" xml:id="R17">
		                <persName>
                     <surname>Folch</surname>
                     <forename type="first">J</forename>
                  </persName>, <persName>
                     <surname>Lees</surname>
                     <forename type="first">M</forename>
                  </persName>, <persName>
                     <surname>Solane</surname>
                     <forename type="first">SGH. A</forename>
                  </persName> simple method for isolation and purification of total lipids from animal tissues. <title level="j">J Biol Chem</title> 
                  <date type="year">1957</date>; <biblScope unit="vol">226</biblScope>: <biblScope unit="page" from="497">497</biblScope>-<biblScope unit="page" to="509">509</biblScope> 
	              </bibl>
               <bibl type="journal" xml:id="R18">
		                <persName>
                     <surname>Niebes</surname>
                     <forename type="first">P.</forename>
                  </persName> Determination of enzymes and degradation products of glycosamino-glycans metabolism in the serum of healthy and varicose subjects. <title level="j">Clin Chim Acta</title> 
                  <date type="year">1972</date>; <biblScope unit="vol">42</biblScope>: <biblScope unit="page" from="399">399</biblScope>-<biblScope unit="page" to="408">408</biblScope> 
	              </bibl>
               <bibl type="journal" xml:id="R19">
		                <persName>
                     <surname>Elson</surname>
                     <forename type="first">LA</forename>
                  </persName>, <persName>
                     <surname>Morgan</surname>
                     <forename type="first">WTJ. A</forename>
                  </persName> colorimetric method for the determination of glucosamine and chondrosamine. <title level="j">Biochem J</title> 
                  <date type="year">1933</date>; <biblScope unit="vol">27</biblScope>: <biblScope unit="page" from="1824">1824</biblScope>-<biblScope unit="page" to="8">8</biblScope> 
	              </bibl>
               <bibl type="other" xml:id="R20">
		Warren L .The thiobarbituric acid assay of sialic acids. J Biol Chem 1959; 234: 1971-5 
	</bibl>
               <bibl type="journal" xml:id="R21">
		                <persName>
                     <surname>Dische</surname>
                     <forename type="first">Z</forename>
                  </persName>, <persName>
                     <surname>Shettles</surname>
                     <forename type="first">LB. A</forename>
                  </persName> specific color reaction of methyl pentoses and a spectrophotometric micro method for their determination. <title level="j">J Biol Chem</title> 
                  <date type="year">1948</date>; <biblScope unit="vol">175</biblScope>: <biblScope unit="page" from="596">596</biblScope>-<biblScope unit="page" to="603">603</biblScope> 
	              </bibl>
               <bibl type="journal" xml:id="R22">
		                <persName>
                     <surname>Duncan</surname>
                     <forename type="first">BD.</forename>
                  </persName> Multiple range test for correlated and heteroscedastic means. <title level="j">Biometrics</title> 
                  <date type="year">1957</date>; <biblScope unit="vol">13</biblScope>: <biblScope unit="page" from="359">359</biblScope>-<biblScope unit="page" to="64">64</biblScope> 
	              </bibl>
               <bibl type="journal" xml:id="R23">
		                <persName>
                     <surname>Hanssen</surname>
                     <forename type="first">KF.</forename>
                  </persName> Blood glucose control and microvascular and macrovascular complications in diabetes. <title level="j">Diabetes</title> 
                  <date type="year">1997</date>; <biblScope unit="vol">46</biblScope>: <biblScope unit="page" from="S101">S101</biblScope>-<biblScope unit="page" to="S103">S103</biblScope> 
	              </bibl>
               <bibl type="journal" xml:id="R24">
		                <persName>
                     <surname>Vlassara</surname>
                     <forename type="first">H.</forename>
                  </persName> Recent progress in advanced glycation end products and diabetic complications. <title level="j">Diabetes</title> 
                  <date type="year">1997</date>; <biblScope unit="vol">46</biblScope>: <biblScope unit="page" from="S19">S19</biblScope>-<biblScope unit="page" to="S25">S25</biblScope> 
	              </bibl>
               <bibl type="other" xml:id="R25">
		Bollineni JS, Alluru I, Reddi AS. Heparan sulfate proteoglycan synthesis and its expression are decreased in the retina of diabetic rats. Curr Eye Res 1997; 16(2): 127-30 
	</bibl>
               <bibl type="journal" xml:id="R26">
		                <persName>
                     <surname>Koenig</surname>
                     <forename type="first">RJ</forename>
                  </persName>, <persName>
                     <surname>Peterson</surname>
                     <forename type="first">CM.</forename>
                  </persName> Correlation of glucose regulation and hemoglobin A1 C in diabetes mellitus. <title level="j">N Engl J Med</title> 
                  <date type="year">1976</date>; <biblScope unit="vol">295</biblScope>: <biblScope unit="page" from="417">417</biblScope>-<biblScope unit="page" to="20">20</biblScope> 
	              </bibl>
               <bibl type="journal" xml:id="R27">
		                <persName>
                     <surname>Thomas</surname>
                     <forename type="first">MC</forename>
                  </persName>, <persName>
                     <surname>Macisaac</surname>
                     <forename type="first">RJ</forename>
                  </persName>, <persName>
                     <surname>Tsalamandris</surname>
                     <forename type="first">C</forename>
                  </persName>, et al. Unrecognized anemia in patients with diabetes. <title level="j">Diabetes Care</title> 
                  <date type="year">2003</date>; <biblScope unit="vol">26</biblScope>: <biblScope unit="page" from="1164">1164</biblScope>-<biblScope unit="page" to="9">9</biblScope> 
	              </bibl>
               <bibl type="journal" xml:id="R28">
		                <persName>
                     <surname>Bailey</surname>
                     <forename type="first">CJ</forename>
                  </persName>, <persName>
                     <surname>Turner</surname>
                     <forename type="first">RC.</forename>
                  </persName> Metformin. <title level="j">N Engl J Med</title> 
                  <date type="year">1996</date>; <biblScope unit="vol">334</biblScope>: <biblScope unit="page" from="574">574</biblScope>-<biblScope unit="page" to="9">9</biblScope> 
	              </bibl>
               <bibl type="journal" xml:id="R29">
		                <persName>
                     <surname>Cusi</surname>
                     <forename type="first">K</forename>
                  </persName>, <persName>
                     <surname>Consoli</surname>
                     <forename type="first">A</forename>
                  </persName>, <persName>
                     <surname>DeFronzo</surname>
                     <forename type="first">RA.</forename>
                  </persName> Metabolic effect of metformin on glucose and lactate metebolism in non–insulin dependent diabetes mellitus. <title level="j">J Clin Endocrinol Metab</title> 
                  <date type="year">1996</date>; <biblScope unit="vol">81</biblScope>: <biblScope unit="page" from="4059">4059</biblScope>-<biblScope unit="page" to="67">67</biblScope> 
	              </bibl>
               <bibl type="journal" xml:id="R30">
		                <persName>
                     <surname>Stumvoll</surname>
                     <forename type="first">M</forename>
                  </persName>, <persName>
                     <surname>Nurjhan</surname>
                     <forename type="first">N</forename>
                  </persName>, <persName>
                     <surname>Periello</surname>
                     <forename type="first">G</forename>
                  </persName>, et al. Metabolic effects of metformin in non–insulin dependent diabetes mellitus. <title level="j">N Engl J Med</title> 
                  <date type="year">1995</date>; <biblScope unit="vol">333</biblScope>: <biblScope unit="page" from="550">550</biblScope>-<biblScope unit="page" to="4">4</biblScope> 
	              </bibl>
               <bibl type="journal" xml:id="R31">
		                <persName>
                     <surname>Guillot</surname>
                     <forename type="first">R</forename>
                  </persName>, <persName>
                     <surname>Liassab</surname>
                     <forename type="first">JP</forename>
                  </persName>, <persName>
                     <surname>Ogneva</surname>
                     <forename type="first">U</forename>
                  </persName>, et al. Relation between pancreatic islet cellular infiltration and plasma fibrinogen or alpha-1 acid glycoprotein levels in spontaneously and streptozotocin diabetic rats. An increase in these protein levels is not necessary for inducing microcirculatory and erythrocyte alteration. <title level="j">Pancreas</title> 
                  <date type="year">1994</date>; <biblScope unit="vol">9</biblScope>: <biblScope unit="page" from="336">336</biblScope>-<biblScope unit="page" to="43">43</biblScope> 
	              </bibl>
               <bibl type="journal" xml:id="R32">
		                <persName>
                     <surname>Sekar</surname>
                     <forename type="first">N</forename>
                  </persName>, <persName>
                     <surname>Kanthasamy</surname>
                     <forename type="first">A</forename>
                  </persName>, <persName>
                     <surname>William</surname>
                     <forename type="first">S</forename>
                  </persName>, et al. Antioxidant effect of vanadate on experimental diabetic rats. <title level="j">Acta Diabetol Latina</title> 
                  <date type="year">1990</date>; <biblScope unit="vol">27</biblScope>: <biblScope unit="page" from="149">149</biblScope>-<biblScope unit="page" to="55">55</biblScope> 
	              </bibl>
               <bibl type="journal" xml:id="R33">
		                <persName>
                     <surname>Patti</surname>
                     <forename type="first">ME</forename>
                  </persName>, <persName>
                     <surname>Virkamai</surname>
                     <forename type="first">A</forename>
                  </persName>, <persName>
                     <surname>Landaker</surname>
                     <forename type="first">EJ</forename>
                  </persName>, et al. Activation of the hexosamine pathway by glucosamine <hi rend="italic">in vivo</hi> induces insulin resistance of early post receptor insulin signalling events in skeletal muscles. <title level="j">Diabetes</title> 
                  <date type="year">1999</date>; <biblScope unit="vol">48</biblScope>: <biblScope unit="page" from="1562">1562</biblScope>-<biblScope unit="page" to="71">71</biblScope> 
	              </bibl>
               <bibl type="journal" xml:id="R34">
		                <persName>
                     <surname>Youngren</surname>
                     <forename type="first">JF</forename>
                  </persName>, <persName>
                     <surname>Maddux</surname>
                     <forename type="first">BA</forename>
                  </persName>, <persName>
                     <surname>Sasson</surname>
                     <forename type="first">S</forename>
                  </persName>, et al. Skeletal muscle content of membrane glycoprotein PC-1 in obesity: relationship to muscle glucose transport. <title level="j">Diabetes</title> 
                  <date type="year">1996</date>; <biblScope unit="vol">45</biblScope>: <biblScope unit="page" from="1324">1324</biblScope>-<biblScope unit="page" to="8">8</biblScope> 
	              </bibl>
               <bibl type="journal" xml:id="R35">
		                <persName>
                     <surname>Williamson</surname>
                     <forename type="first">JR</forename>
                  </persName>, <persName>
                     <surname>Kilo</surname>
                     <forename type="first">C.</forename>
                  </persName> Capillary basement membrane in diabetes. <title level="j">Diabetes</title> 
                  <date type="year">1983</date>; <biblScope unit="vol">32</biblScope>: <biblScope unit="page" from="96">96</biblScope>-<biblScope unit="page" to="100">100</biblScope> 
	              </bibl>
               <bibl type="journal" xml:id="R36">
		                <persName>
                     <surname>Rasch</surname>
                     <forename type="first">R</forename>
                  </persName>, <persName>
                     <surname>Torffucit</surname>
                     <forename type="first">O</forename>
                  </persName>, <persName>
                     <surname>Bachmann</surname>
                     <forename type="first">S</forename>
                  </persName>, et al. Glycoprotein in streptozotocin diabetic rats: a study of kidney in situ hybridization, immuno histochemistry and urinary excretion. <title level="j">Diabetologia</title> 
                  <date type="year">1995</date>; <biblScope unit="vol">32</biblScope>: <biblScope unit="page" from="525">525</biblScope>-<biblScope unit="page" to="35">35</biblScope> 
	              </bibl>
               <bibl type="journal" xml:id="R37">
		                <persName>
                     <surname>Balu</surname>
                     <forename type="first">EB</forename>
                  </persName>, <persName>
                     <surname>Haas</surname>
                     <forename type="first">JE.</forename>
                  </persName> Glomerular sialic acid and proteinuria in human renal disease. <title level="j">Lab Invest</title> 
                  <date type="year">1973</date>; <biblScope unit="vol">28</biblScope>: <biblScope unit="page" from="477">477</biblScope>-<biblScope unit="page" to="81">81</biblScope> 
	              </bibl>
               <bibl type="journal" xml:id="R38">
		                <persName>
                     <surname>Roth</surname>
                     <forename type="first">T</forename>
                  </persName>, <persName>
                     <surname>Podesta</surname>
                     <forename type="first">F</forename>
                  </persName>, <persName>
                     <surname>Stepp</surname>
                     <forename type="first">MA</forename>
                  </persName>, et al. Integrin overexpression induced by high glucose and by human diabetes: potential pathway to cell dysfunction in diabetic microangiopathy. <title level="j">Proc Natl Acad Sci U S A</title> 
                  <date type="year">1993</date>; <biblScope unit="vol">90</biblScope>: <biblScope unit="page" from="9640">9640</biblScope>-<biblScope unit="page" to="4">4</biblScope> 
	              </bibl>
               <bibl type="journal" xml:id="R39">
		                <persName>
                     <surname>Crook</surname>
                     <forename type="first">MA</forename>
                  </persName>, <persName>
                     <surname>Tutt</surname>
                     <forename type="first">P</forename>
                  </persName>, <persName>
                     <surname>Pickup</surname>
                     <forename type="first">JC.</forename>
                  </persName> Elevated serum sialic acid concentration in NIDDM and its relationship to blood pressure and retinopathy. <title level="j">Diabetes Care</title> 
                  <date type="year">1993</date>; <biblScope unit="vol">16</biblScope>: <biblScope unit="page" from="57">57</biblScope>-<biblScope unit="page" to="60">60</biblScope> 
	              </bibl>
               <bibl type="journal" xml:id="R40">
		                <persName>
                     <surname>Chen</surname>
                     <forename type="first">HC</forename>
                  </persName>, <persName>
                     <surname>Guh</surname>
                     <forename type="first">JY</forename>
                  </persName>, <persName>
                     <surname>Shin</surname>
                     <forename type="first">SJ</forename>
                  </persName>, et al. Pravastatin suppress superoxide and fibronectin production of glomerular mesangial cells induced by oxidized-LDL and high glucose. <title level="j">Altherosclerosis</title> 
                  <date type="year">2002</date>; <biblScope unit="vol">160</biblScope>: <biblScope unit="page" from="141">141</biblScope>-<biblScope unit="page" to="6">6</biblScope> 
	              </bibl>
               <bibl type="journal" xml:id="R41">
		                <persName>
                     <surname>Noh</surname>
                     <forename type="first">H</forename>
                  </persName>, <persName>
                     <surname>Ha</surname>
                     <forename type="first">H</forename>
                  </persName>, <persName>
                     <surname>Yu</surname>
                     <forename type="first">MR</forename>
                  </persName>, et al. High glucose increases inducible NO production in cultured rat mesangial cells. Possible role in fibronectin production. <title level="j">Nephron</title> 
                  <date type="year">2002</date>; <biblScope unit="vol">90</biblScope>: <biblScope unit="page" from="78">78</biblScope>-<biblScope unit="page" to="85">85</biblScope> 
	              </bibl>
               <bibl type="journal" xml:id="R42">
		                <persName>
                     <surname>McMillan</surname>
                     <forename type="first">DE.</forename>
                  </persName> Elevation of glycoprotein fucose in diabetes mellitus. <title level="j">Diabetes</title> 
                  <date type="year">1972</date>; <biblScope unit="vol">21</biblScope>: <biblScope unit="page" from="863">863</biblScope>-<biblScope unit="page" to="71">71</biblScope> 
	              </bibl>
            </listBibl>
         </div>
      </back>
   </text>
</TEI>
