{
  "arkIstex": "ark:/67375/80W-0G24QTV0-Q",
  "title": "Impact du ramadan sur la prise alimentaire et les paramètres anthropométriques chez des Maliens diabétiques de type 2",
  "abstract": "Ce travail avait pour objectif d’examiner l’impact du ramadan chez des Maliens musulmans diabétiques de type 2. L’étude a porté sur trois périodes : avant le ramadan (T0), du 20e au 27e jour du ramadan (T1) et après le ramadan (T2). À chaque période, un rappel alimentaire de 48 heures a été réalisé, et le poids, la taille, la circonférence brachiale (CB), le tour de taille (TT), le tour de hanche (TH) et les plis cutanés ont été évalués. Aux trois périodes, les apports des femmes (N = 16) étaient plus faibles que ceux des hommes (N = 11) (p < 0,05) mais pour un même sexe, aucune différence significative n’a été notée d’une période à l’autre. À T1, le nombre quotidien de prises alimentaires était plus faible (p < 0,01) et les apports en énergie et en glucides étaient plus également répartis qu’à T0 ou T2. À T1, le poids (p < 0,03) et l’IMC (p < 0,04) ont diminué significativement chez les hommes, alors que le TT (p < 0,03), le rapport TT/TH (p < 0,01) et la CB (p < 0,02) ont diminué chez les femmes. En conclusion, cette étude a permis de montrer certains avantages potentiels sur les plans nutritionnels et anthropométriques du jeûne du ramadan chez les musulmans maliens diabétiques de type 2.",
  "language": [
    "fre"
  ],
  "publicationDate": "2012",
  "copyrightDate": "2012",
  "doi": [
    "10.1051/mnut/201248104"
  ],
  "ark": [
    "ark:/67375/80W-0G24QTV0-Q"
  ],
  "genre": [
    "research-article"
  ],
  "originalGenre": [
    "research-article"
  ],
  "author": [
    {
      "name": "M. Traoré",
      "affiliations": [
        "Département des sciences des aliments et de nutrition, Faculté des sciences de l’agriculture et de l’alimentation, Université Laval G1V 0A6, Québec (QC), Canada"
      ]
    },
    {
      "name": "S. Lemieux",
      "affiliations": [
        "Département des sciences des aliments et de nutrition, Faculté des sciences de l’agriculture et de l’alimentation, Université Laval G1V 0A6, Québec (QC), Canada",
        "Institut des nutraceutiques et des aliments fonctionnels (INAF), Université Laval G1V 0A6, Québec (QC), Canada"
      ]
    },
    {
      "name": "I. Galibois",
      "affiliations": [
        "Département des sciences des aliments et de nutrition, Faculté des sciences de l’agriculture et de l’alimentation, Université Laval G1V 0A6, Québec (QC), Canada"
      ]
    }
  ],
  "subject": [
    {
      "lang": [
        "fre"
      ],
      "value": "ramadan"
    },
    {
      "lang": [
        "fre"
      ],
      "value": "diabète de type 2"
    },
    {
      "lang": [
        "fre"
      ],
      "value": "apports nutritionnels"
    },
    {
      "lang": [
        "fre"
      ],
      "value": "mesures anthropométriques"
    },
    {
      "lang": [
        "fre"
      ],
      "value": "Ramadan fasting"
    },
    {
      "lang": [
        "fre"
      ],
      "value": "type 2 diabetes"
    },
    {
      "lang": [
        "fre"
      ],
      "value": "nutrients intake"
    },
    {
      "lang": [
        "fre"
      ],
      "value": "anthropometric parameters"
    }
  ],
  "host": {
    "title": "Médecine & Nutrition",
    "language": [
      "unknown"
    ],
    "issn": [
      "0398-7604"
    ],
    "eissn": [
      "2110-5405"
    ],
    "publisherId": [
      "mnut"
    ],
    "volume": "48",
    "issue": "1",
    "pages": {
      "first": "39",
      "last": "47",
      "total": "9"
    },
    "genre": [
      "journal"
    ],
    "subject": [
      {
        "value": "Articles"
      }
    ]
  },
  "corpusName": "edp-sciences",
  "qualityIndicators": {
    "score": 9.616,
    "pdfWordCount": 5664,
    "pdfCharCount": 32691,
    "pdfVersion": 1.4,
    "pdfPageCount": 9,
    "pdfPageSize": "595.276 x 793.701 pts",
    "refBibsNative": true,
    "abstractWordCount": 218,
    "abstractCharCount": 1209,
    "keywordCount": 8
  },
  "categories": {
    "wos": [],
    "scienceMetrix": [],
    "scopus": [
      "1 - Life Sciences",
      "2 - Biochemistry, Genetics and Molecular Biology",
      "3 - Biochemistry",
      "1 - Health Sciences",
      "2 - Medicine",
      "3 - Medicine (miscellaneous)",
      "1 - Life Sciences",
      "2 - Agricultural and Biological Sciences",
      "3 - Food Science"
    ]
  },
  "enrichments": {
    "type": [
      "multicat"
    ]
  },
  "fulltext": "Médecine & Nutrition 48 (2012) n°1, 39-47 © EDP Sciences, 2012 DOI: 10.1051/mnut/201248104  www.medecine-nutrition.org  Impact du ramadan sur la prise alimentaire et les paramètres anthropométriques chez des Maliens diabétiques de type 2 M. TRAORÉ 1 S. LEMIEUX 1,2 I. GALIBOIS 1  1. Département des sciences des aliments et de nutrition, Faculté des sciences de l'agriculture et de l'alimentation, Université Laval G1V 0A6, Québec (QC), Canada 2. Institut des nutraceutiques et des aliments fonctionnels (INAF), Université Laval G1V 0A6, Québec (QC), Canada  Résumé  Isabelle.galibois@fsaa.ulaval.ca Tél. : 1.418.656.2131 poste 2904 – Fax :1.418.656.3353  Impacts nutritionnels du ramadan chez des Maliens diabétiques Ce travail avait pour objectif d’examiner l’impact du ramadan chez des Maliens musulmans diabétiques de type 2. L’étude a porté sur trois périodes : avant le ramadan (T0), du 20e au 27e jour du ramadan (T1) et après le ramadan (T2). À chaque période, un rappel alimentaire de 48 heures a été réalisé, et le poids, la taille, la circonférence brachiale (CB), le tour de taille (TT), le tour de hanche (TH) et les plis cutanés ont été évalués. Aux trois périodes, les apports des femmes (N = 16) étaient plus faibles que ceux des hommes (N = 11) (p < 0,05) mais pour un même sexe, aucune différence significative n’a été notée d’une période à l’autre. À T1, le nombre quotidien de prises alimentaires était plus faible (p < 0,01) et les apports en énergie et en glucides étaient plus également répartis qu’à T0 ou T2. À T1, le poids (p < 0,03) et l’IMC (p < 0,04) ont diminué significativement chez les hommes, alors que le TT (p < 0,03), le rapport TT/TH (p < 0,01) et la CB (p < 0,02) ont diminué chez les femmes. En conclusion, cette étude a permis de montrer certains avantages potentiels sur les plans nutritionnels et anthropométriques du jeûne du ramadan chez les musulmans maliens diabétiques de type 2.  Abstract  Mots clés : ramadan, diabète de type 2, apports nutritionnels, mesures anthropométriques. Nutritional impacts of Ramadan in Malians with diabetes The aim of this work was to examine the impact of Ramadan in Malian Muslims with type 2 diabetes. The study was conducted the month before Ramadan (T0), from the 20th to the 27th day of Ramadan (T1) and one month after Ramadan (T2). At each period, a 48-hour food recall was completed and physical characteristics such as weight, height, arm circumference (AC), waist circumference (WC), hip circumference (HC) and skinfolds were measured. At the three periods, the energy intake of women (N=16) was lower than that of men (N=11) (p<0.05), but for the same sex, no significant difference was noticed from one period to another. The frequency of food intake was lower (p<0.01) and energy and carbohydrate intakes more equally distributed at T1 than at T0 or T2. At T1, the mean weight (p<0.03) and body mass index (BMI) (p<0.04) were significantly reduced in men while WC (p<0.03), waist-to-hip ratio (p<0.01) and AC (p<0.02) were reduced in women. In conclusion, this study allowed to observe some potential advantages of Ramadan in nutrition intakes and anthropometric measurements in Malian Muslims with type 2 diabetes. Keywords: Ramadan fasting, type 2 diabetes, nutrients intake, anthropometric parameters.  Médecine & Nutrition 48 (2012) Article disponible sur le site http://www.medecine-nutrition.org ou http://dx.doi.org/10.1051/mnut/201248104  39  M. TRAORÉ et al.  Introduction Le diabète de type 2 prend de plus en plus d’ampleur dans le monde, en particulier en Afrique où près de 14 millions de personnes souffrent de diabète [1-3]. Ce chiffre devrait atteindre 27 millions d’ici 2025, selon les projections [3]. Au Mali, on estime la prévalence du diabète à plus de 3,3 % [4]. Comme dans la plupart des pays en développement, le contrôle glycémique constitue un défi en raison des coûts élevés liés à la prise en charge de cette pathologie [5]. Le suivi d’un régime alimentaire approprié reste le moyen thérapeutique le moins onéreux pour les patients diabétiques [6]. En Afrique de l’Ouest, la plupart des patients diabétiques sont de confession musulmane. Ainsi, 93 % des Maliens sont musulmans [7]. Le jeûne du mois de ramadan représente un des cinq piliers de la religion musulmane et a lieu chaque année au neuvième mois du calendrier hégirien. Sa durée est de 29 ou 30 jours. Durant ce mois, les musulmans s’abstiennent de manger, de boire et de prendre des médicaments du lever jusqu’au coucher du soleil [8]. Le jeûne est obligatoire pour tous les musulmans adultes et en bonne santé. Bien qu’ils en soient exemptés, il est fréquent de rencontrer des musulmans diabétiques qui désirent observer le jeûne du mois de ramadan. Ils s’exposent alors à des risques de complications ou de détérioration du contrôle métabolique dues, soit à l’observance du jeûne, soit à la perturbation de la prise alimentaire [9, 10]. En effet, pendant le ramadan, l’horaire des prises de repas devient exclusivement nocturne [11, 12]. En général, les musulmans concentrent leurs apports alimentaires sur deux repas quotidiens, l’un avant le lever du jour, nommé le Sahur et l’autre au coucher du soleil (moment de la rupture du jeûne), appelé l’Iftar [8]. Entre l’Iftar et le Sahur, un nombre variable de collations peuvent être consommées. Or, le diabète de type 2 requiert plutôt une alimentation contrôlée, la régularité de l’apport glucidique ainsi que l’heure et l’espacement des repas de la journée étant particulièrement importants [13]. Par ailleurs, on s’attendrait à ce que l’observance du jeûne pendant le mois de ramadan puisse conduire à une perte de poids, ce qui pourrait être bénéfique chez les sujets diabétiques de type 2 qui sont souvent en surpoids ou obèse [14-16]. Mais ceci n’est pas toujours le cas, puisque les patients peuvent récupérer les apports alimentaires avec des repas copieux à la tombée de la nuit. De même, ils peuvent réduire les activités physiques ou la charge de travail [17]. Les études qui se sont intéressées aux apports alimentaires et nutritionnels, ainsi qu’aux fluctuations de poids chez les musulmans diabétiques pendant le jeûne du mois de ramadan, ont rapporté des résultats contradictoires.  40  Médecine & Nutrition 48 (2012)  Chez des sujets indiens, Chandalia et al. ont observé une diminution des apports en énergie, associée à une perte de poids pendant le ramadan [18]. Ils ont aussi noté une augmentation de la prise de glucides qu’ils ont attribuée aux habitudes alimentaires propres aux Indiens. Cependant, ils n’ont pas examiné la répartition quotidienne des apports, selon les repas. De son côté, Kadiri n’a pas noté de changement des apports en énergie ou en macronutriments, ni du poids chez des musulmans diabétiques marocains durant le ramadan [19]. Pour leur part, Khaled et Belbraouet ont observé chez des Algériennes diabétiques de type 2 obèses, une diminution des apports en énergie mais avec une augmentation de l’apport en lipides durant la période de ramadan [20]. Les auteurs ont souligné un déséquilibre dans la répartition des prises alimentaires alors que l’Iftar représentait, à lui seul, 74 % des apports quotidiens en énergie. De plus, pour moins perturber leur sommeil, la majorité des participantes à cette étude ne consommaient pas le Sahur très tôt le matin, préférant le remplacer par une collation prise autour de minuit. Une telle perturbation dans l’horaire des repas pourrait entraîner une période de jeûne très longue et contribuer à un risque d’hypoglycémie durant la journée [20]. Aucune étude n’a encore porté sur les variations qu’entraîne le ramadan sur les apports alimentaires et le poids chez des sujets diabétiques en Afrique subsaharienne, où les habitudes alimentaires diffèrent de celles des autres pays musulmans. La présente étude se propose donc d’examiner les apports alimentaires et nutritionnels et les mesures anthropométriques de Maliens musulmans diabétiques de type 2 avant, pendant et après le jeûne du ramadan.  1. Participants et méthodes 1.1 Site de l’étude et participants Les participants à l’étude ont été recrutés parmi les patients qui fréquentent le Centre de lutte contre le diabète (CNLD) de Bamako, un centre de référence en diabétologie au Mali. Les critères d’inclusion étaient : être âgé de 30 ans ou plus, avoir reçu un diagnostic de diabète de type 2 depuis au moins un an, sans complications dégénératives connues, ne pas être traité à l’insuline, avoir l’intention d’observer le jeûne du ramadan. Un total de 36 participants (14 hommes et 22 femmes) ont été recrutés au cours des mois de juin et de juillet 2010. Le protocole de l’étude a été approuvé par le Comité d’éthique à la recherche de l’Université Laval (Québec, Canada) et par le Comité d’éthique pour la recherche en santé du Mali.Tous les participants ont donné leur consentement écrit au moment du recrutement.  Impact du ramadan sur la prise alimentaire et les paramètres anthropométriques chez des Maliens diabétiques de type 2  1.2 Déroulement de l’étude Les participants ont été suivis au cours de trois périodes : une première période allant de 20 à 30 jours avant le ramadan (T0 pré-ramadan), une deuxième du 20e au 27e jour du ramadan (T1 ramadan) et une troisième un mois après le ramadan (T2 post-ramadan). Un questionnaire a été rempli avant le ramadan, il concernait certaines caractéristiques socio- démographiques ainsi que la durée du diabète. Le mois de ramadan 2010 concernait la période allant du 11 août au 10 septembre. Les collectes des données de la première et de la troisième périodes ont été effectuées au CNLD et celle de la deuxième période au domicile des participants. À chacune des trois périodes, un rappel alimentaire de 48 heures a été réalisé pour chaque participant. Ainsi, l’heure de consommation et les quantités d’aliments et de boissons ingérées la veille et l’avant-veille du jour de la collecte ont été enregistrées par l’intervieweur (M.T.). Des modèles d’aliments et de tailles de portions, ainsi que des photographies d’aliments ont été utilisés pendant les entrevues afin d’aider les participants à mieux quantifier leurs apports. Par ailleurs, les sujets ont été pesés et mesurés en vêtements d’intérieur sans chaussures, au milieu de la matinée au CNLD, avant et après le ramadan, et en fin d’après-midi à leur domicile pendant le ramadan. Le poids corporel a été déterminé à chaque phase de l’étude, grâce à un même pèse-personne électronique. La taille a été mesurée au millimètre près au moyen d’une toise et l’indice de masse corporelle (IMC) a été calculé et exprimé en kg/m2. La circonférence brachiale, le tour de taille et le tour de hanche de chaque participant ont été mesurés avec un mètre ruban. De plus, les plis cutanés sous-scapulaire, bicipital, suprailiaque et tricipital ont été évalués à l’aide d’un adipomètre par le même intervieweur pour les hommes. En revanche, pour les femmes, compte tenu du contexte culturel, les plis ont été évalués par une femme médecin qui a été formée à l’utilisation de l’adipomètre.  1.3 Analyses nutritionnelles et traitement statistique Les relevés alimentaires ont été traités à l’aide du logiciel d’analyse nutritionnelle Nutrific développé à l’Université Laval (Québec, Canada), à partir des données du Fichier canadien des éléments nutritifs de Santé Canada [21], complétées par la Table de composition des aliments du Mali [22] pour la valeur en énergie et en macronutriments des aliments locaux. Les apports nutritionnels par prise alimentaire rapportés sont les moyennes quotidiennes calculées à partir des rappels de 48 heures aux différents temps de l’étude. Pour chacun des sexes, les données d’apports en énergie  et en macronutriments, ainsi que celles des variables anthropométriques, ont été soumises à une analyse de variance. Les moyennes ont été comparées par des tests de comparaisons de moyennes pour mesures répétées avec la procédure mixte de SAS version 9.2 (SAS Institute, Cary, NC). Tous les tests ont été jugés significatifs au niveau de confiance de 95 %.  2. Résultats 2.1 Caractéristiques des participants Parmi les 36 participants recrutés, trois ont décidé de ne pas observer le jeûne et ont été exclus, de même que trois autres patients à qui le médecin traitant a déconseillé le jeûne (deux pour déséquilibre glycémique et une pour cause de grossesse). Un autre participant n’a pas été retenu en raison d’un déplacement à l’extérieur du pays pendant tout le mois de ramadan. Enfin, deux participants ont arrêté le jeûne dès le premier jour du ramadan et n’ont pas poursuivi l’étude. En fin de compte, 27 sujets (11 hommes et 16 femmes) ont observé le jeûne et ont participé aux trois collectes alimentaires. La moyenne d’âge était de 52,4 ± 7,2 ans pour les hommes et 45,4 ± 7,3 ans pour les femmes. La durée moyenne depuis le diagnostic de la maladie était de 5,4 ± 1,0 ans pour les hommes et de 3,8 ± 1,2 ans pour les femmes.  2.2 Variation des apports alimentaires Fréquence et horaires des prises alimentaires La fréquence quotidienne des prises alimentaires a diminué de façon significative (p < 0,01) à T1 comparée à T0 et T2, chez les femmes et les hommes (Tableau I). À T0, tous les participants prenaient au moins trois repas au cours de la journée et la plupart des participants (82 %) prenaient également une ou deux collations. À T1, les prises alimentaires quotidiennes des sujets étaient concentrées sur trois repas (Tableau I). En ce qui concerne les horaires des prises alimentaires, à T0, le repas du matin se prenait entre 7h00 et 9h00, le repas de midi entre 12h30 et 14h00 et le repas du soir entre 20h00 et 21h00. Lorsque des collations étaient prises, elles l’étaient vers 10h00 pour la collation 1, entre 16h00 et 18h00 pour la collation 2, et entre 22h30 et 23h30 pour la collation 3 (figure 1). À T1, le repas du lever du soleil (Sahur) était pris très tôt le matin, vers 4h30, et celui de la rupture du jeûne (Iftar), le soir entre 18h00 et 18h30. De plus, un souper était pris vers 22h00 par tous les participants, juste après la prière de la soirée (Tarawik). Pour la période T2, les horaires de prises des repas étaient similaires à ceux de T0.  Médecine & Nutrition 48 (2012)  41  M. TRAORÉ et al.  Tableau I. Fréquence des prises alimentaires et apport quotidien en glucides chez les femmes (N = 16) et les hommes (N = 11) au cours des trois périodes.  Prises alimentaires/j (repas + collations) Quantité quotidienne de glucides (g)  Sexe Féminin Masculin Féminin Masculin  T0 3,9 ± 0,7 a 4,46 ± 0,82 a 245 ± 16 310 ± 19  T1 3,1 ± 0,3 b 3,0 ± 0 b 246 ± 16 337 ± 19  T2 3,9 ± 0,8 a 4,5 ± 1,2 a 235 ± 16 299 ± 20 †  T0 = Avant Ramadan ; T1 = ramadan ; T2 = après ramadan ; N = taille de l’échantillon. Les moyennes portant les lettres diﬀérentes sur une même ligne horizontale sont significativement diﬀérentes (p < 0,05) † p = 0,09 (diﬀérence entre T1 et T2). Avant ramadan (T0)  Ramadan (T1)  Après ramadan (T2)  l’Iftar (repas pris à la rupture) était plus faible que pour les autres repas, quel que soit le sexe. Le souper pris juste après la prière de Tarawik était plus substantiel que l’Iftar. Pour le Sahur, l’apport moyen en énergie était également plus élevé que celui de l’Iftar. Pour les autres périodes (T0 et T2), la ration calorique du repas de midi était plus élevée que pour les autres repas quotidiens, quel que soit le sexe (figure 1). Concernant l’apport en glucides, il a été réparti de façon comparable aux trois repas à T1 chez les participants (figure 2). Mais pour les périodes T0 et T2, les glucides ont été consommés principalement au repas de midi ainsi qu’au repas du soir. Ainsi, chez les femmes, l’apport glucidique à midi représentait près de la moitié de l’apport total quotidien àT0. L’apport en glucides fourni par les collations était minime à T0 et T2 (figure 2). Concernant la quantité totale de glucides consommée par jour, elle a été, à chaque période, plus élevée chez les hommes que chez les femmes. Par ailleurs, il y avait moins de variation chez les femmes que chez les hommes entre les différentes périodes (Tableau I).  Apports totaux en énergie et en macronutriments  Figure 1. Répartition en pourcentage des apports caloriques des hommes et des femmes selon le cycle circadien à chaque période.  Répartition des apports calorique et glucidique entre les diﬀérentes prises alimentaires La figure 1 montre également la contribution des différentes prises alimentaires quotidienne à l’apport calorique total par sexe, selon les différentes périodes. À T1, la contribution des différentes prises alimentaires à la ration calorique journalière montre que l’apport de  42  Médecine & Nutrition 48 (2012)  Les apports en énergie et la distribution entre les différents macronutriments sont présentés dans le Tableau II. Les apports en énergie des hommes étaient significativement plus élevés que ceux des femmes (p < 0,05) quelle que soit la période.Ainsi, la différence moyenne quotidienne était de près de 600 Kcal à T0. Entre T0 et T1, la moyenne des apports en énergie ne changeait pas chez les femmes alors qu’on observait une diminution non significative de 140 Kcal par jour chez les hommes. À T2, chez les hommes, les apports en énergie ont encore diminué, mais toujours de façon non statistiquement significative. En outre, les apports quotidiens en fibres alimentaires des hommes étaient significativement plus élevés pendant le ramadan qu’après. Chez les femmes, la proportion de l’apport énergétique sous forme de lipides était plus élevée (p < 0,04) pendant T1 qu’à T2, à l’inverse de l’apport énergétique sous forme de protéines qui était plus faible (p < 0,02) à T1.  Impact du ramadan sur la prise alimentaire et les paramètres anthropométriques chez des Maliens diabétiques de type 2  Tableau II . Apports quotidiens en énergie, en macronutriments et en fibres chez les hommes (N = 11) et les femmes (N = 16) au cours des trois périodes.  Apports quotidiens Énergie (Kcal) Glucides (% Kcal) Lipides (% Kcal) Protéines (% Kcal) Fibres (g/j)  Sexe Féminin Masculin Féminin Masculin Féminin Masculin Féminin Masculin Féminin Masculin  T0 1724 ± 342 2308 ± 595 a 57,2 ± 7,3 55,3 ± 10,8 29,8 ± 6,2 a, b 31,8 ± 10,4 13,0 ± 2,2 a, b 13,0 ± 1,8 12 ± 5 17 ± 8 a, b  T1 1785 ± 362 2169 ± 434 a, b 55,8 ± 12,2 61,8 ± 12,0† 31,8 ± 11,7 a 25,9 ± 9,7† 12,4 ± 2,5 b 12,3 ± 3,1 15 ± 6 22 ± 11 a φ  T2 1620 ± 302 2025 ± 418 b 59,4 ± 8,5 59,5 ± 7,1 26,2 ± 7,3 b 27,4 ± 7,2 14,4 ± 2,8 a 13,1 ± 2,6 12 ± 3 14 ± 4 b  T0 = avant ramadan ; T1 = ramadan ; T2 = après ramadan ; N = taille de l’échantillon. Les moyennes portant les lettres diﬀérentes sur une même ligne horizontale sont significativement diﬀérente (p < 0,05). † p = 0,08 (diﬀérence entre T0 et T1). φ p = 0,07 (diﬀérence entre T0 et T1). Avant ramadan (T0)  Ramadan (T1)  Après ramadan (T2)  Mesures anthropométriques À T0, la proportion de participants en surpoids (IMC compris entre 25 et 29,9 kg/m2) était de 38 % chez les femmes et de 64 % chez les hommes, selon la classification de l’OMS [23]. L’obésité était retrouvée chez 57 % de femmes : 38 % avaient une obésité de classe 1, soit des IMC compris entre 30,0–34,9 kg/m2 ; 13 % avaient une obésité de classe 2, soit des IMC compris entre 35,0–39,9 kg/m2 ; et 6 % avaient une obésité de classe 3 avec un IMC ≥ 40 kg/m2. En revanche, seuls 18 % des hommes étaient en obésité, avec 100 % d’obésité de classe 1. Le Tableau III présente les mesures anthropométriques par période selon le sexe. Chez les femmes, comparativement à la période T0, des diminutions du tour de taille (p < 0,03), du rapport taille/hanche (p < 0,03) et de la circonférence brachiale (p < 0,02) ont été notées à T1, et ces diminutions ont été maintenues à T2. Chez les hommes, le poids a diminué significativement pendant T1, (-1,4 kg, p = 0,03), le maintien à T2 de cette perte de poids étant au seuil de la signification statistique (-1,3 kg entre T0 et T2). En revanche, la somme des plis cutanés a augmenté significativement (p < 0,02) à T2 chez les hommes chez qui ces mesures ont été prises.  3. Discussion  Figure 2. Répartition de l’apport en glucides selon le cycle circadien à chaque période.  Cette étude a d’abord permis de déterminer les variations des horaires et de la composition des prises alimentaires d’un groupe de patients musulmans diabétiques de type 2 pendant le ramadan au Mali, et d’observer les différences entre les hommes et les femmes à cet égard.  Médecine & Nutrition 48 (2012)  43  M. TRAORÉ et al.  Tableau III. Évolution des mesures anthropométriques avant, pendant et après le ramadan.  Variable (unités) Poids (kg) IMC (kg/m2) Tour de taille (cm) RTH CB (cm) Plis* (mm)  Sexe (N)  T0  T1  T2  Féminin (16) Masculin (11) Féminin (16) Masculin (11) Féminin (14) Masculin (11) Féminin (14) Masculin (11) Féminin (16) Masculin (11) Féminin (8) Masculin (9)  84,4 ± 16,8 83,9 ± 10,2 a 31,4 ± 5,2 a 27,0 ± 2,3 a 102,0 ± 9,3 a 100,1 ± 7,2 a 0,91 ± 0,15 a 0,96 ± 0,06 34,7 ± 4,9 a 33,2 ± 3,2 92,5 ± 23,8 58,2 ± 8,9 a, b  83,6 ± 16,2 82,5 ± 9,8 b 31,0 ± 5,0 a, b 26,6 ± 2,4 b 100,7 ± 11,7 b 99,0 ± 7,8 a, b 0,88 ± 0,1 b 0,96 ± 0,05 33,4 ± 3,8 b 32,3 ± 2,2 92,6 ± 26,6 56,3 ± 11,5 b  83,3 ± 16,5 φ 82,7 ± 10,2 a, b φ 31,0 ± 5,2 b 26,6 ± 2,7 a, b† 99,8 ± 13,5 c 97,5 ± 6,7 b 0,89 ± 0,06 a, b 0,94 ± 0,04 34,1 ± 4,4 a, b 32,8 ± 2,9 94,4 ± 27,4 64,8 ± 11,7 a†  RTH = rapport tour de taille sur tour de hanche. CB = circonférence brachiale. T0 = avant ramadan ; T1 = ramadan ; T2 = après ramadan ; N= nombre de sujets. * Somme des plis cutanés (bicipital, tricipital, sous scapulaire et iliaque). φ p = 0,05 (diﬀérence entre T0 et T2) • † p = 0,08 (diﬀérence entre T0 et T2) • † p = 0,06(diﬀérence entre T0 et T2).  La méthode rétrospective du rappel de 48 heures a été utilisée pour estimer les quantités d’aliments ingérés. Selon cette méthode, l’enquêteur interroge le sujet en l’aidant à se rappeler des aliments consommés et note lui-même les heures et la composition des repas. Cette méthode a l’avantage d’être simple et adaptée pour les sujets ayant différents niveaux d’instructions [24,25]. Dans cette étude, nous avons observé durant le ramadan une réduction de la fréquence des prises alimentaires chez les participants. Cependant, alors que plusieurs auteurs [8,16] ont rapporté la prise de seulement deux repas pendant le ramadan, nous avons noté dans la présente étude la prise d’un repas additionnel au cours de la soirée, suivant la prière de Tarawik. Ce troisième repas était le plus consistant chez nos participants, alors que la plupart des études ont rapporté que la plus grande part de l’apport énergétique total quotidien pendant le ramadan était fournie par l’Iftar, au moment de la rupture du jeûne. Ces différences observées lors de notre étude pourraient être liées aux habitudes alimentaires particulières qui prévalent pendant le mois de ramadan au Mali. Ainsi, contrairement au Sahur et à l’Iftar, qui sont pris uniquement par les jeûneurs de la famille, le repas qui suit la prière du soir est partagé par tous les membres de la famille. De plus, les patients diabétiques mangent les mêmes plats que les autres membres de la famille [6]. La plus grande convivialité associée au repas du soir pourrait ainsi expliquer l’apport calorique plus élevé de cette prise alimentaire.  44  Médecine & Nutrition 48 (2012)  Par ailleurs, le Sahur (premier repas avant le début du jeûne) était consommé juste avant l’aube par tous les participants de la présente étude, alors que Khaled et Belbraouet en Algérie, et Khalid en Arabie saoudite, avaient indiqué qu’une large proportion de patients diabétiques préféraient ne pas manger le Sahur ou en devancer l’heure longtemps avant le lever du soleil (24h00 ou 1h00 du matin). L’intervalle entre le Sahur et l’Iftar serait ainsi moins long chez les patients diabétiques maliens qui observent le jeûne du ramadan, que chez leurs homologues arabes ou nord-africains, ce qui les rendrait peut-être moins sujets aux hypoglycémies diurnes [20]. Au cours du ramadan, nous avons également constaté chez les participants maliens, hommes et femmes, une répartition équilibrée des glucides entre les repas, ce qui est généralement recommandé pour les personnes diabétiques afin d’éviter de larges excursions glycémiques [13]. À notre connaissance, aucune autre étude n’avait encore mis en évidence cet aspect nutritionnel potentiellement positif du jeûne du ramadan. En revanche, en dehors du ramadan (T0 etT2), l’apport glucidique du repas de midi était très élevé par rapport à celui des autres prises alimentaires, et excédait largement, surtout chez les participantes, les valeurs de référence de 60-75 g de glucides par repas pour les femmes et de 75-90 g pour les hommes diabétiques [26]. Il est à noter qu’au Mali, les personnes diabétiques ne reçoivent que peu de conseils nutritionnels, ceux-ci reposant principalement sur l’interdiction des aliments sucrés et  Impact du ramadan sur la prise alimentaire et les paramètres anthropométriques chez des Maliens diabétiques de type 2  sur la mesure des aliments permis avec un ustensile standardisé, le bol moyen Sada Diallo. Ces conseils non personnalisés ne tiennent pas toujours compte des conditions socio-culturelles des patients ou de la spécificité des aliments locaux et ne sont donc pas toujours appliqués [27]. En ce qui concerne l’impact du ramadan sur les apports quotidiens totaux en énergie et la distribution entre les macronutriments, les études font généralement état d’une consommation calorique diminuée [16,18] ou inchangée [19, 28-30], et au moins une étude a rapporté une augmentation de l’énergie provenant des lipides [16]. Cette situation pourrait s’expliquer par les changements observés dans les pratiques alimentaires de nombreux pays arabes où, pendant le ramadan, les populations ont tendance à revenir à une alimentation constituée de mets traditionnels mais avec de plus grandes quantités de matières grasses [29, 31]. En Afrique subsaharienne où la diversité alimentaire est moins grande, en revanche, les repas servis pendant le ramadan correspondent à ceux habituellement pris, la différence majeure résidant dans la prise de dattes à la rupture du jeûne. Dans la présente étude, nous avons noté une diminution non significative des apports en énergie et en lipides chez les hommes pendant le ramadan, tandis que l’apport énergétique ne variait pas entre les trois périodes chez les femmes. Pour les deux sexes et malgré une légère augmentation des fibres alimentaires pendant le ramadan, les consommations de fibres et de protéines restaient inférieures aux apports habituellement recommandés pour les patients diabétiques (respectivement 25 à 50 g pour les fibres et 15 à 20 % de l’apport énergétique quotidien – ACD, 2008). Par ailleurs, nous avons observé aux trois périodes une différence importante des apports en énergie entre les deux sexes, semblable à ce qu’avaient rapporté Coulibaly et al. dont l’étude avait également été réalisée à Bamako chez les Maliens diabétiques de type 2. En plus d’étudier les variations des apports alimentaires et nutritionnels, cette recherche s’intéressait également aux variations des mesures anthropométriques des sujets diabétiques de type 2 pendant et après le ramadan, selon le sexe. Sur ce plan encore, les auteurs ont souvent rapporté des résultats contradictoires, certains observant une réduction du poids ou de l’adiposité [16,18,28,32], alors que d’autres ne notaient aucune différence [17,33]. Chez les participants masculins de la présente étude, les mesures anthropométriques ont varié de façon généralement cohérente avec les apports énergétiques : le poids et l’IMC, indicateurs de la masse globale, aussi bien que le tour de taille, indicateur de l’adiposité, étaient plus faibles au cours du mois suivant le ramadan qu’ils ne l’étaient avant le ramadan. Chez les patients diabétiques en surpoids ou obèses, ce qui était le cas de la  majorité de nos sujets masculins, la perte de poids est un objectif souvent visé, bien que, selon l’UKPDS, l’amélioration du contrôle glycémique serait davantage reliée à la restriction énergétique qu’à la perte de poids, du moins chez les patients récemment diagnostiqués [34]. Les autres mesures anthropométriques réalisées chez les sujets masculins de cette étude ont été peu concluantes, voire étonnantes en ce qui concernait les plis cutanés. En effet, la somme de ces derniers était plus élevée après le ramadan qu’avant, en contradiction avec tous les autres indicateurs retenus. Il est à noter que des variations importantes ont été rapportées chez les sujets africains lorsqu’on utilisait les équations validées avec des sujets caucasiens pour prédire la composition corporelle à partir de la mesure des plis cutanés [35]. Ainsi, malgré son nombre limité de sujets, cette étude tendrait à confirmer que l’IMC et le tour de taille demeurent les meilleurs indicateurs des variations anthropométriques. En ce qui a trait aux femmes diabétiques de type 2, certaines études ont rapporté une perte de poids pendant le ramadan [16,32], mais l’une d’entre elles, conduite chez des femmes algériennes, a aussi noté une reprise du poids perdu un mois après la fin du ramadan [16]. Dans la présente recherche, le poids et l’IMC moyens des participantes n’ont pas diminué de façon significative pendant le ramadan, mais le tour de taille, le rapport taille sur hanche et la circonférence brachiale ont été significativement réduits, pouvant indiquer des changements probables dans la répartition des masses adipeuse et musculaire [36]. Le changement dans la répartition de la masse adipeuse pourrait s’expliquer en partie par une augmentation de l’activité physique des participantes durant le jeûne du mois de ramadan. En effet, selon certains auteurs, un changement dans la répartition de la masse adipeuse sans perte de poids concomitante semble être lié à l’intensité des travaux ménagers chez les femmes [37]. Celles-ci, contrairement aux hommes, continuent les activités quotidiennes qui consistent notamment à préparer les repas et à s’occuper des enfants pendant le mois du ramadan. Cette explication demeure hypothétique dans le cas présent, car nous n’avons pas documenté la dépense énergétique liée à l’activité physique avant, pendant et après le ramadan. Toujours chez les femmes de la présente étude, et contrairement à ce qu’avaient observé Khaled et Belbraouet en Algérie, le poids (p = 0,05) ainsi que l’IMC et le tour de taille (p < 0,05) étaient en moyenne plus faibles un mois après le ramadan qu’avant le ramadan, ce qui serait positif pour des patientes diabétiques. Le fait de ne pas avoir augmenté leur apport calorique, possiblement grâce à une alimentation moins dense en énergie (plus faible en lipides et plus riche en protéines), a pu éviter à ces femmes un regain de poids post-ramadan.  Médecine & Nutrition 48 (2012)  45  M. TRAORÉ et al.  Il est néanmoins important de noter que cette étude comportait quelques limites, dont la sous-estimation possible des apports alimentaires, telle que rapportée par des auteurs qui ont évalué les méthodes d’autodéclaration [38]. Également, la taille réduite de l’échantillon met en doute la puissance des tests statistiques. Cela étant, les résultats obtenus semblent indiquer que les pratiques alimentaires des Maliens diabétiques de type 2 lors du ramadan ne constitueraient pas, en tant que telles, un risque à l’égard du contrôle métabolique. Il n’y aurait pas non plus d’impact négatif sur les variables anthropométriques. Il resterait cependant à vérifier l’effet combiné que peuvent avoir l’ensemble des pratiques liées au ramadan (dont l’abstinence fréquente de la prise des médicaments) sur le contrôle de la glycémie, des lipides sanguins et de la tension artérielle chez ces patients. Remerciements. L’étude a été financée par le Programme Canadien des Bourses de la Francophonie (PCBF) de l’Agence Canadienne de Développement International (ACDI). Nous remercions le Dr Nientao Antoine et tout le personnel du Centre national de Lutte contre le Diabète pour leur collaboration dans la réalisation de cette étude. Nous tenons également à remercier tous les participants à l’étude pour leur coopération.  Références [1] King H, Aubert RE, Herman WH. Global burden of diabetes, 1995-2025: prevalence, numerical estimates, and projections. Diabetes Care. 1998; 21(9): 1414-31. [2] Wild S, Roglic G, Green A, Sicree R, King H. Global prevalence of diabetes: estimates for the year 2000 and projections for 2030. Diabetes Care. 2004; 27(5): 1047-53. [3] Zimmet P, Shaw J, Murray S, Sicree R. L’épidémie de diabète en plein envol : les prévisions pour le futur. Diabetes ; Voice. 2003: 12-6.  46  [7] Welzel C, Dougnon I. La démocratie malienne entre religion et traditions : analyse descriptive des données de World Values Survey. In: Field Technical Report World Values National Survey WVS Mali, 2007. [8] Qureshi B. Diabetes in Ramadan. J R Soc Med. 2002; 95(10): 489-90. [9] Farad-Bensenouci S, Maillot F, Lamise F. Les risques du Ramadan chez les sujets sains et les patients diabétiques. Cah Nutr Diet. 2002; 37: 96-104. [10] Salti I, Benard E, Detournay B, Bianchi-Biscay M, Le Brigand C, Voinet C, et al. A population-based study of diabetes and its characteristics during the fasting month of Ramadan in 13 countries: results of the epidemiology of diabetes and Ramadan 1422/2001 (EPIDIAR) study. Diabetes Care. 2004; 27(10): 2306-11. [11] Finch GM, Day JEL, Razak, Welch DA, Rogers PJ. Appetite changes under free-living conditions during Ramadan fasting. Appetite. 1998; 31(2): 159-70. [12] Lamri-Senhadji MY, El Kebir B, Belleville J, Bouchenak M. Assessment of dietary consumption and time-course of changes in serum lipids and lipoproteins before, during and after Ramadan in young Algerian adults. Singapore Medical Journal. 2009; 50(3): 288-94. [13] Association Canadienne du Diabète (ACD). Lignes directrices de pratique clinique pour la prévention et le traitement du diabète au Canada. Association Canadienne du Diabète. Can J Diabetes. 2008; 32 (suppl. 1): S1 - 225. Document consulté sur le site http://www.diabetes.ca/ le 20 janvier 2010. [14] Azizi F, Siahkolah B. Ramadan fasting and diabetes mellitus. Arch Iranian Med. 2003; 6(4): 237-42. [15] Benaji B, Mounib N, Roky R, Aadil N, Houti IE, Moussamih S, et al. Diabetes and Ramadan: review of the literature. Diabetes Res Clin Pract. 2006; 73(2): 117-25.  [4] International Diabetes Federation (IDF). Diabetes Atlas 4th ed. : International Diabetes Federation; 2009. Document consulté sur le site http://www.idf.org/ le 6 septembre 2011.  [16] Khaled BM, Belbraouet S. Eﬀect of Ramadan fasting on anthropometric parameters and food consumption in 276 type 2 diabetic obese women. Int J Diabetes Dev C. 2009; 29(2): 62-8.  [5] Fédération Internationale du Diabète (FID). Guide de prise en charge du diabète de type 2 pour l'Afrique Sub-saharienne. Zanzibar-Tanzanie : Féderation Internationale du Diabète- Région Afrique, 2005.  [17] Sari R, Balci MK, Akbas SH, Avci B. The eﬀects of diet, sulfonylurea, and Repaglinide therapy on clinical and metabolic parameters in type 2 diabetic patients during Ramadan. Endocr Res. 2004; 30(2): 169-77.  [6] Besançon S, Diarra A. Étude de la consommation alimentaire des patients diabétiques au Mali. Bamako : ONG Santé Diabète Mali, 2004.  [18] Chandalia HB, Bhargau A, Kataria V. Dietary pattern during Ramadan fasting and its eﬀects on the metabolic control of diabetes. Pract Diabetes. 1987; 4(6): 287-89.  Médecine & Nutrition 48 (2012)  Impact du ramadan sur la prise alimentaire et les paramètres anthropométriques chez des Maliens diabétiques de type 2  [19] Kadiri A. Profile of the fasting diabetic patient and nutrition during Ramadan. Pract. Diabetes Int. 1998; 15(1): S5-6. [20] Al-Arouj M, Bouguerra R, Buse J, Hafez S, Hassanein M, Ibrahim MA, et al. Recommendations for management of diabetes during Ramadan. Diabetes Care. 2005; 28(9): 2305-11. [21] Santé Canada. Fichier canadien sur les éléments nutritifs. Bureau des sciences de la Nutrition. Ottawa, 2005. [22] Barikmo I, Ouattara F, Oshaug A. Table de composition des aliments du Mali. Akershus University College research serie, 2004. [23] OMS. Obésité : prévention et prise en charge de l’épidémie mondiale. Genève, 2003. Document consulté sur le site http://www.who.int/ le 25 juillet 2011. [24] Gibson RS. Principles of nutritional assessment. 2nd ed. New York : Oxford University Press, 2005. [25] Jacotot B, Campillo B, Bresson JL, Corcos M, Hankard R, Jeammet P, et al. Nutrition Humaine. Paris : Masson, 2003. [26] Franz MJ, Reader D, Monk A. Implementing group and individual medical nutrition therapy for diabetes. Alexandria, Va.: American Diabetes Association, 2002. [27] Coulibaly A, O’Brien TH, Galibois I. Apports nutritionnels, caractéristiques anthropométriques et contrôle métabolique de diabétiques de type 2 à Bamako, au Mali. Médecine & Nutrition. 2007; 43 (2): 49-60. [28] Khatib FA, Shafagoj YA. Metabolic alterations as a result of Ramadan fasting in non-insulin-dependent diabetes mellitus patients in relation to food intake. Saudi Med J. 2004; 25(12): 1858-63. [29] Al-Rubeaan KA. Dietary changes among diabetes patients during Ramadan in Saudi Arabia. Pract. Diabetes Int. 1998; 15(1): S6-7. [30] Bouguerra R, Belkadhi A, Jabrane J, Hamzaoui J, Maatki C, Ben Rayana MC, et al. Les eﬀets métaboliques du  jeûne du mois de ramadan chez des diabétiques de type 2. East Mediterr Health J. 2003; 9(5-6): 1099-108. [31] Bouguerra R, Jabrane J, Maatki C, Ben Salem L, Hamzaoui J, El Kadhi A, et al. La pratique du jeûne du mois de Ramadan chez le diabétique de type 2. Ann Endocrinol (Paris). 2006; 67(1): 54-9. [32] Patel P, Mirakhur A, El-Magd AMK, El-Matty ANA, Al-Ghafri D. Type 2 Diabetes and its characteristics during Ramadan in Dhahira region, Oman. Oman Medical Journal. 2007; 22(3):16-23. [33] Uysal AR, Erdogan MF, Sahin G, Kamel N, Erdogan G. Clinical and metabolic eﬀects of fasting in 41 type 2 diabetic patients during Ramadan. Diabetes Care. 1998; 21(11): 2033-34. [34] UK Prospective Diabetes Study (UKPDS Group). Response of fasting plasma glucose to diet therapy in newly presenting type 2 diabetic patients. UK Prospective Diabetes Study 7. Metabolism. 1990; 39(9): 905-12. [35] Dioum A, Gartner A, Maire B, Delpeuch F, Wade S. Body composition predicted from skinfolds in African women: a cross-validation study using air-displacement plethysmography and a black-specific equation. Br J Nutr. 2005; 93(6): 973-9. [36] Ordre professionnel des diététistes du Québec (OPDQ). Manuel de nutrition clinique en ligne : Évaluation nutritionnelle. Ordre professionnel des diététistes du Québec, 2004. [37] Yucel A, Degirmenci B, Acar M, Albayrak R, Haktanir A. The eﬀect of fasting month of Ramadan on the abdominal fat distribution: assessment by computed tomography. Tohoku J Exp Med. 2004; 204(3): 179-87. [38] Novotny JA, Rumpler WV, Riddick H, Hebert JR, Rhodes D, Judd JT, et al. Personality characteristics as predictors of underreporting of energy intake on 24-hour dietary recall interviews. J Am Diet Assoc. 2003; 103(9): 1146-51.  Médecine & Nutrition 48 (2012)  47  "
}