{
  "arkIstex": "ark:/67375/0T8-H9DTXRJF-D",
  "title": "Targeted proteins for diabetes drug design",
  "abstract": "Type 2 diabetes mellitus is a common metabolism disorder characterized by high glucose in the bloodstream, especially in the case of insulin resistance and relative insulin deficiency. Nowadays, it is very common in middle-aged people and involves such dangerous symptoms as increasing risk of stroke, obesity and heart failure. In Vietnam, besides the common treatment of insulin injection, some herbal medication is used but no unified optimum remedy for the disease yet exists and there is no production of antidiabetic drugs in the domestic market yet. In the development of nanomedicine at the present time, drug design is considered as an innovative tool for researchers to study the mechanisms of diseases at the molecular level. The aim of this article is to review some common protein targets involved in type 2 diabetes, offering a new idea for designing new drug candidates to produce antidiabetic drugs against type 2 diabetes for Vietnamese people.",
  "language": [
    "eng"
  ],
  "publicationDate": "2012",
  "copyrightDate": "2012",
  "doi": [
    "10.1088/2043-6262/3/1/013001"
  ],
  "ark": [
    "ark:/67375/0T8-H9DTXRJF-D"
  ],
  "articleId": [
    "418507"
  ],
  "genre": [
    "review-article",
    "research-article"
  ],
  "originalGenre": [
    "review",
    "review"
  ],
  "author": [
    {
      "name": "Ngoc Doan Trang Nguyen",
      "affiliations": [
        "Life Science Laboratory, Saigon Institute for Computational Science and Technology, Quarter 6, Linh Trung ward, Thu Duc district, Ho Chi Minh City, Vietnam",
        "E-mail: nndtrang@icst.org.vn"
      ]
    },
    {
      "name": "Ly Thi Le",
      "affiliations": [
        "Life Science Laboratory, Saigon Institute for Computational Science and Technology, Quarter 6, Linh Trung ward, Thu Duc district, Ho Chi Minh City, Vietnam",
        "School of Biotechnology, Ho Chi Minh International University, Quarter 6, Linh Trung ward, Thu Duc district, Ho Chi Minh City, Vietnam",
        "E-mail: ly.le@hcmiu.edu.vn"
      ]
    }
  ],
  "subject": [
    {
      "lang": [
        "eng"
      ],
      "value": "diabetes of type 2"
    },
    {
      "lang": [
        "eng"
      ],
      "value": "drug design"
    },
    {
      "lang": [
        "eng"
      ],
      "value": "protein target"
    },
    {
      "lang": [
        "eng"
      ],
      "value": "crystal structure"
    }
  ],
  "host": {
    "title": "Advances in Natural Sciences: Nanoscience and Nanotechnology",
    "language": [
      "unknown"
    ],
    "issn": [
      "2043-6262"
    ],
    "eissn": [
      "2043-6262"
    ],
    "publisherId": [
      "ansn"
    ],
    "volume": "3",
    "issue": "1",
    "pages": {
      "first": "1",
      "last": "9",
      "total": "9"
    },
    "genre": [
      "journal"
    ],
    "subject": [
      {},
      {}
    ]
  },
  "corpusName": "iop",
  "qualityIndicators": {
    "score": 8.824,
    "pdfWordCount": 5608,
    "pdfCharCount": 34494,
    "pdfVersion": 1.4,
    "pdfPageCount": 9,
    "pdfPageSize": "595.276 x 841.89 pts (A4)",
    "refBibsNative": true,
    "abstractWordCount": 152,
    "abstractCharCount": 961,
    "keywordCount": 4
  },
  "categories": {
    "inist": [
      "1 - sciences appliquees, technologies et medecines",
      "2 - sciences biologiques et medicales",
      "3 - sciences medicales"
    ]
  },
  "keywords": {
    "teeft": [
      "glucose",
      "receptor",
      "sulfonylurea",
      "pathway",
      "ppar",
      "gfat1",
      "ptp1b",
      "dimer",
      "crystal structure",
      "sirt6",
      "nanosci",
      "nanotechnol",
      "nguyen",
      "biol",
      "gure",
      "antidiabetic",
      "insulin",
      "minh city",
      "hexosamine",
      "kinase",
      "gfat",
      "glutamine",
      "diabetes mellitus",
      "drug design",
      "insulin secretion",
      "insulin resistance",
      "diabetes",
      "minh",
      "tyrosine phosphorylation",
      "hexosamine pathway",
      "binding site",
      "diabetes patients",
      "diabetes drugs",
      "insulin secretagogues",
      "active site",
      "insulin injection",
      "insulin receptors",
      "insulin sensitivity",
      "human gfat1",
      "dehydrogenase type",
      "antidiabetic drugs",
      "genomic stability",
      "inhibitor",
      "metabolism",
      "tyrosine",
      "catalytic",
      "adipose tissues",
      "other drugs",
      "protein target",
      "membrane attachment",
      "herbal sources",
      "domestic market",
      "endoplasmic reticulum",
      "glucose level",
      "sulfonylurea receptor",
      "crystal structures",
      "human body",
      "glutamine amidotransferase",
      "high glucose",
      "amino acids",
      "growth factor",
      "linh trung ward",
      "glucagon secretion",
      "target tissues",
      "human gfat1 monomer",
      "drug candidates",
      "glycolysis pathway",
      "glucose metabolism",
      "potential sites",
      "computational science",
      "american diabetes association",
      "heart failure",
      "channels activation",
      "catalytic domain",
      "catalytic site",
      "catalytic cleft",
      "sirtuin family",
      "yeast sir2 protein",
      "adipose tissue",
      "oral hypoglycemics",
      "medication"
    ]
  },
  "namedEntities": {
    "unitex": {
      "date": [],
      "geogName": [],
      "orgName": [],
      "orgName_funder": [],
      "orgName_provider": [],
      "persName": [],
      "placeName": [],
      "ref_url": [],
      "ref_bibl": [],
      "bibl": []
    }
  },
  "enrichments": {
    "type": [
      "nb",
      "teeft",
      "unitex"
    ]
  },
  "refBibs": [
    {
      "host": {
        "title": "Hypoglycemia effect of bittermelon's pill on diabetes mellitus MD Thesis 06 Department of Traditional Medicine, University of Medicine and Pharmacy in Ho Chi Minh City, p 19 (in Vietnamese)",
        "author": []
      }
    },
    {
      "host": {
        "title": "J. Traditional Med.",
        "author": []
      }
    },
    {
      "host": {
        "title": "J. Pharm.",
        "author": [],
        "volume": "4",
        "pages": {
          "first": "12"
        }
      }
    },
    {
      "host": {
        "title": "J. Pharm.",
        "author": [],
        "volume": "11",
        "pages": {
          "first": "20"
        }
      }
    },
    {
      "host": {
        "title": "J. Med.",
        "author": []
      }
    },
    {
      "host": {
        "title": "Research on development of phanoside remedy",
        "author": [],
        "volume": "Suppl. vol 4",
        "pages": {
          "first": "p 87"
        }
      }
    },
    {
      "host": {
        "title": "Curr. Pharm. Des.",
        "author": [],
        "volume": "15",
        "pages": {
          "first": "153"
        }
      }
    },
    {
      "host": {
        "title": "Diabetes",
        "author": [],
        "volume": "53",
        "pages": {
          "first": "S48"
        }
      }
    },
    {
      "host": {
        "title": "Endocrinology",
        "author": [],
        "volume": "99",
        "pages": {
          "first": "1398"
        }
      }
    },
    {
      "host": {
        "title": "Pharmacology",
        "author": [],
        "volume": "11",
        "pages": {
          "first": "257"
        }
      }
    },
    {
      "host": {
        "title": "Drug Discovery and Evaluation: Pharmalogical Assays",
        "author": [],
        "pages": {
          "first": "pp10306"
        }
      }
    },
    {
      "host": {
        "title": "Endocrin. Metab. Clin.",
        "author": [],
        "volume": "26",
        "pages": {
          "first": "539"
        }
      }
    },
    {
      "host": {
        "title": "Lancet",
        "author": [],
        "volume": "368",
        "pages": {
          "first": "1696"
        }
      }
    },
    {
      "host": {
        "title": "Curr. Enzyme Inhibit.",
        "author": [],
        "volume": "1",
        "pages": {
          "first": "65"
        }
      }
    },
    {
      "host": {
        "title": "Regul. Pept.",
        "author": [],
        "volume": "85",
        "pages": {
          "first": "9"
        }
      }
    },
    {
      "host": {
        "title": "Expert Opin. Investig. Drugs",
        "author": [],
        "volume": "13",
        "pages": {
          "first": "1091"
        }
      }
    },
    {
      "host": {
        "title": "Horm. Metab. Res.",
        "author": [],
        "volume": "36",
        "pages": {
          "first": "761"
        }
      }
    },
    {
      "host": {
        "title": "Nature",
        "author": [],
        "volume": "466",
        "pages": {
          "first": "451"
        }
      }
    },
    {
      "host": {
        "title": "Diabetes",
        "author": [],
        "volume": "48",
        "pages": {
          "first": "1319"
        }
      }
    },
    {
      "host": {
        "title": "Diabetes",
        "author": [],
        "volume": "46",
        "pages": {
          "first": "1230"
        }
      }
    },
    {
      "host": {
        "title": "Diabetologia",
        "author": [],
        "volume": "43",
        "pages": {
          "first": "403"
        }
      }
    },
    {
      "host": {
        "title": "Diabetes",
        "author": [],
        "volume": "48",
        "pages": {
          "first": "699"
        }
      }
    },
    {
      "host": {
        "title": "Curr. Sci.",
        "author": [],
        "volume": "79",
        "pages": {
          "first": "14406"
        }
      }
    },
    {
      "host": {
        "title": "Crystallography Made Crystal Clear",
        "author": [],
        "pages": {
          "first": "p 202"
        }
      }
    },
    {
      "host": {
        "title": "Introduction to Protein Structure",
        "author": []
      }
    },
    {
      "host": {
        "title": "Int. J. Obesity",
        "author": [],
        "volume": "28",
        "pages": {
          "first": "S45"
        }
      }
    },
    {
      "host": {
        "title": "Diabetes",
        "author": [],
        "volume": "53",
        "pages": {
          "first": "S51"
        }
      }
    },
    {
      "host": {
        "title": "Clin. Sci.",
        "author": [],
        "volume": "96",
        "pages": {
          "first": "513"
        }
      }
    },
    {
      "host": {
        "title": "Mol. Cell. Endocrinol.",
        "author": [],
        "volume": "248",
        "pages": {
          "first": "15"
        }
      }
    },
    {
      "host": {
        "title": "J. Biol. Chem.",
        "author": [],
        "volume": "280",
        "pages": {
          "first": "3789"
        }
      }
    },
    {
      "host": {
        "title": "Biochemistry",
        "author": [],
        "volume": "44",
        "pages": {
          "first": "6948"
        }
      }
    },
    {
      "host": {
        "title": "J. Biol. Chem.",
        "author": [],
        "volume": "280",
        "pages": {
          "first": "4639"
        }
      }
    },
    {
      "host": {
        "author": []
      }
    },
    {
      "host": {
        "title": "Biochemistry",
        "author": [],
        "volume": "42",
        "pages": {
          "first": "4108"
        }
      }
    },
    {
      "host": {
        "title": "Steroids",
        "author": [],
        "volume": "62",
        "pages": {
          "first": "148"
        }
      }
    },
    {
      "host": {
        "title": "Structure",
        "author": [],
        "volume": "3",
        "pages": {
          "first": "503"
        }
      }
    },
    {
      "host": {
        "title": "J. Steroid Biochem. Mol. Biol.",
        "author": [],
        "volume": "96",
        "pages": {
          "first": "425"
        }
      }
    },
    {
      "host": {
        "title": "Proc. Natl Acad. Sci. USA",
        "author": [],
        "volume": "96",
        "pages": {
          "first": "840"
        }
      }
    },
    {
      "host": {
        "title": "J. Biol. Chem.",
        "author": [],
        "volume": "273",
        "pages": {
          "first": "31615"
        }
      }
    },
    {
      "host": {
        "title": "Science STKE",
        "author": [],
        "volume": "312",
        "pages": {
          "first": "13"
        }
      }
    },
    {
      "host": {
        "title": "J. Biol. Chem.",
        "author": [],
        "volume": "275",
        "pages": {
          "first": "12821"
        }
      }
    },
    {
      "host": {
        "title": "EMBO J.",
        "author": [],
        "volume": "19",
        "pages": {
          "first": "5092"
        }
      }
    },
    {
      "host": {
        "title": "J. Proteome",
        "author": [],
        "volume": "3",
        "pages": {
          "first": "1284"
        }
      }
    },
    {
      "host": {
        "title": "J. Biol. Chem.",
        "author": [],
        "volume": "267",
        "pages": {
          "first": "2520812"
        }
      }
    },
    {
      "host": {
        "title": "EMBO J.",
        "author": [],
        "volume": "22",
        "pages": {
          "first": "5851"
        }
      }
    },
    {
      "host": {
        "title": "Hum. Genet.",
        "author": [],
        "volume": "96",
        "pages": {
          "first": "99"
        }
      }
    },
    {
      "host": {
        "title": "J. Pharm. Res.",
        "author": [],
        "volume": "3",
        "pages": {
          "first": "2939"
        }
      }
    },
    {
      "host": {
        "title": "Biochem. J.",
        "author": [],
        "volume": "333",
        "pages": {
          "first": "47190"
        }
      }
    },
    {
      "host": {
        "title": "Prog. Nucleic Acid Res. Mol. Biol.",
        "author": [],
        "volume": "73",
        "pages": {
          "first": "171"
        }
      }
    },
    {
      "host": {
        "title": "J. Biol. Chem.",
        "author": [],
        "volume": "28",
        "pages": {
          "first": "21313"
        }
      }
    },
    {
      "host": {
        "title": "Rev. Biochem.",
        "author": [],
        "volume": "73",
        "pages": {
          "first": "417"
        }
      }
    },
    {
      "host": {
        "title": "Cell",
        "author": [],
        "volume": "124",
        "pages": {
          "first": "315"
        }
      }
    },
    {
      "host": {
        "title": "Mol. Cell",
        "author": [],
        "volume": "10",
        "pages": {
          "first": "1213"
        }
      }
    },
    {
      "host": {
        "title": "Con. Med. Assoc. J.",
        "author": [],
        "volume": "172",
        "pages": {
          "first": "213"
        }
      }
    }
  ],
  "fulltext": "IOP PUBLISHING  ADVANCES IN NATURAL SCIENCES: NANOSCIENCE AND NANOTECHNOLOGY  Adv. Nat. Sci.: Nanosci. Nanotechnol. 3 (2012) 013001 (9pp)  doi:10.1088/2043-6262/3/1/013001  REVIEW  Targeted proteins for diabetes drug design Ngoc Doan Trang Nguyen1 and Ly Thi Le1,2 1  Life Science Laboratory, Saigon Institute for Computational Science and Technology, Quarter 6, Linh Trung ward, Thu Duc district, Ho Chi Minh City, Vietnam 2 School of Biotechnology, Ho Chi Minh International University, Quarter 6, Linh Trung ward, Thu Duc district, Ho Chi Minh City, Vietnam E-mail: nndtrang@icst.org.vn and ly.le@hcmiu.edu.vn  Received 16 May 2011 Accepted for publication 9 December 2011 Published 9 February 2012 Online at stacks.iop.org/ANSN/3/013001 Abstract Type 2 diabetes mellitus is a common metabolism disorder characterized by high glucose in the bloodstream, especially in the case of insulin resistance and relative insulin deﬁciency. Nowadays, it is very common in middle-aged people and involves such dangerous symptoms as increasing risk of stroke, obesity and heart failure. In Vietnam, besides the common treatment of insulin injection, some herbal medication is used but no uniﬁed optimum remedy for the disease yet exists and there is no production of antidiabetic drugs in the domestic market yet. In the development of nanomedicine at the present time, drug design is considered as an innovative tool for researchers to study the mechanisms of diseases at the molecular level. The aim of this article is to review some common protein targets involved in type 2 diabetes, offering a new idea for designing new drug candidates to produce antidiabetic drugs against type 2 diabetes for Vietnamese people. Keywords: diabetes of type 2, drug design, protein target, crystal structure Classiﬁcation numbers: 2.05, 3.02  Vietnam, however, diabetes treatment medication has mostly been derived from herbal sources. Most herbal sources used are from the traditional medication of ancient times, such as bittermelon (Momordica) [1], Giao Co Lam (Gynostemma pentaphyllum) [2], Tho Phuc Linh (Smilax Glabra) [3, 4], Okra (Abelmoschus escunlentus) [5], Luc Vi Dia Hoan (named phanoside) [6], etc. These medicines can be used separately or conjointly in a complete remedy. Recently there has been some usage of methi seed (fenugreek) imported from India. But still there are no unifying remedies for type 2 diabetes speciﬁcally from herbal-derived medication, and there is still no report at protein or molecular levels on the action of these drugs on protein target in the mechanism of deactivation of the disease. According to a report at the Cardiology Conference in Ho Chi Minh City in 2004, 75% of diabetes patients died because of stroke, 55% of them due to coronary thrombosis, and more than 5% of adults have type 2 diabetes. However, antidiabetic drug treatment can still not be produced widely in the domestic market because of the lack of scientiﬁc knowledge guidance.  1. Introduction Type 2 Diabetes mellitus, known as non-insulin-dependent diabetes mellitus or adult-onset diabetes is deﬁned as a metabolism disorder. Metabolism refers to the way our bodies digest food for energy, which in this case means the glucose level in the bloodstream. Diabetes is characterized by high glucose in the bloodstream, especially in the case of insulin resistance and relative insulin deﬁciency. Type 2 diabetes is a very common disease, which occurs mostly in middle age, but the genes involved have not yet been discovered. It shows signiﬁcant increased risk of stroke and heart failure, with many additional symptoms such as renal failure, blindness and amputation. Normally patients are treated with diet, drugs and most commonly, insulin injection. Many new generations of drugs have been produced in silico, gaining their speciﬁcity and efﬁcacy acting as active biomolecules interacting with the target sites in human body molecular complex structures. Current type 2 diabetes drugs are not only expensive but also reveal several signiﬁcant side-effects. In 2043-6262/12/013001+09$33.00  1  © 2012 Vietnam Academy of Science & Technology  Adv. Nat. Sci.: Nanosci. Nanotechnol. 3 (2012) 013001  N D T Nguyen and L T Le  Table 1. Pathways of potential action of insulin-secreting drugs. Site 1  Stimulation of β-cell metabolism Activation of glucokinase Inhibition of glucose-6-phosphatase Alternatives fuels Inhibition of mitochondrial Na+ /Ca2+ exchanger  Site 2  Increase of β-cell [Ca2+ ]i by blockade of KATP channels Interaction with SUR1 Interaction with K+ 6.2 IR  Site 3  Increase of [Ca2+ ]i by action at sites other than KATP channels Blockade of other K+ channels Activation of Ca2+ channels Activation of ionic channel Inhibition of [Ca2+ ]i lowering processes  Site 4  Stimulation of amplifying pathways in β-cells Activation of the nutrient-mediated ampliﬁcation Inhibition of AMP kinase Inhibition of 11β-hydroxysteroid dehydrogenase type 1 Sensitization to Ca2+ Inhibition of cAMP degradation Activation of the PKC pathway  Site 5  Action on β-cell membrane receptors Antagonists of inhibitory receptors Agonists of stimulatory receptors  Site 6  Action on β-cell nuclear receptors  Figure 1. Potential six sites of action for insulin-secreting drug.  In general, greater efforts are needed in the design, characterization and application of materials and devices at nanoscale for treating the disease. In this article, we review all potential protein target sites type 2 of diabetes disease and elucidate its mechanism. The aim of our work is to provide for opportunities to strategically develop effective treatment [7].  SUR means sulfonylurea receptor; IR-insulin receptor; ATP-adenosine triphosphate; AMP-adenosine monophosphate; cAMP-cyclic AMP; PKC-protein kinase C.  2. Mechanisms involved in the disease and common protein target  The ﬁrst insulin secretagogues to consider are sulfonylureas. They have been used as the original oral medication for type 2 diabetes patients in the United States since 1955. Sulfonylureas signal insulin release from the pancreatic beta cells by the mechanism on Ca2+ channels, allowing Ca2+ to enter the voltage-dependent Ca2+ channels, increasing the free cytosolic calcium level (ﬁgure 2). Hellman et al [9, 10] showed that sulfonylureas together with tolbutanmide, owing to the insulin secretory process by a lipophillic interaction with the phospholipid domain in the membrane, play a role in activating the voltage-dependent Ca2+ channel. Studies have demonstrated that sulfonylureas bound with a high afﬁnity to speciﬁc receptors on the beta-cell membrane reﬂect the ability of these compounds to stimulate insulin secretion from the beta-cell. They are bound to a receptor located on the plasma membrane adjacent to potassium channels, called sulfonylurea receptor (SUR) whose possible endogenous transmitter is not known. SUR activation inhibits ATP-sensitive K+ channels leading to a reduced efﬂux of potassium. The rise of intracellular potassium concentration creates a sufﬁcient cellular depolarization to elicit the opening of voltage-dependent calcium channels. This ultimately increases intracellular Ca2+ which elicits insulin secretion. Sulfonylureas can, moreover, inhibit glucagon secretion and sensitize target tissues to the action of insulin. Sulfonylureas of the second generation—glipizide, glibenclamide, gliclazide, glibornuride and glimepiride, are active with doses much lower than those of the active sulfomylureas of the ﬁrst generation: tolbutamide, chlorpropamide and carbutamide. However, sulfonylureas and insulin have reduced microvascular risk  The search for the optimal treatment of type 2 diabetes might have complications due to the complex pathogenesis of the disease. There are many searches for therapy to improve the action of insulin on its target tissues and ﬁnding those compounds which have the ability to improve the secretion of insulin by beta-cells. In the past decade, several new oral agents have been discovered to control blood sugar for type 2 diabetes patients. These pharmacological agents work by different mechanisms and with adverse effects. There are the following common groups. 2.1. Insulin secretagogues These can be classiﬁed as drugs designed to delay the absorption of carbohydrates from the gastrointestinal tract and insulin sensitivity. Commonly there are two kinds of secretagogue drugs: sulfonylureas and non-sulfonylureas. Sulfonylurea drugs are those agents stimulating pancreatic beta-cell insulin secretion, such as glibenclamide (glyburide), glipizide, chlorpropamide, tolbutamide and glimepiride. Non-sulfonylurea insulin secretagogues are newer agents that also stimulate insulin secretion but are more short-acting. Figure 1 illustrates schematic representation of the triggering and amplifying pathways involved in the control of insulin secretion by glucose. It is supposed that there are six potential sites of action of insulin-secreting drugs. Jean-Claude Henquin [8], from American Diabetes Association, proposed six potential sites of action for insulin-secreting drugs in 2004, which are summarized in table 1. 2  Adv. Nat. Sci.: Nanosci. Nanotechnol. 3 (2012) 013001  N D T Nguyen and L T Le  in treatment using the native form of GLP-1. Therefore, the therapeutic strategy of treatment is using DPP-4 inhibitors to slow down the degradation process of incretin; DPP-4 inhibitors increase the effects of GLP-1 and GIP two to three times in both animal models and in patients [16]. The mechanism of DPP-4 inhibition can be described as that DPP-4 inhibitors prevent GLP-1 activation, and thus, it increases GLP-1 levels. Much evidence from animal model studies showed the importance of DPP-4 inhibition on GLP-1 levels and furthermore, on insulin secretion which also improves β-cell. 2.4. Peroxisome proliferator-activated receptor (PPAR-γ ) Recently the development of the safer antidiabetic agent target PPAR-γ was announced by Choi et al [18]. It is the type 2 nuclear receptor, mainly expressed in adipose [19]. PPAR-γ has three messenger ribonucleic acid (mRNA) isoforms. At different levels and positions PPAR-γ 1 is predominantly expressed widespread, albeit at low level, while PPAR-γ 2 and PPAR-γ 3 are expressed more highly in adipose tissue. It is interesting to notice that only adipose tissue expresses the highest level of PPAR-γ mRNA, namely PPAR-γ in skeletal muscle, and it is found to be increased with insulin resistance [20, 21]. PPAR-γ also has its regulation by insulin, tumor necrosis and glucocorticoids [22]. There is also a paradox for PPAR-γ in how its agonist improves insulin sensitivity in muscle in glucose uptake up to maximum, because adipose tissues play important roles in the human body and are responsible for glucose homeostasis. As a typical character of nuclear receptors, PPAR-γ shows up a structure of distinct functional domains and the receptor exerts many of its effects by regulating target gene transcription in a ligand-dependent manner. When PPAR-γ is bound with a ligand or some kind of synthetic compound, such as thiazolidinedione, the whole structure becomes active and complex with another transcription factor retinoid X-receptor (RXR). The heterodimer complex PPAR-γ -RXR is then bound to a speciﬁc DNA motif, which is known as peroxisome proliferate response element (PPREs) in the promoters of target gene [23]. This then leads to the activation of regulation. Thiazolidinedione belongs to a class of drugs (glitazones) acting primarily as effective insulin sensitizers, which have speciﬁc high-afﬁnity ligands for PPAR-γ . Another remarkable feature of thiazolidione insulin sensitizers is their synergism with other glucose-lowering drugs like metformin and sulfonylurea. Glitazones in combination with metformin, insulin and sulfonylureas, while added to current treatment in patients with glycemic control, are proposed to act effectively.  Figure 2. Action of sulfonylurea on β-cell.  by 37%, according to the UK Prospective Diabetes Study (UKPDS), but other risks of myocardial infarction, stroke and congestive heart failure also decreased [11]. 2.2. Alpha-glucosidase inhibitors These drugs act to slow the absorption of carbohydrates, reducing postprandial elevations in plasma glucose level. They cause a rather mild reduction in hemoglobin A1c (HbA1c) but do not show any signiﬁcant plasma glucose level reduction during the fast. Drugs such as acarbose and miglitol are the most common of this group. The mechanisms of these drugs are based on the action of membrane-bound enzymes, the intestinal alpha-glucosidases in the intestinal brush borde. These enzymes hydrolyze starch residues, oligosaccharides and disaccharides, thus releasing glucose in the intestine brush borde. This hydrolysis is necessary for the absorption of digestive carbohydrates, because only monosaccharides like glucose and fructose can be absorbed. Inhibition of alpha-glucosidases by products such as acarbose, miglitol or emiglitate, reduces and delays the digestive absorption of glucose and decreases post-prandial hyperglycemia [12]. 2.3. Dipeptidyl pepdidase 4 (DPP-4) inhibitors Glucagon like peptide-1 (GLP-1) is one of the important hormones, in response to metabolism. GLP-1, together with glucose-dependent insulinotropic peptide (GIP), released after meal ingestion, delay gastric emptying, increase insulin secretion and reduce glucagon secretion [13]. However, these incretins are degraded easily by dipeptidyl peptidase-4 (DPP-4), and therefore, GLP-1 is no longer the most interesting therapeutic target, though it might be considered as an antidiabetic hormone [14]. DPP-4 is widely expressed on the surface of many cell types of many organs. DPP-4 may circulate in a soluble form [15, 16]. The mechanism of DPP-4 in inactivation of these incretins by cleavage of the two NH2-terminal amino acids of bioactive peptides, forming alanine or proline to the second amino-acids of GLP-1, make it cleaved to a truncated form [16, 17]. Thus, GLP-1 always has a short half-life, less than 2 min, causing many constraints  3. Proteins involved in drugs against type 2 diabetes The 3D structures of most proteins were obtained by using any of three methods: x-ray diffraction (XRD), nuclear magnetic resonance (NMR) and theoretical modeling. XRD and NMR are two of the most common methods. Since they are experimental methods, the empirical results from them can more accurately describe the 3D structure than the others. By the treatment of NMR data one can derive the molecular 3  Adv. Nat. Sci.: Nanosci. Nanotechnol. 3 (2012) 013001  N D T Nguyen and L T Le  Figure 4. Reaction of the reduction from E1 to E2.  Its activity is also affected by glycosylation and membrane attachment [30]. 11β-HSD1 is crystallized to serve various studies on 11β-HSD inhibitors. However, the crystal structure, which is a homodimer in an asymmetric unit, is devoid of hydrophobic N-terminal portion. The 3D structure of 11β-HSD1 is given in table 2. Several attempts have been made to ﬁnd out possible effects of membrane attachment on 11β-HSD1 activity due to the fact that 11β-HSD1 transcript, lacking hydrophobic N-terminal, can be active only when it is attached to the ER membrane. Its activity becomes very unstable and is lost within hours after solubilization and release from the ER membrane [34]. In vitro 11β-HSD1 and its isomer 11β-HSD2 anchor the ER in opposite directions. Particularly, the N-terminal of this enzyme faces cytosol space and the C-terminal harboring catalytic residues group is directed toward ER-lumen while in the case of 11β-HSD2, the N-terminus is lumenal and the C-terminal is cytoplasmic [29]. The oxidative environment inside the ER-lumen requires cofactor to allow the catalysis of the reductase reaction by 11β-HSD1. The consequence of 11β-HSD1 inhibition also needs to be taken into account since 11β-HSD plays other important roles in regulating oxysterol metabolism [35].  Figure 3. Interconversion of cortisone and cortisol mediated by 11β-HSD1 and 11β-HSD2.  parameters of proteins and calculate their 3D structures. From XRD experimental results one can obtain the electron density map and recognize the crystallization or solution phase of the electron clouds. The solvent effect on protein can be examined by observing the crystallization of the same protein into many crystalline forms in different solvents. Therefore, one can get the best whole 3D structure on the basis of the analysis of above-mentioned data. However, the hydrogen atom in this method is hard to examine because it has only one electron. In a newer model of x-ray crystal diffraction, hydrogen atoms can be added to the structure by modeling [24]. The temperature and resolution are the most important factors that affect the ﬁnal model of the structure [25]. 3.1. 11β-Hydroxysteroid dehydrogenase (HSD) 11β-HSD belongs to short-chain dehydrogenase/reductase (SDR) protein family, which catalyzes the conversion of cortisone to cortisol available in brain, liver and adipose tissues in humans. Its isoform 11β-HSD2 is expressed predominantly in liver. Cortisol is an active glucocortisoid, which plays a key role in diabetes, so 11β-HSD is an important therapeutic target for type 2 diabetes. Many studies have shown that the high circulating levels of the active glucorticoid cortisol lead to insulin-resistant diabetes, central obesity, dyslipidemia and hypertension [26]. 11β-HSD1 inhibition is a tempting target for the treatment of glucortinoid-associated diseases, especially of type 2 diabetes [27, 28]. 11β-HSD1 activity is highly dependent upon the cofactor nicotinamide ademine dinucleotid phosphate/micotinamide ademine dinucleotid phosphate-oxidase (NADP/NADPH), while type 2 is nicotinamide ademine dinucleotid (NAD+)-dependent dehydroductase (ﬁgure 3). 11β-HSD1 activity is determined by a near protein, hexose-6-phosphate hydrogenase, which generates NADPH in the endoplasmic reticulum (ER)-lumen [29]. 11β-HSD1 has both dimer and tetramer organizations. Hydrophobic N-terminal determines their orientation in the ER membrane while C-terminal of one subunit caps the active site of the other partner in dimer.  3.2. 17β-Hydroxysteroid dehydrogenase type 1 (17β-HSD1) 17β-HSD1 plays a pivotal role in the local synthesis of the most potent estrogen estradiol. Its expression is a prognostic marker for the outcome of patients with breast cancer. Its inhibition is currently under consideration for breast cancer prevention and treatment. 17β-HSD1 is over-expressed in breast tumor cells, because estrogen target cells 17β-HSD1 catalyze the NADPH-dependent reduction of estrone (E1) to the potent 17β-estradiol (E2) [36]. For women in the post-menopausal phase, the proliferation of this hormone is led by increased levels of E2, so it is commonly considered as a novel therapeutic target (ﬁgure 4). This enzyme is thus an important target for inhibitor design. The structure of recombinant human 17β-HSD1 in complex with estradiol at room temperature has been determined at 1.7 Å resolution, and a ternary 17β-HSD1–estradiol–NADP+ complex at −150 ◦ C has been solved and reﬁned at 2.20 Å resolution [37]. The structures show that estradiol interacts with the enzyme through three hydrogen bonds, and hydrophobic interactions between the core of the steroid and nine other residues (ﬁgure 5). Recently, the 3D structure of human 17β-HSD1 has been 4  Adv. Nat. Sci.: Nanosci. Nanotechnol. 3 (2012) 013001  N D T Nguyen and L T Le  Table 2. 3D structure of 11β-HSD1 according to Protein Data Bank (PDB) code and species using x-ray diffraction method. Species  3D Structure  Murine  PDB ID: 1Y5M; Resolution: 2.30 Å; Reference: Zhang [31]  PDB ID: 1Y5R; Resolution: 3.00 Å; Reference: Zhang [31]  Guinea pig  PDB ID: 1XSE; Resolution: 2.50 Å; Reference: Ogg [30] Human  PDB ID: 1XU9; Resolution: 1.55 Å; Reference: Hosﬁeld [32]  PDB ID: 1XU7; Resolution: 1.80 Å Reference: Hosﬁeld [32]  PDB ID: 2BEL; Resolution: 2.11 Å; Reference: Wu et al [33]  determined independently at 2.20 Å resolution [38]. From proposed models only in the structure of the ternary complex there are descriptions of substrate interaction at the active site and a putative mechanism [38]. The main characteristic of the packing is the formation of a crystallographic dimer, thought to be equivalent to the active dimer in solution. Twenty crystal structures of 17β-HSD1 had been available in PDB by May 2010. 3.3. Glutamine fructose-6-phosphate amidotransferase (GFAT or GFPT) GFAT plays a key role in hexosamine biosynthetic pathway, which is involved in glucose-induced insulin resistance and the induction of the synthesis of growth factor [39].  Figure 5. The overall structure of 17β-HSD1–estradiol–NADP+ complex. Stereoscopic view of 17β-HSD1, complexes with estradiol and NADP+.  5  Adv. Nat. Sci.: Nanosci. Nanotechnol. 3 (2012) 013001  N D T Nguyen and L T Le  Figure 7. Crystal structure of GFAT1 (dimer). Figure 6. Crystal structure of GFAT1 (monomer).  against diabetes and obesity. Human GFAT1 has two forms, monomer (ﬁgure 6) and dimer (ﬁgure 7). UDP-GlcNAc, as mentioned above, is an important ligand to the hexosamine pathway, and the smallest unit of GFATs with full competent characteristics is a dimer, so it is essential to build a 3D structure of a dimer. The template to develop 3D structure of GFAT1 is generated from the crystal structure of E. coli GFAT (GLmS). Its PDB code is 1jax. The human GFAT1 monomer contains two domains: N-domain (residues 1–310) and C-domain (residues 311–680). The complete structure of human GFAT1 monomer has the binding site of glucose-6-phosphate (G6Q) in the C-domain and the ligand binding site of glutamine in the N-domain. The binding site of human GFAT1 with G6Q was shown to have the atomic coordinate which is similar to that in GLmS with 1jax PDB code. The binding site of GFAT1 with glutamine was derived by superimposing the crystal structure (PDB code: 1gdo) on to the structure of GFAT1. The generating method for building the dimer structure for human GFAT1 is similar to that used to build the 3D monomer structure. It can also be done by performing the modeling procedure based on the same sequence alignment but using both B-chain and C-chain of the crystal structure of GLmS as a template. The two chains of the dimer were subjected to being an overall energy minimization to all atoms which ﬁnalize the entire structure of the dimer. These ﬁndings can gain mutagenesis studies and synthesis compounds as inhibitors for therapeutic treatments of type 2 diabetes.  The hexosamine pathway is the sensor of the glycoglysis pathway, in the reaction of fructose-6-phosphate (F6P) with the NH2 donor amino acid, a glutamine which is converted to glucosamine-6-phosphate (GlcN6P) by the glutamine fructose-6-phosphate amidotransferase (GFA) enzyme. Subsequent reactions result in the formation of uridine diphosphate N-acteylglucosamine (UDP-GlcNAc) which is utilized as a substrate for N- and O-linked glycosylation. It is intracellular protein O-glycosylation mediated by O-linked GlcNAc transferase (OGT) which has been postulated to contribute to glucose toxicity by altering gene expression. The synthesis of glucosamine begins with the transport of glucose into the cell and its conversion to glucose-6-phosphate by hexokinase and then isomerization to fructose-6-phosphate by the enzyme phosphofructose kinase I of the glycolysis pathway. Then fructose-6-phosphate can go through the normal metabolic pathway as previously described in glucose metabolism. Due to the hexosamine pathway, 2–5% of fructose-6-phosphate formed in glycolysis is converted to glucosamine. Fructose-6-phosphate is isomerized and aminated by glutamine and GFAT (L-glutamine, D-fructose6-phosphate amidotransferase) to yield glucosamine6-phosphate [40]. First, acetyl-coenzyme (CoA) from either glucose metabolism or fatty acid oxidation transfers its acetyl group to glucosamine-6-phosphate to produce N-acetylglucosamine-6-phosphate [41, 42]. Then, a uridine nucleotide (UDP) is added to the glucosamine yielding uridine 5 -diphospho-N-acetylglucosamine (UDP-GlcNAc) [40]. Overall the production of UDP-GlcNAc requires glucose, glutamine, acetyl-CoA, uridine, and ATP. Studying the interaction of GFAT with UDP-GlcNAc and its 3D structure will provide more chances to develop a new strategy for treatment of type 2 diabetes. The majority of glucose will enter the glycolysis pathway, with a small percentage entering the hexosamine pathway. Hexosamine biosynthesis is known to contribute to insulin resistance and the induction of the synthesis of growth factor. GFPT or GFAT regulate the hexosamine pathway products. Therefore, this is involved in a therapeutic target against type 2 diabetes [43]. The human GFAT has three isoforms, GFAT1, GFAT2 and GFAT1L [44, 45]. GFAT1 gains most interest because it has high expression in liver and fatty tissues, and therefore is a target  3.4. Protein tyrosine phosphatase 1B (PTP1B) In cell system, tyrosine phosphorylation is the process of addition of a phosphate (PO4 ) group into a protein or a molecule. Phosphorylation is a very common process because phosphate can regulate many enzymes and receptors, causing or inhibiting the mechanisms of many diseases like type 2 diabetes. Tyrosine phosphorylation is a process rather rare than common; still, its function is in research for cell elongation, proliferation and differentiation. Tyrosine phosphorylation of type 1 insulin-like growth factor (IGF-I) receptor is the autophosphorylation of tyrosine residues in the insulin receptor activation loop. The receptor bound to IGF-I has tyrosine kinase activity and can be bound with a high afﬁnity to activate many cellular proliferations. Tyrosine phosphorylation process is controlled by protein tyrosine kinases (PTKs) and protein tyrosine phosphatases (PTPs). 6  Adv. Nat. Sci.: Nanosci. Nanotechnol. 3 (2012) 013001  N D T Nguyen and L T Le  Figure 8. Protein tyrosine phosphatase 1B [PDB code: 3A5J]. Figure 9. Crystal structure of SIRT6 (PDB code: 3K35).  PTPs are a group of enzymes that remove phosphate groups from phosphorylated tyrosine residues on proteins. PTP’s family is a largely diverse protein family of enzymes. PTP is recognized by its unique 11-residue sequence motif (I/V) HCXAGXXR(S/T) G with cysteine and arginine essential for catalysis. Recent studies report that PTP1B (ﬁgure 8), which is the ﬁrst PTP to be isolated in homogenous form, plays a role as an important regulator of the insulin-signaling pathway [46]. The process of insulin signal transduction involves tyrosine phosphorylation in the insulin-receptor activation loop. The insulin receptors are therefore added more, together with the activation of phosphatidylinositol-3-kinase (PI3K) and downstream protein kinase B, activation and subsequent translocation of the glucose transporter type 4 (GLUT4) [47]. This process is regulated by PTP1B by dephosphorylating phosphor-tyrosine residues of the tissue insulin receptor kinase. Being published ﬁrst in 1994, the crystal structure of catalytic domain of PTP1B is a 37 kDa (residues 1 to 321), which has been determined at 2.8 Å resolution. The catalytic site of the enzyme is located at the base of a shallow cleft. The phosphate recognition site is created from a loop located at the N-terminus of an alpha-helix. This site contains 11-residue sequence motif, which is typical for PTPs, together with catalytically active cysteine and arginine. In this structure, sodium tungstate was used as a heavy metal derivative for its tight binding to PTP1B. The structure of PTP1B is the framework model for other members of the PTP family and a milestone for understanding of tyrosine dephosphorylation. PTP1B is known to be the ﬁrst PTP enzyme which was puriﬁed from human placental tissue in 1998. In 435 amino-acid composed protein the catalytic domain comprises 30–278 amino-acids. The 35C-terminal residues are rich in proline, playing a role in targeting the enzyme to the cytoplasmic face of the endoplasmic reticulum. The catalytic loops comprise the main structure. They contain the catalytic residue Cys 215, the WPD loop (tryptophan, proline and aspartic acid) and the secondary aryl-phosphate-binding site. The active site of PTP1B is the same as those of all PTPs structures. The base of the catalytic site is deﬁned by 214–221 amino-acids of PTP signature motif [48] which is a loop of 8 amino acid residues  coordinated to the phosphate group attached at the 4th position of the phenyl group in tyrosine, the aryl-phosphate moiety of the substrate. Four other loops are rigid. Residues form the sides of the catalytic cleft and contribute to catalysis and substrate recognition process. The depth of the catalytic cleft is about 8–9 Å [46]. Drug design relies on the conformation of 3D structure through XRD/NMR spectroscopy of the protein. PTP1B is a new target for drug design against type 2 diabetes mellitus for its management of insulin resistance. The crystal structure of PTP1B with the inhibitors proclaims that there is another binding site (Arg 24 and Arg 254) besides the phosphotyrosine binding site (residues Cys 215–Arg 221). Inhibitors bound into the two binding sites are found to have high potential in activities at the nanomolar range [46]. Recently, a third binding site was discovered (residues Tyr 46–Asp 48) due to its potential activities and selectivity of inhibitors. The potential of new drug design was to demonstrate that the antisense oligonucleotides to PTP1B reduced the levels of the phosphatase in liver and fat, but not in muscle, which was known to enhance the insulin sensitivity. 3.5. Mono-ADP-ribosyltransferase-sirtuin-6 (SIRT6) The crystal structure of SIRT6 has 3K35 PDB code (ﬁgure 9), which was deposited on 1 October 2009. It has many alternative names such as SIR2L6, NAD-dependent deacetylase sirtuin-6, sirtuin type 6, Sir2-like protein 6, Sir2-related protein type 6. The protein size is 39119.8 Da and the number of residues is 355 amino acids. The function of NAD+-dependent protein deacetylase in biological processes is gene silencing, cell cycle progressing, chromosome segregation, cell apoptosis and survival [49]. There are seven proteins of the sirtuin family (SIRT1 to SIRT7) that share 250 amino acid core domains. The authors solved the crystal structure of human SIRT6 in complex with ADP-ribose at 2.0 Å resolution. Being a mammalian enzyme, SIRT6 is a nuclear protein which is linked to heterochromatic regions. It has been reported to have both ADP-ribosyl transferase and deacetylase activity [50]. SIRT6 belongs to 7  Adv. Nat. Sci.: Nanosci. Nanotechnol. 3 (2012) 013001  N D T Nguyen and L T Le  the sirtuin protein family, together with SIRT1–SIRT7, those are homologs to the yeast Sir2 protein. Members of the sirtuin family are characterized by a sirtuin core domain and grouped into four classes. Human sirtuin’s function was then unknown, but yeast Sir2 protein was known to affect genomic stability of yeast aging. This protein is a complex that coats telemeres and rDNA repeats, therefore it can promote genomic stability. Blander and Guarente discovered that Sir2 is also a NAD+-dependent deacetylase and life span extension is calorically restricted by yeast [51]. Then several studies at ﬁrst focused on SIRT1, which is the most correlated homolog of yeast Sir2 [49]. Mostoslavysky et al [52] studied the ability of SIRT6 to prevent DNA damage and maintain genomic stability. SIRT6 can degrade mouse embryo ﬁbroblasts (MEFs) and undifferentiated stem (ES) cells, showing sensitivity to alkylating and oxidizing agents [52]. SIRT6 was found to have the ability to deacetylate histones and DNA pol β [52]. Therefore, we can conclude that the mechanism of enzymatic activity of SIRT6 is a very interesting issue, as it can serve as a target for drug design against aging disease. Another study involved how cellular enzyme affects blood glucose levels in mice [53] describing an experiment showing that blood sugar can be induced dramatically while enzyme SIRT6 is absent in mice. This led to the new way of learning how this protein can control the way that a cell uptakes glucose, which means we will ﬁnd a new way to treat type 2 diabetes and even cancer.  5. Conclusion Type 2 diabetes is the metabolism disorder symptom where the body is unable to produce insulin properly to control glucose level in the bloodstream. Prospective clinical studies have proven the beneﬁts of tighter glucose control in reducing the frequency and severity of complications of the disease, leading to the advocacy of earlier and more aggressive use of insulin therapy. Given the reluctance of patients with type 2 diabetes to inject themselves with insulin, orally active insulin mimetics would be a major therapeutic advance. Several proteins have been reported above which are involved in potential drug design for type 2 diabetes, and for further understanding of the mechanism of action of the biology of glycogen metabolism and insulin secretion in order to synthesize several natural compounds to serve as drug candidates. Vietnam, with rich herbal resources, has a great opportunity to develop type 2 diabetes drugs. Our suggestion is to isolate bioactive compounds from known herbals and test their interactions with the selected target proteins presented above for better understanding of those compounds and protein interactions which lay a solid foundation for the development type 2 diabetes drugs. Note. Figures of all crystal structures are rendered using PyMol, software developed by Warren L DeLano.  Acknowledgment The work was funded by the Ho Chi Minh Institute for Computational Science and Technology (ICST) through grant number 202/TB-SKHCN on 2 November 2010 for SDR project.  4. Discussion about common antidiabetic drugs development Antidiabetic drugs are medicines which help to control blood sugar levels of people with diabetes mellitus. Patients with type 2 diabetes have to uptake insulin every day to maintain the glucose level in blood because the pancreas produces little or no insulin. For type 2 diabetes treatment, besides insulin injection, four types of medication (oral hypoglycemics) can be used to control the level of glucose. The four types of oral hypoglycemics are sulfonylureas, such as glipizide (glucotrol), glyburide (diabeta, glynase, micronase), chlorpropamide (diabinese) and tolbutamide (orinase); biguanides, such as metformin (glucophage); alpha-glucosidase inhibitors, such as acarbose (precose) and miglitol (glyset); and thiazolidinediones, such as troglitazone (rezulin). But at present, there is no available drug other than insulin considered as interacting directly with insulin receptors. There is much ongoing research to ﬁnd other non-peptide drugs which are able to activate the insulin receptors. Patients with type 2 diabetes will have to measure glucose in the blood stream by checking the glycated hemoglobin A1c level, in order to achieve an appropriate medication. In a healthy person, normal A1c would be less than 4%, but for people with diabetes, as suggested by the American Diabetes Association (ADA), A1c is 7% or higher [54]. Antidiabetic drugs may refer to several types with speciﬁc function; drugs that increase insulin; drugs that increase insulin sensitivity; drugs that decrease glucose inﬂux, drugs decreasing the liver’s glucose output and those sequester bile acids.  References [1] Nguyen P L K 1982 Hypoglycemia effect of bittermelon’s pill on diabetes mellitus MD Thesis 06 Department of Traditional Medicine, University of Medicine and Pharmacy in Ho Chi Minh City, p 19 (in Vietnamese) [2] Huong N V and Linh T H 2002 J. Traditional Med. (Ho Chi Minh City: University of Medicine and Pharmacy) 6 43 (in Vietnamese) [3] Xuan N N, Phan D V and Thuan N D 2000 J. Pharm. 4 12 (in Vietnamese) [4] Xuan N N, Phan D V and Thuan N D 2000 J. Pharm. 11 20 (in Vietnamese) [5] Dung N P and Kim Dung T V 2001 J. Med. (Ho Chi Minh City: University of Medicine and Pharmacy) 4 19 (in Vietnamese) [6] Dung N A 2002 Research on development of phanoside remedy 4th Conf. on Science and Technology of University of Medicine and Pharmacy (Ho Chi Minh City), Suppl. vol 4, p 87 (in Vietnamese) [7] Debbage P 2009 Curr. Pharm. Des. 15 153 [8] Henquin J C 2004 Diabetes 53 S48 [9] Hellman B, Leinmark A, Sehlin J, Soderberg M and Taljedal I B 1976 Endocrinology 99 1398 [10] Hellman B 1974 Pharmacology 11 257 [11] Vogel H G 2002 Drug Discovery and Evaluation: Pharmalogical Assays 2nd edn (Berlin: Springer) pp 1030–6 [12] Lebovitz H E 1997 Endocrin. Metab. Clin. 26 539 [13] Drucker D J and Nauck M A 2006 Lancet 368 1696 [14] Ahrén B 2005 Curr. Enzyme Inhibit. 1 65 [15] Mentlein R 1999 Regul. Pept. 85 9 8  Adv. Nat. Sci.: Nanosci. Nanotechnol. 3 (2012) 013001  N D T Nguyen and L T Le  [16] Deacon C F, Ahrén B and Holst J J 2004 Expert Opin. Investig. Drugs 13 1091 [17] Deacon C F 2004 Horm. Metab. Res. 36 761 [18] Choi J H, Banks A S, Estall J H, Kajimura S, Bostrom P, Dina L, Ruas J L, Chalmers M J, Kamenecka Bluher M, Grifﬁn P R and Spiegelman B M 2010 Nature 466 451 [19] Auboeuf D, Rieusset J, Fajas L, Vallier P, Frering V, Roiu J P, Staels B, Auwerx J, Laville M and Vidal H 1997 Diabetes 48 1319 [20] Park K S, Ciaraldi T P, Abrams-Carter L, Mudaliar S, Nikoulina S E and Henry R R 1997 Diabetes 46 1230 [21] Loviscach M, Rehman N, Carter L, Mudaliar S, Nikoulina S E and Henry R R 2000 Diabetologia 43 403 [22] Rieusset J, Andreelli D, Auboeuf D, Roques M, Vallier P, Riou J P, Auwerx J, Laville M and Vidal H 1999 Diabetes 48 699 [23] Balasubramanyam M and Mohan V 2000 Curr. Sci. 79 1440–6 [24] Rhodes G 1993 Crystallography Made Crystal Clear (London: Academic) p 202 [25] Branden C and Tooze J 1999 Introduction to Protein Structure 2nd edn (New York: Garland Publishing) chapter 2 [26] Asensio C, Muzzin P and Rohner-Jeanreanaud F 2004 Int. J. Obesity 28 S45 [27] Davani B, Portwood N, Bryzgalova G, Reimer M K, Heiden T, Ostenson C G, Okret S, Ahren B, Efecndic S and Khan A 2004 Diabetes 53 S51 [28] Albert P, Engblom L, Edling N, Forsgren M, Klingstrom G, Larsson C, Ronquist-Nii Y, Ohman B, Andrews R C and Walker B R 1999 Clin. Sci. 96 513 [29] Odermatt A, Atanasov A G, Balazs Z, Schweizer R A S, Nashev L G, Schuster D and Langer T 2006 Mol. Cell. Endocrinol. 248 15 [30] Ogg D, Elleby B, Norstrom C, Stefansson K, Abrahmsen L, Opperman U and Svensson S 2005 J. Biol. Chem. 280 3789 [31] Zhang J, Osslund T D, Plant M H, Clogston C L, Nybo R E, Xiong F, Delaney J M and Jordan S R 2005 Biochemistry 44 6948 [32] Hosﬁeld D J, Wu Y, Skene R J, Hilger M, Jennings A, Snell G P and Aertgeert K 2005 J. Biol. Chem. 280 4639 [33] Wu Z, Kavanagh K, Svensson S, Elleby B, Hult M, Von Delft F, Marsden B, Jornvall H, Abrahmsen L and Oppermann U 2004 The high resolution structures of human, murine and  [34] [35] [36] [37] [38] [39] [40] [41] [42] [43] [44] [45] [46] [47] [48] [49] [50] [51] [52] [53] [54]  9  guinea pig 11-beta-hydroxysteroid dehydrogenase type 1 reveal critical differences in active site architecture pubmed To be published, available at Protein Data Bank http:// www.pdb.org/pdb/explore/explore.do?structureId=2BEL Andreas B, Andre R and Edmun M 2003 Biochemistry 42 4108 Labrie F, Luu-The V, Lin S X, Labrie C and Simard J 1997 Steroids 62 148 Ghosh D, Pletnev V Z, Zhu D W, Wawrzak Z and Duax W L 1995 Structure 3 503 Lin S X, Han Q, Azzi A, Zhu D W, Gongloff A and Campell R L 1999 J. Steroid Biochem. Mol. Biol. 96 425 Sawicki M W, Erman M, Puranen T, Vihko P and Ghosh D 1999 Proc. Natl Acad. Sci. USA 96 840 Trinh K Y, O’Doherty R M, Anderson P, Lange A J and Newgard C B 1998 J. Biol. Chem. 273 31615 Love D C and Hannover J A 2005 Science STKE 312 13 Boehmelt G, Fialka I, Brothers G, McGinley M D, Patterson S D, Mo R, Hui C C, Chung S, Huber L A, Mak T W and Iscove N N 2000 J. Biol. Chem. 275 12821 Boehmelt G et al 2000 EMBO J. 19 5092 Chou K C 2004 J. Proteome 3 1284 McKnight G L, Mudri S L, Matthewes S L, Traxinger R R, Marshall S, Sheppard P O and O’Hara P J 1992 J. Biol. Chem. 267 25208–12 Garcia-Salcedo J A, Gijon P, Nolan D P, Tebabi P and Pays E 2003 EMBO J. 22 5851 Zhou J, Neidigh J L, Espinosa R, LeBeau M M and McClain D A 1995 Hum. Genet. 96 99 Shravanti K, Kumar P K, Raju M B, Madhusudhanareddy I and Atyam G 2010 J. Pharm. Res. 3 2939 Shepherd P R, Withers D J and Siddle K 1998 Biochem. J. 333 471–90 Zhang Z Y 2003 Prog. Nucleic Acid Res. Mol. Biol. 73 171 Liszt G, Ford E, Kurtev M and Guarente L 2005 J. Biol. Chem. 28 21313 Blander G and Guarente L 2004 Rev. Biochem. 73 417 Mostoslavsky R et al 2006 Cell 124 315 Hasan S, El-Andaloussi N, Hardeland U, Hassa P O, Burki C, Imhof R, Schar R and Hottiger M O 2002 Mol. Cell 10 1213 Cheng A Y and Fantus I G 2005 Con. Med. Assoc. J. 172 213  "
}