<?xml version="1.0" encoding="UTF-8"?>
<!--Version 1.2 générée le 7-12-2018--><TEI xmlns:tei="http://www.tei-c.org/ns/1.0" xml:lang="en" type="research-article"><teiHeader><fileDesc><titleStmt><title level="a" type="main" xml:lang="en">Potential neuroprotective effects of acupuncture stimulation on diabetes mellitus in a global ischemic rat model</title></titleStmt><publicationStmt><authority>ISTEX</authority><publisher scheme="https://scientific-publisher.data.istex.fr">IOP Publishing</publisher><availability><licence><p>2010 Institute of Physics and Engineering in Medicine</p></licence><p scheme="https://loaded-corpus.data.istex.fr/ark:/67375/XBH-4D4R3TJT-T">IOP</p></availability><date>2010</date></publicationStmt><notesStmt><note type="research-article" scheme="https://content-type.data.istex.fr/ark:/67375/XTP-1JC4F85T-7">research-article</note><note type="journal" scheme="https://publication-type.data.istex.fr/ark:/67375/JMC-0GLKJH51-B">journal</note></notesStmt><sourceDesc><biblStruct type="inbook"><analytic><title level="a" type="main" xml:lang="en">Potential neuroprotective effects of acupuncture stimulation on diabetes mellitus in a global ischemic rat model</title><author xml:id="author-0000"><persName><forename type="first">Samjin</forename><surname>Choi</surname></persName><email>sigmoidus@khu.ac.kr</email><affiliation>Department of Biomedical Engineering, College of Medicine, Kyung Hee University, 1 Hoegi-dong, Dongdaemun-gu, Seoul 130-701, Korea</affiliation><affiliation>Healthcare Industry Research Institute, Kyung Hee University, Seoul 130-701, Korea</affiliation></author><author xml:id="author-0001"><persName><forename type="first">Gi-Ja</forename><surname>Lee</surname></persName><affiliation>Department of Biomedical Engineering, College of Medicine, Kyung Hee University, 1 Hoegi-dong, Dongdaemun-gu, Seoul 130-701, Korea</affiliation><affiliation>Healthcare Industry Research Institute, Kyung Hee University, Seoul 130-701, Korea</affiliation></author><author xml:id="author-0002"><persName><forename type="first">Su-Jin</forename><surname>Chae</surname></persName><affiliation>Department of Biomedical Engineering, College of Medicine, Kyung Hee University, 1 Hoegi-dong, Dongdaemun-gu, Seoul 130-701, Korea</affiliation><affiliation>Healthcare Industry Research Institute, Kyung Hee University, Seoul 130-701, Korea</affiliation></author><author xml:id="author-0003"><persName><forename type="first">Sung Wook</forename><surname>Kang</surname></persName><affiliation>Department of Biomedical Engineering, College of Medicine, Kyung Hee University, 1 Hoegi-dong, Dongdaemun-gu, Seoul 130-701, Korea</affiliation><affiliation>Department of Pharmacology, College of Medicine, Kyung Hee University, Seoul 130-701, Korea</affiliation></author><author xml:id="author-0004"><persName><forename type="first">Chang-Shik</forename><surname>Yin</surname></persName><affiliation>Acupuncture and Meridian Science Research Center, Kyung Hee University, Seoul 130-701, Korea</affiliation></author><author xml:id="author-0005"><persName><forename type="first">Seung-Hoon</forename><surname>Lee</surname></persName><affiliation>Department of Acupuncture and Moxibustion, College of Oriental Medicine, Kyung Hee University Medical Center, Seoul 130-702, Korea</affiliation></author><author xml:id="author-0006"><persName><forename type="first">Seok Keun</forename><surname>Choi</surname></persName><affiliation>Department of Neurosurgery, Kyung Hee University Medical Center, Seoul 130-702, Korea</affiliation></author><author xml:id="author-0007"><persName><forename type="first">Hun-Kuk</forename><surname>Park</surname></persName><affiliation>Department of Biomedical Engineering, College of Medicine, Kyung Hee University, 1 Hoegi-dong, Dongdaemun-gu, Seoul 130-701, Korea</affiliation><affiliation>Healthcare Industry Research Institute, Kyung Hee University, Seoul 130-701, Korea</affiliation><affiliation>Program of Medical Engineering, Kyung Hee University, Seoul 130-701, Korea</affiliation><affiliation>Author to whom any correspondence should be addressed</affiliation></author><idno type="istex">4718E26E2F7A793DFACB5E76B15AE8F2902DBC10</idno><idno type="ark">ark:/67375/0T8-NH06JJGN-5</idno><idno type="DOI">10.1088/0967-3334/31/5/003</idno><idno type="PII">S0967-3334(10)41521-X</idno><idno type="article-id">341521</idno><idno type="articleNumber">003</idno></analytic><monogr><title level="j">Physiological Measurement</title><title level="j" type="abbrev">Physiol. Meas.</title><idno type="pISSN">0967-3334</idno><idno type="eISSN">1361-6579</idno><idno type="publisher-id">pm</idno><idno type="CODEN">PMEAE3</idno><idno type="URL">stacks.iop.org/PM</idno><imprint><publisher>IOP Publishing</publisher><date type="published" when="2010"/><biblScope unit="volume">31</biblScope><biblScope unit="issue">5</biblScope><biblScope unit="page" from="633">633</biblScope><biblScope unit="page" to="647">647</biblScope><biblScope unit="production">Printed in the UK</biblScope></imprint></monogr></biblStruct></sourceDesc></fileDesc><profileDesc><creation><date>2010</date></creation><langUsage><language ident="en">en</language></langUsage><abstract><p>Acupuncture (ACU) is known to be effective in ischemia treatment, and glutamate (GLU) excitotoxicity is an important factor in neuronal cell death. We observed the effect of ACU on cerebral blood flow (CBF) and GLU (the changes in GLU release) in the ischemic stroke rat model of diabetic mellitus (DM). A global ischemia was induced using the eleven-vessel occlusion (11-VO) method in 14 Sprague-Dawley rats (DM), which were randomly divided into two groups: the control group and the ACU-treatment group. Extracellular GLU was assessed using an intra-cerebral biosensor system measuring 256 samples per second, simultaneously with CBF and electroencephalogram. ACU stimulation was applied to ACU points GB34 and GB39 during the ischemic period. Twenty-three diagnostic parameters were proposed first for a detailed analysis of changes in CBF and GLU release during ischemia/reperfusion. ACU rats showed a significant decrease in ischemic (p &lt; 0.05) and reperfusion CBF (p &lt; 0.0001) than control rats, and a significantly larger decrease in ischemic GLU (p &lt; 0.05) and peak level of reperfusion GLU (p &lt; 0.005) than control rats. From these results, we suggest that ACU stimulation is responsible for the potential protection of neurons through suppression of CBF response in the increased plasma osmolality and extracellular GLU in diabetic rats under ischemic conditions.</p></abstract><textClass><keywords scheme="keyword"><list><head>keywords</head><item><term>acupuncture (ACU)</term></item><item><term>diabetic mellitus (DM)</term></item><item><term>ischemia</term></item><item><term>cerebral blood flow (CBF)</term></item><item><term>glutamate (GLU)</term></item><item><term>eleven-vessel occlusion (11-VO) model</term></item></list></keywords></textClass></profileDesc><revisionDesc><change when="2010">Published</change></revisionDesc></teiHeader><text><body><div><p>
IOP PUBLISHING

PHYSIOLOGICAL MEASUREMENT

Physiol. Meas. 31 (2010) 633–647

doi:10.1088/0967-3334/31/5/003

Potential neuroprotective effects of acupuncture
stimulation on diabetes mellitus in a global ischemic
rat model
Samjin Choi1,2 , Gi-Ja Lee1,2 , Su-Jin Chae1,2 , Sung Wook Kang1,3 ,
Chang-Shik Yin4 , Seung-Hoon Lee5 , Seok Keun Choi6 and
Hun-Kuk Park1,2,7,8
1 Department of Biomedical Engineering, College of Medicine, Kyung Hee University,
1 Hoegi-dong, Dongdaemun-gu, Seoul 130-701, Korea
2 Healthcare Industry Research Institute, Kyung Hee University, Seoul 130-701, Korea
3 Department of Pharmacology, College of Medicine, Kyung Hee University, Seoul 130-701,
Korea
4 Acupuncture and Meridian Science Research Center, Kyung Hee University, Seoul 130-701,
Korea
5 Department of Acupuncture and Moxibustion, College of Oriental Medicine, Kyung Hee
University Medical Center, Seoul 130-702, Korea
6 Department of Neurosurgery, Kyung Hee University Medical Center, Seoul 130-702, Korea
7 Program of Medical Engineering, Kyung Hee University, Seoul 130-701, Korea

E-mail: sigmoidus@khu.ac.kr

Received 18 December 2009, accepted for publication 18 February 2010
Published 22 March 2010
Online at stacks.iop.org/PM/31/633
Abstract
Acupuncture (ACU) is known to be effective in ischemia treatment, and
glutamate (GLU) excitotoxicity is an important factor in neuronal cell death.
We observed the effect of ACU on cerebral blood ﬂow (%CBF) and GLU
(the changes in GLU release) in the ischemic stroke rat model of diabetic
mellitus (DM). A global ischemia was induced using the eleven-vessel
occlusion (11-VO) method in 14 Sprague-Dawley rats (DM), which were
randomly divided into two groups: the control group and the ACU-treatment
group. Extracellular GLU was assessed using an intra-cerebral biosensor
system measuring 256 samples per second, simultaneously with %CBF and
electroencephalogram. ACU stimulation was applied to ACU points GB34
and GB39 during the ischemic period. Twenty-three diagnostic parameters
were proposed ﬁrst for a detailed analysis of changes in %CBF and GLU
release during ischemia/reperfusion. ACU rats showed a signiﬁcant decrease
in ischemic (p &lt; 0.05) and reperfusion %CBF (p &lt; 0.0001) than control rats,
and a signiﬁcantly larger decrease in ischemic GLU (p &lt; 0.05) and peak
level of reperfusion GLU (p &lt; 0.005) than control rats. From these results,
we suggest that ACU stimulation is responsible for the potential protection
8

Author to whom any correspondence should be addressed.

0967-3334/10/050633+15$30.00

© 2010 Institute of Physics and Engineering in Medicine

Printed in the UK

633

634

S Choi et al

of neurons through suppression of %CBF response in the increased plasma
osmolality and extracellular GLU in diabetic rats under ischemic conditions.
Keywords: acupuncture (ACU), diabetic mellitus (DM), ischemia, cerebral
blood ﬂow (CBF), glutamate (GLU), eleven-vessel occlusion (11-VO) model

Introduction
Acupuncture (ACU), an ancient art derived from East Asian medical tradition, has been one
of the primary modalities applied to stroke patients in Korea. Reports on ACU in the medical
literature have been anecdotal (Erickson 2000). Based on its widespread use, promising results,
relatively fewer severe adverse effects, relatively low cost, and the insufﬁcient quality of past
research, a recent review recommended further research on ACU for stroke rehabilitation
(Yang et al 2005).
Ischemic stroke, which comprises about 80% of all stroke cases, is one of the leading
causes of death (Donnan et al 2008, Wu et al 2008). Under ischemic conditions, neuronal
survival is responsible for the process of energy deprivation and resupply, and glutamate (GLU)
excitotoxicity is the primary mechanism (Schuvailo et al 2006). Accumulated extracellular
GLU aggravates and ampliﬁes the impact of ischemic injury (Donnan et al 2008). Realtime in vivo monitoring of extracellular GLU release has been attempted using amperometric
biosensor technology, with successful application in the ﬁeld of medical research (Gardoni and
Di Luca 2006, Siu et al 2004). Chuang et al (2007) reported that electro-ACU based on ACU
stimulation using adopting stimulation instead of needle manual manipulation can attenuate
GLU excess in ischemic injury in a common carotid artery occlusion (CAO) model on ACU
points GV11 and GV16. On the other hand, Zhao and Cheng (1997) showed the effects of
aspartate and taurin in ischemic injury in a middle cerebral artery occlusion (MCAO) model
using electro-ACU on points GV8 and GV16.
Diabetes was reported to lead to an increase in morphologic brain damage and severity of
neurologic deﬁcits in animal models of global ischemia (Guyot et al 2000, 2001, Li et al 2000).
In addition, pre-ischemic diabetic mellitus (DM) aggravates brain damage caused by transient
global or forebrain ischemia (Muranyi et al 2006, Phillis et al 1999). Several studies have
concluded that DM or hyperglycemia can be an independent risk factor for cerebrovascular
events in diabetes. However, because the role of glucose concentration and neurological
damage during brain ischemia in diabetes is not completely understood, the effects of DM
on ischemia are controversial (Abarca and Bustos 1999, Zasslow et al 1989). In this study,
we observed the effects of manual ACU on cerebral blood ﬂow (CBF) and extracellular GLU
concentration throughout induction of ischemic and reperfusion conditions in DM rats, using
a 10 min eleven-vessel occlusion (11-VO) rat model. Changes in GLU release ( GLU) were
monitored with electroencephalography (EEG) and two channels CBF.
Materials and methods
Animal preparation
Male Sprague-Dawley rats (200–250 g) were used in the experiment, and were housed in a
22–24 ◦ C and 12 h light/dark cycle controlled environment. The animals were fed commercial
rat chow and water ad libitum. Adequate injection and anesthesia were planned as a measure

Potential neuroprotective effects of AUC stimulation on diabetes mellitus in a global ischemic rat model

635

Figure 1. Vascular anatomy of neck dissection on the left side. APA = ascending pharyngeal
artery; CCA = common carotid artery; ECA = external carotid artery; ICA = internal carotid
artery; OA = occipital artery; PA = pterygopalatine artery; STA = superior thyroid artery.

to minimize pain or discomfort. All animal use procedures were approved by the Ethical
Committee of the Kyung Hee University College of Medicine and were in strict accordance
with the National Institutes of Health Guide for the Care and Use of Laboratory Animals.
Induction of diabetes mellitus (DM)
DM was induced by a single intraperitoneal injection of streptozocin (STZ, Sigma Chemical,
St Louis, MO, USA), which was freshly dissolved in a 0.1 M citrate buffer at pH 4.5 and
delivered at a dose of 60 mg kg−1 body weight. Blood glucose levels and body weights were
determined 48 h after STZ injection. Animals with a blood glucose concentration &gt;300 mg
dL−1 were assigned to the DM group. Acute DM rats were used for experiments within ﬁve to
seven days after STZ injection. There were two experimental groups; seven DM rats without
ACU treatment (control group) and seven DM rats with ACU treatment (ACU group).
Surgical preparation
Animals were anesthetized with an intraperitoneal injection of 350 mg kg−1 chloral hydrate.
Additional chloral hydrate was properly administered where needed in order to maintain the
same level of anesthesia during the experiment. Rectal temperature was maintained regularly
at 37.1 ◦ C using a heating pad. An 11-VO was used as the global ischemia model (Caragine
et al 1998). After dividing the omohyoid muscle, a pair of occipital arteries, the superior
hypophyseal artery, ascending pharyngeal artery and pterygopalatine artery were coagulated
with bipolar electrocautry (see ﬁgure 1). The ventral clivus just caudal to the basioccipital
suture was then drilled and exposed to a 3 mm diameter. Next, the basilar artery was
permanently coagulated.
Monitoring setup
Rats were placed in prone position using a stereotactic frame, and the skin was incised with a
midline along the superior sagittal suture. Eight burr holes (ﬁgure 2) were made for real-time
measurements of brain temperature, two channels EEG, GLU release, and two channels CBF.
In detail, two burr holes were made 4 mm apart from the midline and 1 mm in front of the
coronal suture for insertion of probes for GLU and brain temperature. At 2 mm intervals

636

S Choi et al

(a)

(b)

(c)

Figure 2. (a) Coordinates for craniotomy, (b) craniotomy in the rat, and (c) experimental
setup for real-time monitoring of electroencephalography (EEG), cerebral blood ﬂow (CBF),
and extracellular glutamate (GLU) release during conditions of ischemia/reperfusion.

(This ﬁgure is in colour only in the electronic version)

from these holes, three burr holes were made on each side for two EEG probes and one CBF
probe.
Four EEG electrodes were attached by screws and a reference electrode was attached
to the skin of the right earlobe. EEG signals were pre-ampliﬁed using a 511 ac ampliﬁer
(Astro-Medical Inc., USA). These signals were used to examine electrical failure of neuronal
cells. %CBF was measured using a BLF21D laser Doppler ﬂow meter (Transonic Systems
Inc., USA) with laser Doppler monoﬁber ﬂowprobes (Type N, 18 gauge needle). Changes in
GLU release were examined using a conventional dialysis electrode purchased from Sycopel
International Ltd. The general 20-10-4-4 type dialysis electrode was ﬁlled with phosphate
buffered saline (PBS) to electropolymerize the O-phenylenediamine on the platinum electrode
at 0.65 V for 20 min using a Sycopel BD2000 potentiostat (Sycopel Int. Ltd, UK). The
dialysis electrode was then perfused with fresh PBS containing GLU oxidase at a ﬂow rate of
0.5 μL min−1. The dialysis electrode showed a linear response in the concentration range of
a standard GLU solution (50–450 μM), with a sensitivity of 0.23 nA μM−1. The correlation
coefﬁcient for linear regression was R2 = 0.999. Following the sensor calibration procedure,
the micro-dialysis electrode was inserted into the motor cortex at coordinates A 1: L 4 :
V 4 mm (from the bregma and the dura) through a small incision in the dura.
Induction of ischemia and reperfusion
A snare made with a rubber tube was hung from both common carotid arteries (CCAs), see
ﬁgure 1. Using the 11-VO rat model, we estimated normal control data for 10 min; the snare
was then retracted using gravity retraction with a 10–12 g weight. We conﬁned the induction
of ischemia in order to decrease %CBF and EEG amplitude compared to the base. Ischemia
was induced for 10 min and then reperfused for 40 min.
Acupuncture stimulation
In the ACU group, ACU stimulation was applied throughout the ischemic period. Four ACU
needles with a length of 40 mm and a diameter of 0.25 mm (Dongbang Acupuncture Inc.,
Republic of Korea) were manually inserted about 5 mm deep into ACU points just anterior and
inferior to the ﬁbular head (GB34, Yang Tomb Spring) and distal 4/5 sites on the imaginary

Potential neuroprotective effects of AUC stimulation on diabetes mellitus in a global ischemic rat model

637

Figure 3. Two acupuncture points, GB34 (Yang Tomb Spring) and GB39 (Suspended Bell), were
used in this study. GB34 is located just anterior and inferior to the ﬁbular head. GB39 is located
distal 4/5 points on the imaginary line connecting the lateral side of the knee and the lateral
malleolus of the tibioﬁbula.

line connecting the lateral side of the knee and the lateral malleolus of the tibioﬁbula (GB39,
Suspended Bell), as shown in ﬁgure 3 (Yin et al 2008b). The needles were slowly rotated at a
couple of alternate rotations of 180◦ s−1, in such a fashion that one needle is rotated for 10 s,
and the next needle is then rotated, while other needles remain inserted.
Analysis and diagnostic parameters
Waveforms obtained from laser Doppler ﬂowmetry, EEG, and potentiostat for GLU were
displayed using the DASYLab data acquisition system (National Instruments, USA) and were
analyzed with both Matlab 6.5 (The MathWorks Inc., USA) and DADiSP 2002 Evaluation
Version B18 (DSP development Co., USA). According to reports found in the literature
(Caragine et al 1998, Choi et al 2008, Kohno et al 1998, Lee et al 2009, Sugahara et al 2001,
Yin et al 2008a, Zhao et al 1997, Zilkha et al 1995), we set up the basic waveforms for changes
in %CBF and GLU release during conditions of ischemia and reperfusion, as shown in ﬁgure 4.
From ﬁgure 4, we proposed 23 diagnostic parameters for a detailed analysis of changes in
%CBF and GLU release during conditions of ischemia/reperfusion. Of these 23 diagnostic
parameters, 11 were deﬁned for analysis of changes in %CBF levels, and 13 were deﬁned
for analysis of changes in GLU release; one parameter Tpri was used in both waveforms.
The deﬁnitions of these parameters are summarized in tables 1 and 2. Additionally, the slope
information, including two CBF-related slopes, equations (1) and (2), and three GLU-related
slopes, equations (3) to (5), is given as follows:
SCi-dec = (100% − %CBFi )/Ti -fall ,

(1)

SCrep-inc = (%CBFrep-max − %CBFi )/Trep-rise ,

(2)

SGi-inc = ( GLUi -max −

(3)

GLUpri-base )/Ti -rise ,

SGrep-inc = ( GLUrep-max −
SGi-dec = ( GLUpri-base −

GLUpri-base )/(Ti -rise + Trep-delay ),
GLUrep-max )/Trep-fall .

(4)
(5)

638

S Choi et al
Table 1. Deﬁnition of parameters for analysis of changes in cerebral blood ﬂow (CBF).

Parameter

Description

%CBFzero (%)
%CBFpri-base (%)
%CBFi (%)
%CBFrep-max (%)
Tpri (s)
Ti-fall (s)
Ti (s)
Trep-rise (s)
Trep-fall+base (s)
SCi-dec (% s−1)
SCrep-inc (% s−1)

Zero level of %CBF
Base level of pre-ischemic %CBF
Ischemic %CBF level
Maximum level of reperfusion %CBF
Time of pre-ischemia induction
Time elapsed to real ischemia induction after manipulation
Time of ischemia induction
Time elapsed to reach 5% of %CBFrep-max after the onset of reperfusion period
Reperfusion time – Trep-rise
Decrement slope in ischemic period, equation (1)
Increment slope in reperfusion period, equation (2)

Table 2. Deﬁnition of parameters for analysis of changes in extracellular glutamate (GLU) release.

Parameter

Description

GLUzero (μM)
GLUpri-base (μM)
GLUi-max (μM)
GLUrep-max (μM)
Tpri (s)
Ti-release (s)
Ti-rise (s)
Trep-delay (s)
Trep-fall (s)
Trep-base (s)
SGi-inc (μM s−1)
SGrep-inc (μM s−1)
SGrep-dec (μM s−1)

Zero level of GLU release
Base level of pre-ischemic GLU release
Maximum level of ischemic GLU release
Maximum level of reperfusion GLU release
Time of pre-ischemia induction
Time delay of the beginning of GLU release after the onset of ischemia
Time elapsed to reach GLUi-max after the beginning of GLU release
Time elapsed to reach GLUrep-max after the onset of reperfusion period
Time elapsed to return to GLUrep-base in reperfusion period
Time of GLUrep-base in reperfusion period
Increment slope in ischemic period, equation (3)
Increment slope in reperfusion period, equation (4)
Decrement slope in reperfusion period, equation (5)

Statistics
Statistical analysis was performed to compare the mean changes in %CBF and GLU release
between control and ACU groups using the two-tailed Student’s t-test. P-values less than 0.05
were regarded as statistically signiﬁcant.
Results
Streptozocin-induced DM rats
Blood glucose concentration was approximately three times higher at 48 h after STZ injection
than before STZ injection (ﬁgure 5). Mean blood glucose levels before and 48 h after
STZ injection were 111.75 ± 20.10 mg dL−1 and 392.75 ± 48.21 mg dL−1 (p &lt; 0.0001),
respectively, in control rats. Mean blood glucose levels before and 48 h after STZ injection
were 132.14 ± 25.03 mg dL−1 and 361.00 ± 39.97 mg dL−1 (p &lt; 0.0001), respectively, in
ACU rats.

Potential neuroprotective effects of AUC stimulation on diabetes mellitus in a global ischemic rat model

639
(a)

(b)

Figure 4. Deﬁnition of diagnostic parameters proposed for estimation changes in %CBF (a) and
GLU (b) throughout the experimental protocol: 10 min pre-ischemic (control) period, 10 min
ischemic period, and 40 min reperfusion period. In ﬁgure (a), 11 parameters were deﬁned for
analysis of changes in %CBF during conditions of ischemia/reperfusion; 2 parameters, including
%CBFpri-base and Tpri, during the pre-ischemic period, 4 parameters, including %CBFi, Ti-fall, Ti and
SCi-dec, during the ischemic period, and 4 parameters, including %CBFrep-max, Trep-rise, Trep-fall+base
and SCrep-inc, during the reperfusion period. %CBFzero was used to calculate all %CBF-related
parameters. In ﬁgure (b), 13 parameters were deﬁned for analysis of changes in GLU release
during conditions of ischemia/reperfusion; 2 parameters, including GLUpri-base and Tpri, during
the pre-ischemic period, 4 parameters, including GLUi-max, Ti-release, Ti-rise and SGi-inc, during the
ischemic period, and 6 parameters, including GLUrep-max, Trep-delay, Trep-fall, Trep-base, SGrep-inc
and SGrep-dec, during the reperfusion period. GLUzero was used to calculate all GLU-related
parameters.

Changes in %cerebral blood ﬂow response
Figures 6 and 7 show representative waveforms with respect to changes in %CBF (ﬁgure 6)
and extracellular GLU release (ﬁgure 7) during an 11-VO model ischemia/reperfusion.
As shown in ﬁgure 6, the change pattern of ischemia-evoked %CBF responses in the
11-VO model of DM rats with ACU treatment was similar to that without ACU treatment.
Mean time intervals (SCi-dec) between induction of ischemia and the beginning of the %CBF

640

S Choi et al

Figure 5. Blood glucose concentration before streptozocin injection and at 48 h after streptozocin
injection. Each result is expressed as mean ± standard deviation of seven rats.

Figure 6. Representative real-time changes in ischemia-evoked EEG, brain temperature (BT) and
%CBF during use of an eleven-vessel occlusion model in the control and ACU groups, measured
using a laser Doppler ﬂow meter.

plateau in the control group (13.26 ± 3.12 s) were similar to those in the ACU group (12.35 ±
2.97 s). After onset of ischemia, %CBF decreased rapidly to near 10% of original levels,
and the EEG response became ﬂat. These changes were maintained throughout the 10 min
ischemic period. Decreases in ischemic %CBF (%CBFi) were 11.10 ± 2.91% and 7.71 ±
2.55% for the control and ACU groups, respectively. After reperfusion in the controls,
%CBF increased considerably, and then returned to the level of the baseline, along with an

Potential neuroprotective effects of AUC stimulation on diabetes mellitus in a global ischemic rat model

641

Figure 7. Representative real-time changes in ischemia-evoked EEG, BT and extracellular GLU
during use of an eleven-vessel occlusion model in the control and ACU groups, measured using a
micro-dialysis electrode.

accompanying EEG recovery. ACU-treated rats showed patterns similar to those without ACU
treatment. However, the maximum reperfusion %CBF response (%CBFrep-max) in the control
was approximately three times that of the ACU group (p &lt; 0.0001, n = 7). Also, the time
elapsed to reach the maximum %CBF level (Trep-rise) showed a signiﬁcant increase (p &lt; 0.05,
n = 7) in DM rats with ACU treatment, 763.46 ± 173.28 s, compared to DM rats without
ACU treatment, 994.96 ± 237.39 s. Thus, the increment slope during the reperfusion period
(SCrep-inc) associated with %CBFrep-max and Trep-rise also showed a signiﬁcant decrease in the
ACU group compared to the control group (p &lt; 0.0001, n = 7). As a result, the ﬁve parameters,
including one (%CBFi) during the ischemic period and four (%CBFrep-max, Trep-rise, Trep-fall+base,
and SCrep-inc) during the reperfusion period, among the proposed diagnostic parameters of the
ischemia-evoked %CBF response showed a signiﬁcant difference between the two groups.
Quantitative results are summarized in table 3.
Changes in extracellular glutamate release
As shown in ﬁgure 7, the change pattern of ischemia-evoked GLU in an 11-VO model of
DM rats with ACU treatment was also similar to that without ACU treatment. The mean
time delay at the beginning of GLU after onset of ischemia (Ti-release) in the control group
(96.14 ± 22.56 s) was similar to that in the ACU group (90.40 ± 15.95 s). In both groups,
rapid elevation of GLU began at Ti-release after onset of ischemia, and continued to rise
throughout the 10 min ischemic period. Following reperfusion, GLU showed a considerable
decrease, and was then restored to the level of the pre-ischemic period at Trep-delay + Trep-fall after
reperfusion, along with accompanying EEG recovery. The time elapsed to reach GLUrep-max
after onset of the reperfusion period (Trep-delay) and the time elapsed to return to GLUrep-base
during the reperfusion period (Trep-fall) were not signiﬁcant in either group. However, elevation

642

S Choi et al
Table 3. Changes in ischemia-evoked %CBF levels and corresponding parameters in control and
acupuncture groups.

Parameter

Control group

Acupuncture group

P-value

%CBFzero (%)
%CBFpri-base (%)
%CBFi (%)
%CBFrep-max (%)
Tpri (s)
Ti-fall (s)
Ti (s)
Trep-rise (sec)
Trep-fall+base (s)
SCi-dec (% s−1)
SCrep-inc (% s−1)

0
100.00 ± 6.90
11.10 ± 2.91
211 ± 58.45
635.57 ± 29.75
6.85 ± 1.46
620.69 ± 17.00
763.46 ± 173.28
1636.54 ± 173.28
13.26 ± 3.12
0.32 ± 0.09

0
100.00 ± 11.90
7.71 ± 2.55
71.88 ± 34.41
617.29 ± 20.25
7.88 ± 2.10
615.88 ± 8.37
994.96 ± 237.39
1405.04 ± 237.39
12.35 ± 2.97
0.07 ± 0.04

N.S.a
=0.0120
&lt;0.0001
N.S.a
N.S.a
N.S.a
=0.0180
=0.0180
N.S.a
&lt;0.0001

a

N.S. = Not signiﬁcant.

of GLU release was suppressed in the ACU group, resulting in a decrease of approximately
70%. Maximum changes in extracellular GLU during the ischemic period ( GLUi-max) were
182.24 ± 73.91 μM in the control group and 56.23 ± 13.93 μM in the ACU group (p &lt; 0.05,
n = 7), while those of extracellular GLU release during the reperfusion period ( GLUrep-max)
were 196.70 ± 77.58 μM in the control group and 65.92 ± 19.40 μM in the ACU group
(p &lt; 0.005, n = 7). Corresponding slopes for equations (3)–(5) showed a signiﬁcant decrease
(p &lt; 0.05, n = 7) in the ACU group: a 77.60% decrease in SGi-inc (p &lt; 0.05, n = 7), a 72.18%
decrease in SGrep-inc (p = 0.0164, n = 7), and a 74.68% decrease in SGrep-dec (p = 0.001,
n = 7), compared to the control group. As a result, the ﬁve parameters, including two
( GLUi-max and SGi-inc) during the ischemic period and three ( GLUrep-max, SGrep-inc and
SGrep-dec) during the reperfusion period, among the proposed diagnostic parameters of ischemiaevoked GLU showed a signiﬁcant difference between the two groups. Quantitative results
are summarized in table 4.
Discussion
Using a real-time in vivo monitoring method, this study examined the effects of ACU
stimulation on %CBF and GLU under devastating acute ischemic conditions in the 11VO global ischemic model of DM rats. Patterns of %CBF response were consistent with
those reported previously using the laser Doppler method, and patterns of GLU were also
consistent with those reported previously using the micro-dialysis electrode method (Caragine
et al 1998, Choi et al 2008, Sugahara et al 2001, Lee et al 2009, Yin et al 2008a).
Diabetic stroke aggravated neurologic damage in both focal and global animal models
(Ginsberg et al 1980, Li and Siesjo 1997, Pulsinelli et al 1982), and a similar effect was
reported in diabetic stroke of humans (Longstreth and Inui 1984, Toni et al 1992). The
correlation between DM and a poorer outcome after stroke has been examined in both human
and animal studies. DM enhances cerebral ischemic injury, but whether or not it is directly
related to the presence of diabetes is unclear.
ACU is generally known as an effective adjunctive therapy for stroke rehabilitation
(Erickson 2000, Hsieh et al 2007). Previous studies have reported that ACU stimulation
helps neuronal survival (Chuang et al 2007), plasticity (Ren et al 2008), and improvement of

Potential neuroprotective effects of AUC stimulation on diabetes mellitus in a global ischemic rat model

643

Table 4. Changes in ischemia-evoked GLU levels and corresponding parameters in control and
acupuncture groups.

Parameter

Control group

Acupuncture group

P-value

GLUzero (μM)
GLUpri-base (μM)
GLUi-max (μM)
GLUrep-max (μM)
Tpri (s)
Ti-release (s)
Ti-rise (s)
Trep-delay (s)
Trep-fall (s)
Trep-base (s)
SGi-inc (μM s−1)
SGrep-inc (μM s−1)
SGrep-dec (μM s−1)

0
2.32 ± 1.81
182.24 ± 73.91
196.70 ± 77.58
635.57 ± 29.75
96.14 ± 22.56
532.43 ± 32.10
44.78 ± 45.08
225.59 ± 78.50
2129.94 ± 107.26
46.92 ± 33.57
43.64 ± 25.02
81.67 ± 28.26

0
1.15 ± 0.44
56.23 ± 13.93
65.92 ± 19.40
617.29 ± 20.25
90.40 ± 15.95
536.31 ± 11.82
45.68 ± 44.79
283.97 ± 52.11
2070.35 ± 78.10
10.51 ± 2.47
12.14 ± 3.31
20.68 ± 8.86

N.S.a
=0.0148
=0.0035
N.S.a
N.S.a
N.S.a
N.S.a
N.S.a
N.S.a
=0.0287
=0.0164
=0.0010

a

N.S. = Not signiﬁcant.

spasticity in stroke conditions (Zhao et al 2009). However, the effects of ACU stimulation
are controversial, and strong evidence remains to be discovered (Hopwood et al 2008, Wu
et al 2008). These effects might be possible through modulation of GLU excitotoxicity and
reperfusion hyperemia (Pang et al 2003), reduced lipid peroxidation (Siu et al 2004), enhanced
dopamine level (Chuang et al 2007), facilitated neurogenesis (Yang et al 2005), and increased
blood ﬂow (Hsieh et al 2006). Therefore, the short-term effects of functional responses
to ischemia-evoked %CBF and GLU in DM rats with and without ACU treatment were
examined using a real-time in vivo monitoring method.

Eleven-vessel occlusion (11-VO) model
We ﬁrst observed the effect of ACU under conditions that were more acute and severe than in
previously reported models, such as the MCAO (Zhao et al 1997) and CAO models (Pang et al
2003). The 11-VO global ischemic model used in this study has been well established as a
severe global ischemia (Caragine et al 1998). Furthermore, we tried to ﬁnd an ischemic model
that yields reproducible and accurate results. The four-vessel occlusion (4-VO) is the most
commonly used model for induced global ischemia. However, a disadvantage of the 4-VO is
that it can induce an error in blocking of posterior collateral circulation for anatomical reasons
(Caragine et al 1998, Pulsinelli and Buchan 1988). Generally, the alar foramen at the upper
end of the C1 vertebral body is used to block posterior circulation supplied by the vertebral
artery. The hole is anatomically small, and identiﬁcation of a clear occlusion of the collateral
blood ﬂow, caused by the burst of venous plexus before coagulation of the artery, is difﬁcult.
Therefore, we used an 11-VO model where collateral blood ﬂow could be occluded, compared
to the 4-VO model. We performed surgery on the occlusion of blood ﬂow by blocking the
basilar artery, instead of the vertebral arteries and anterior spinal artery. Therefore, results
showed that use of the 11-VO model led to an immediate drop in %CBF to near zero levels
and maximized GLU while maintaining self-respiration to mimic physiological forebrain
ischemia, compared to the traditional 4-VO model.

644

S Choi et al

Changes in %cerebral blood ﬂow response
In regard to %CBF response, results showed that a decrease in %CBF to near 10% of the
baseline level occurred after completion of 11-VO, which was maintained during the 10 min
ischemic period. A criterion of a &gt;70% decrease in %CBF on the occluded side is frequently
used to determine the success of the occlusion (Chen et al 2008, Newcomb et al 2006,
Scholler et al 2004). These results showed a &gt; 89% decrease in %CBF in both groups.
In particular, ACU rats showed a signiﬁcantly larger decrease (p &lt; 0.05, n = 7) in %CBF
(3.39%) during ischemia than control rats. Therefore, surgical and occlusion setups, supported
by reduced %CBF in occlusion, are well established, and a real-time method is very useful for
monitoring blood ﬂow in the cerebral space. During the reperfusion period, results showed
that a signiﬁcant decrease (p &lt; 0.0001, n = 7) in peak changes in %CBF was observed in the
ACU group compared to the control.
Commonly, %CBF increases after onset of ischemia, and considerable reactive oxygen is
produced during the reperfusion period as a result of increased oxygen supply and metabolism,
or reperfusion injury (Aronowski et al 1997, Leff and Repine 1990, Strasser et al 1994).
Some studies (Ginsberg et al 1980, Kawai et al 1998, Wagner et al 1992) have shown that
diabetic stroke might be associated with a decrease in reperfusion %CBF. Although there
may be negative reports showing no signiﬁcant neuroprotective effects, ACU stimulation in
diabetic stroke might be responsible for cellular protective effects and improvement in CBF
(Domenici et al 2003, Yin et al 2008a). Zhao et al (2000) showed that ACU stimulation
directly decreases nitric oxide (NO) release, which is an important factor in hyperemia after
ischemia (Greenberg et al 1995). The decreased NO release resulting from ACU stimulation
contributes to neuroprotection during the reperfusion period. Therefore, reduced reperfusion
%CBF, taken together with the present results, suggest the likelihood that ACU stimulation
during the ischemic period suppresses hyperemia in the increased plasma osmolality (Duckrow
1995), and/or decreased levels of adenosine (Guyot et al 2001) under diabetic conditions, and
that suppression leads to effects of a potential neuroprotection by ACU stimulation.
Changes in extracellular glutamate release
GLU is an excitatory neurotransmitter that plays an important role in the human brain.
Excessive release of GLU is believed to be a cause of neuronal death associated with various
neurological disorders. Therefore, extracellular levels of GLU, which may be neurotoxic to
the brain, are considered a possible factor contributing to increased neural damage in diabetic
ischemia (Farrokhnia et al 2005, Gilmore and Stead 2006, Ginsberg et al 1987, Kagansky et al
2001, Muranyi et al 2006). Interestingly, the ischemia-evoked increase in extracellular release
of GLU due to DM might be associated with a greater excitatory amino acid burden with
increased necrosis. However, the effects of DM on ischemia continue to be a controversial
issue, where DM might reduce or increase extracellular GLU concentration.
Our previous study (Yin et al 2008a) also showed that the two groups, normal rats with
and without ACU stimulation, showed a signiﬁcant difference in extracellular GLU, while
the reduction of %CBF and reperfusion hyperemia were not signiﬁcantly different between the
two groups. Results were consistent with those reported previously in that stroke and might
be associated with a decrease in ischemic/reperfusion GLU by ACU stimulation (Pang et al
2003). Suppression of GLU could be an important mechanism explaining the effect of
ACU on ischemic stroke. GLU excitotoxicity is a major mechanism of neuronal cell death
in diabetic rats under ischemic conditions, and is a probable target of therapeutic intervention
(Gardoni and Di Luca 2006). Therefore, these results suggest that ischemic ACU stimulation

Potential neuroprotective effects of AUC stimulation on diabetes mellitus in a global ischemic rat model

645

contributes to potentially the neuroprotective effect, saving neurons from acute and/or delayed
neuronal cell death induced by ischemia in diabetic rats (Pang et al 2003).
Acupuncture stimulation
The selection of ACU point and method of stimulation are known to have different
physiological effects. For example, Kim et al (2008) showed that during electro-ACU
stimulation, a 2 Hz low frequency is more efﬁcient than a 120 Hz high frequency. ACU
points are generally selected by certiﬁed oriental medical doctors referring to the major classic
ACU textbook (Koh and Yin 2007). ACU points GB34 and GB39 are traditionally known
to belong to the category of eight meeting points and to demonstrate prominent therapeutic
effects on motor function disorders in bone marrow and tendon (WHO 2007). These points
are located on the lateral aspect of both rat hindpaws (ﬁgure 3), according to anatomical
correspondence to human ACU points (Yin et al 2008b). This study employed a manual
manipulation method that has frequently been applied in clinical settings. Further study will
be necessary to observe the effects of diverse ACU points and ACU stimulation methods.
Conclusions
This study has demonstrated the neuroprotective effects of ACU stimulation under DM
conditions. A 10 min period of bilateral occlusion was produced in the animals, and the
ischemic period was followed by a 40 min reperfusion. A reproducible 11-VO ischemia
model was induced as a global ischemia. Patterns of change in %CBF and EEG during
ischemia/reperfusion indicate that the surgical setup and 11-VO model are suitable for
monitoring the effect of ACU under conditions of diabetic ischemia. The real-time monitoring
system used in our laboratory highlights new possibilities for a detailed analysis of the
in vivo dynamics of changes in the neurotransmitter GLU after ischemia. We proposed
23 diagnostic parameters for a detailed analysis of changes in %CBF and GLU release during
ischemia/reperfusion. We found that a signiﬁcant decrease (p &lt; 0.05) in the maximum
responses to ischemic and reperfusion %CBF was observed in ACU rats. Compared with
control rats, a signiﬁcantly larger increase (p &lt; 0.05) in the time elapsed to reach maximum
%CBF levels during reperfusion was observed in ACU-treated DM rats. Furthermore, a
signiﬁcant decrease (p &lt; 0.05) in maximum levels of ischemic and reperfusion GLU
was observed in ACU-treated DM rats. Compared with control rats, a signiﬁcant decrease
(p &lt; 0.05) in the increment slope during the ischemic period, and increment and decrement
slopes during the reperfusion period was observed in ACU-treated DM rats. We conclude that
the decrease in %CBF and GLU during diabetic ischemia is responsible for the potential
neuroprotective effects of ACU stimulation in a rat model.
Acknowledgment
This study was supported by the research fund from the Ministry of Commerce, Industry and
Energy (MOCIE grant no 10017190-2007-31).
References
Abarca J and Bustos G 1999 Differential regulation of glutamate, aspartate and gamma-amino-butyrate release by
N-methyl-D-aspartate receptors in rat striatum after partial and extensive lesions to the nigro-striatal dopamine
pathway Neurochem. Int. 35 19–33

646

S Choi et al

Aronowski J, Strong R and Grotta J C 1997 Reperfusion injury: demonstration of brain damage produced by
reperfusion after transient focal ischemia in rats J. Cereb. Blood Flow Metab. 17 1048–56
Caragine L P, Park H K, Diaz F G and Phillis J W 1998 Real-time measurement of ischemia-evoked glutamate release
in the cerebral cortex of four and eleven vessel rat occlusion models Brain Res. 793 255–64
Chen Y, Ito A, Takai K and Saito N 2008 Blocking pterygopalatine arterial blood ﬂow decreases infarct
volume variability in a mouse model of intraluminal suture middle cerebral artery occlusion J. Neurosci.
Methods 174 18–24
Choi S K, Lee G J, Lim J E, Eo Y H, Kang S W, Han J H, Kim B S, Oh B S and Park H K 2008 Development of
animal model for cerebral ischemia Korean J. Integra. Med. 3 11–6
Chuang C M, Hsieh C L, Li T C and Lin J G 2007 Acupuncture stimulation at Baihui acupoint reduced cerebral
infarct and increased dopamine levels in chronic cerebral hypoperfusion and ischemia-reperfusion injured
sprague-dawley rats Am. J. Chin. Med. 35 779–91
Domenici R M, Mingfu L, Tebano M T, Reggio R, Chiarotti F, Petti F, Liguori A and Popoli P 2003 Study of the
effects of electroacupuncture in a rodent model of cerebral ischaemia Ann. Ist. Super. Sanita 39 441–5
Donnan G A, Fisher M, Macleod M and Davis S M 2008 Stroke Lancet 371 1612–23
Duckrow R B 1995 Decreased cerebral blood ﬂow duringacute hyperglycemia Brain Res. 703 145–50
Erickson R J 2000 Acupuncture therapy for stroke: approaches from the acupuncture literature Acupunct. Med.
18 48–53
Farrokhnia N, Roos M W, Ter´ nt A and Lennmyr F 2005 Experimental treatment for focal hyperglycemic ischemic
e
brain injury in the rat Exp. Brain Res. 167 310–4
Gardoni F and Di Luca M 2006 New targets for pharmacological intervention in the glutamatergic synapse Eur. J.
Pharmacol. 545 2–10
Gilmore R M and Stead L G 2006 The role of hyperglycemia in acute ischemic stroke Neurocrit. Care 5 153–8
Ginsberg M D, Prado R, Dietrich W D, Busto R and Watson B D 1987 Hyperglycemia reduces the extent of cerebral
infarction in rats Stroke 18 570–4
Ginsberg M D, Welsh F A and Budd W W 1980 Deleterious effect of glucose pretreatment on recovery from diffuse
cerebral ischemia in the cat: I. Local cerebral blood ﬂow and glucose utilization Stroke 11 347–54
Greenberg R S, Helfaer M A, Kirsch J R and Traystman R J 1995 Effect of nitric oxide synthase inhibition on
postischemic cerebral hyperemia Am. J. Physiol. 269 341–7
Guyot L L, Diaz F G, O’Regan M H, Song D and Phillis J W 2000 The effect of topical insulin on the release of
excitotoxic and other amino acids from the rat cerebral cortex during streptozotocin-induced hyperglycemic
ischemia Brain Res. 872 29–36
Guyot L L, Diaz F G, O’Regan M H, Song D and Phillis J W 2001 The effect of streptozotocin-induced diabetes on
the release of excitotoxic and other amino acids from the ischemic rat cerebral cortex Neurosurgery 48 385–90
Hopwood V, Lewith G, Prescott P and Campbell M J 2008 Evaluating the efﬁcacy of acupuncture in deﬁned aspects
of stroke recovery: a randomised, placebo controlled single blind study J. Neurol. 255 858–66
Hsieh C L, Chang Q Y, Lin I H, Lin J G, Liu C H, Tang N Y and Lane H Y 2006 The study of electroacupuncture on
cerebral blood ﬂow in rats with and without cerebral ischemia Am. J. Chin. Med. 34 351–61
Hsieh R L, Wang L Y and Lee W C 2007 Additional therapeutic effects of electroacupuncture in conjunction with
conventional rehabilitation for patients with ﬁrst-ever ischaemic stroke J. Rehabil. Med. 39 205–11
Kagansky N, Levy S and Knobler H 2001 The role of hyperglycemia in acute stroke Arch. Neurol. 58 1209–12
Kawai N, Keep R F, Betz A L and Nagao S 1998 Hyperglycemia induces progressive changes in the cerebral
microvasculature and blood-brain transport during focal cerebral ischemia Acta. Neurochir. 71 219–21
Kim Y S, Hong J W, Na B J, Park S U, Jung W S, Moon S K, Park J M, Ko C N, Cho K H and Bae H S 2008 The
effect of low versus high frequency electrical acupoint stimulation on motor recovery after ischemic stroke by
motor evoked potentials study Am. J. Chin. Med. 36 45–54
Koh H G and Yin C S 2007 The Origin of Acupuncture Medicine (Seoul: Kyung Hee University) pp 215–8
Kohno T, Asai S, Iribe Y, Hosoi I, Shibata K and Ishikawa K 1998 An improved method for the detection of changes
in brain extracellular glutamate levels J. Neurosci. Methods 81 199–205
Lee G J et al 2009 The effect of extracellular glutamate release on repetitive transient ischemic injury in global
ischemia model Korean J. Physiol. Pharmacol. 13 23–6
Leff J A and Repine J E 1990 Blood cells and ischemia-reperfusion injury Blood cells 16 183–91
Li P A, Shuaib A, Miyashita H, He Q P, Siesj¨ B K and Warner D S 2000 Hyperglycemia enhances extracellular
o
glutamate accumulation in rats subjected to forebrain ischemia Stroke 31 183–92
Li P A and Siesjo B K 1997 Role of hyperglycemia-related acidosis in ischemic brain damage Acta Physiol.
Scand. 161 567–80
Longstreth W T Jr and Inui T S 1984 High blood glucose level on hospital admission and poor neurologic recovery
after cardiac arrest Ann. Neurol. 15 59–63

Potential neuroprotective effects of AUC stimulation on diabetes mellitus in a global ischemic rat model

647

Muranyi M, Ding C, He Q, Lin Y and Li P A 2006 Streptozotocin-induced diabetes causes astrocyte death after
ischemia and reperfusion injury Diabetes 55 349–55
Newcomb J D, Ajmo C T Jr, Sanberg C D, Sanberg P R, Pennypacker K R and Willing A E 2006 Timing of cord
blood treatment after experimental stroke determines therapeutic efﬁcacy Cell Transplant. 15 213–23
Pang J, Itano T, Sumitani K, Negi T and Miyamoto O 2003 Electroacupuncture attenuates both glutamate release and
hyperemia after transient ischemia in gerbils Am. J. Chin. Med. 31 295–303
Phillis J W, Song D and O’Regan M H 1999 Effect of hyperglycemia on extracellular levels of amino acids and free
fatty acids in the ischemic/reperfused rat cerebral cortex Brain Res. 837 177–83
Pulsinelli W A and Buchan A M 1988 The four-vessel occlusion rat model: method for complete occlusion of
vertebral arteries and control of collateral circulation Stroke 19 913–4
Pulsinelli W A, Waldman S, Rawlinson D and Plum F 1982 Moderate hyperglycemia augments ischemic brain
damage: a neuropathologic study in the rat Neurology 32 1239–46
Ren L, Zhang W A, Fang N Y and Wang J X 2008 The inﬂuence of electro-acupuncture on neural plasticity in acute
cerebral infarction Neurol. Res. 30 985–9
Scholler K, Zausinger S, Baethmann A and Schmid-Elsaesser R 2004 Neuroprotection in ischemic stroke-combination
drug therapy and mild hypothermia in a rat model of permanent focal cerebral ischemia Brain Res. 1023 272–8
Schuvailo O M, Soldatkin O O, Lefebvre A, Cespuglio R and Soldatkin A P 2006 Highly selective microbiosensors
for in vivo measurement of glucose, lactate and glutamate Anal. Chim. Acta 573–574 110–6
Siu F K, Lo S C and Leung M C 2004 Effectiveness of multiple pre-ischemia electro-acupuncture on attenuating lipid
peroxidation induced by cerebral ischemia in adult rats Life Sci. 75 1323–32
Strasser A, Yasuma Y, McCarron R M, Ishii H, Stanimirovic D and Spatz M 1994 Effect of nitro-Larginine on
cerebral blood ﬂow and monoamine metabolism during ischemia/reperfusion in the mongolian gerbil Brain
Res. 664 197–201
Sugahara M, Asai S, Zhao H, Nagata T, Kunimatsu T, Ishii Y, Kohno T and Ishikawa K 2001 Extracellular glutamate
changes in rat striatum during ischemia determined by a novel dialysis electrode and conventional microdialysis
Neurochem. Int. 39 65–73
Toni D, Sacchetti M L, Argentino C, Gentile M, Cavalletti C, Frontoni M and Fieschi C 1992 Does hyperglycemia
play a role on the outcome of acute ischemic stroke patients? J. Neurol. 239 382–6
Wagner K R, Kleinholz M, de Courten-Myers G and Myers R E 1992 Hyperglycemia versus normoglycemic stroke:
topography of brain metabolites, intracellular pH, and infarct size J. Cereb. Blood Flow Metab. 12 213–22
WHO 2007 WHO international standard terminologies on traditional medicine in the western paciﬁc region 237
Wu H, Tang J, Lin X, Lau J, Leung P C, Woo J and Li Y 2008 Acupuncture for stroke rehabilitation Stroke 39 517–8
Yang Z J, Shen D H, Guo X and Sun F Y 2005 Electroacupuncture enhances striatal neurogenesis in adult rat brains
after a transient cerebral middle artery occlusion Acupunct. Electrother. Res. 30 185–99
Yin C S, Choi S K, Lee G J, Eo Y H, Kim B S, Oh B S, Lim J E, Lee H J and Park H K 2008a Real-time glutamate
release in rat striatum of 11-vessel-occlusion ischemia model treated with acupuncture Korean J. Orient. Physiol.
Pathol. 22 835–40
Yin C S, Jeong H S, Park H J, Baik Y, Yoon M H, Choi C B and Koh H G 2008b A proposed transpositional acupoint
system in a mouse and rat model Res. Vet. Sci. 84 159–65
Zasslow M A, Pearl R G, Shuer L M, Steinberg G K, Lieberson R E and Larson C P Jr 1989 Hyperglycemia decreases
acute neuronal ischemic changes after middle cerebral artery occlusion in cats Stroke 20 519–23
Zhao H, Asai S, Kanematsu K, Kunimatsu T, Kohno T and Ishikawa K 1997 Real-time monitoring of the effects of
normothermia and hypothermia on extracellular glutamate re-uptake in the rat following global brain ischemia
Neuroreport 8 2389–93
Zhao J G, Cao C H, Liu C Z, Han B J, Zhang J, Li Z G, Yu T, Wang X H, Zhao H and Xu Z H 2009 Effect of
acupuncture treatment on spastic states of stroke patients J. Neurol. Sci. 276 143–7
Zhao P and Cheng J 1997 Effects of electroacupuncture on extracellular contents of amino acid neurotransmitters in
rat striatum following transient focal cerebral ischemia Acupunct. Electrother. Res. 22 119–26
Zhao P, Huang Z, Chen G and Cheng J 2000 Electro-acupuncture attenuates nitric oxide release from rat striatum
after transient middle cerebral artery occlusion Acupunct. Electrother. Res. 25 101–7
Zilkha E, Obrenovitch T P, Koshy A, Kusakabe H and Bennetto H P 1995 Extracellular glutamate: on-line monitoring
using microdialysis coupled to enzyme-amperometric analysis J. Neurosci. Methods 60 1–9

</p></div></body><back><div><listBibl type="references"><biblStruct xml:id="pm341521bib01" type="article"><analytic><title level="a">Differential regulation of glutamate, aspartate and gamma-amino-butyrate release by N-methyl-d-aspartate receptors in rat striatum after partial and extensive lesions to the nigro-striatal dopamine pathway</title><author><persName><forename type="first">J</forename><surname>Abarca</surname></persName></author><author><persName><forename type="first">G</forename><surname>Bustos</surname></persName></author></analytic><monogr><title level="j">Neurochem. Int.</title><imprint><date type="published">1999</date><biblScope unit="volume">35</biblScope><biblScope unit="range">1933</biblScope></imprint></monogr></biblStruct><biblStruct xml:id="pm341521bib02" type="article"><analytic><title level="a">Reperfusion injury: demonstration of brain damage produced by reperfusion after transient focal ischemia in rats</title><author><persName><forename type="first">J</forename><surname>Aronowski</surname></persName></author><author><persName><forename type="first">R</forename><surname>Strong</surname></persName></author><author><persName><forename type="first">J C</forename><surname>Grotta</surname></persName></author></analytic><monogr><title level="j">J. Cereb. Blood Flow Metab.</title><imprint><date type="published">1997</date><biblScope unit="volume">17</biblScope><biblScope unit="range">104856</biblScope></imprint></monogr></biblStruct><biblStruct xml:id="pm341521bib03" type="article"><analytic><title level="a">Real-time measurement of ischemia-evoked glutamate release in the cerebral cortex of four and eleven vessel rat occlusion models</title><author><persName><forename type="first">L P</forename><surname>Caragine</surname></persName></author><author><persName><forename type="first">H K</forename><surname>Park</surname></persName></author><author><persName><forename type="first">F G</forename><surname>Diaz</surname></persName></author><author><persName><forename type="first">J W</forename><surname>Phillis</surname></persName></author></analytic><monogr><title level="j">Brain Res.</title><imprint><date type="published">1998</date><biblScope unit="volume">793</biblScope><biblScope unit="range">25564</biblScope></imprint></monogr></biblStruct><biblStruct xml:id="pm341521bib04" type="article"><analytic><title level="a">Blocking pterygopalatine arterial blood flow decreases infarct volume variability in a mouse model of intraluminal suture middle cerebral artery occlusion</title><author><persName><forename type="first">Y</forename><surname>Chen</surname></persName></author><author><persName><forename type="first">A</forename><surname>Ito</surname></persName></author><author><persName><forename type="first">K</forename><surname>Takai</surname></persName></author><author><persName><forename type="first">N</forename><surname>Saito</surname></persName></author></analytic><monogr><title level="j">J. Neurosci. Methods</title><imprint><date type="published">2008</date><biblScope unit="volume">174</biblScope><biblScope unit="range">1824</biblScope></imprint></monogr></biblStruct><biblStruct xml:id="pm341521bib05" type="article"><analytic><title level="a">Development of animal model for cerebral ischemia</title><author><persName><forename type="first">S K</forename><surname>Choi</surname></persName></author><author><persName><forename type="first">G J</forename><surname>Lee</surname></persName></author><author><persName><forename type="first">J E</forename><surname>Lim</surname></persName></author><author><persName><forename type="first">Y H</forename><surname>Eo</surname></persName></author><author><persName><forename type="first">S W</forename><surname>Kang</surname></persName></author><author><persName><forename type="first">J H</forename><surname>Han</surname></persName></author><author><persName><forename type="first">B S</forename><surname>Kim</surname></persName></author><author><persName><forename type="first">B S</forename><surname>Oh</surname></persName></author><author><persName><forename type="first">H K</forename><surname>Park</surname></persName></author></analytic><monogr><title level="j">Korean J. Integra. Med.</title><imprint><date type="published">2008</date><biblScope unit="volume">3</biblScope><biblScope unit="range">116</biblScope></imprint></monogr></biblStruct><biblStruct xml:id="pm341521bib06" type="article"><analytic><title level="a">Acupuncture stimulation at Baihui acupoint reduced cerebral infarct and increased dopamine levels in chronic cerebral hypoperfusion and ischemia-reperfusion injured sprague-dawley rats</title><author><persName><forename type="first">C M</forename><surname>Chuang</surname></persName></author><author><persName><forename type="first">C L</forename><surname>Hsieh</surname></persName></author><author><persName><forename type="first">T C</forename><surname>Li</surname></persName></author><author><persName><forename type="first">J G</forename><surname>Lin</surname></persName></author></analytic><monogr><title level="j">Am. J. Chin. Med.</title><imprint><date type="published">2007</date><biblScope unit="volume">35</biblScope><biblScope unit="range">77991</biblScope></imprint></monogr></biblStruct><biblStruct xml:id="pm341521bib07" type="article"><analytic><title level="a">Study of the effects of electroacupuncture in a rodent model of cerebral ischaemia</title><author><persName><forename type="first">R M</forename><surname>Domenici</surname></persName></author><author><persName><forename type="first">L</forename><surname>Mingfu</surname></persName></author><author><persName><forename type="first">M T</forename><surname>Tebano</surname></persName></author><author><persName><forename type="first">R</forename><surname>Reggio</surname></persName></author><author><persName><forename type="first">F</forename><surname>Chiarotti</surname></persName></author><author><persName><forename type="first">F</forename><surname>Petti</surname></persName></author><author><persName><forename type="first">A</forename><surname>Liguori</surname></persName></author><author><persName><forename type="first">P</forename><surname>Popoli</surname></persName></author></analytic><monogr><title level="j">Ann. Ist. Super. Sanita</title><imprint><date type="published">2003</date><biblScope unit="volume">39</biblScope><biblScope unit="range">4415</biblScope></imprint></monogr></biblStruct><biblStruct xml:id="pm341521bib08" type="article"><analytic><title level="a">Stroke</title><author><persName><forename type="first">G A</forename><surname>Donnan</surname></persName></author><author><persName><forename type="first">M</forename><surname>Fisher</surname></persName></author><author><persName><forename type="first">M</forename><surname>Macleod</surname></persName></author><author><persName><forename type="first">S M</forename><surname>Davis</surname></persName></author></analytic><monogr><title level="j">Lancet</title><imprint><date type="published">2008</date><biblScope unit="volume">371</biblScope><biblScope unit="range">161223</biblScope></imprint></monogr></biblStruct><biblStruct xml:id="pm341521bib09" type="article"><analytic><title level="a">Decreased cerebral blood flow duringacute hyperglycemia</title><author><persName><forename type="first">R B</forename><surname>Duckrow</surname></persName></author></analytic><monogr><title level="j">Brain Res.</title><imprint><date type="published">1995</date><biblScope unit="volume">703</biblScope><biblScope unit="range">14550</biblScope></imprint></monogr></biblStruct><biblStruct xml:id="pm341521bib10" type="article"><analytic><title level="a">Acupuncture therapy for stroke: approaches from the acupuncture literature</title><author><persName><forename type="first">R J</forename><surname>Erickson</surname></persName></author></analytic><monogr><title level="j">Acupunct. Med.</title><imprint><date type="published">2000</date><biblScope unit="volume">18</biblScope><biblScope unit="range">4853</biblScope></imprint></monogr></biblStruct><biblStruct xml:id="pm341521bib11" type="article"><analytic><title level="a">Experimental treatment for focal hyperglycemic ischemic brain injury in the rat</title><author><persName><forename type="first">N</forename><surname>Farrokhnia</surname></persName></author><author><persName><forename type="first">M W</forename><surname>Roos</surname></persName></author><author><persName><forename type="first">A</forename><surname>Ternt</surname></persName></author><author><persName><forename type="first">F</forename><surname>Lennmyr</surname></persName></author></analytic><monogr><title level="j">Exp. Brain Res.</title><imprint><date type="published">2005</date><biblScope unit="volume">167</biblScope><biblScope unit="range">3104</biblScope></imprint></monogr></biblStruct><biblStruct xml:id="pm341521bib12" type="article"><analytic><title level="a">New targets for pharmacological intervention in the glutamatergic synapse</title><author><persName><forename type="first">F</forename><surname>Gardoni</surname></persName></author><author><persName><forename type="first">M</forename><surname>Di Luca</surname></persName></author></analytic><monogr><title level="j">Eur. J. Pharmacol.</title><imprint><date type="published">2006</date><biblScope unit="volume">545</biblScope><biblScope unit="range">210</biblScope></imprint></monogr></biblStruct><biblStruct xml:id="pm341521bib13" type="article"><analytic><title level="a">The role of hyperglycemia in acute ischemic stroke</title><author><persName><forename type="first">R M</forename><surname>Gilmore</surname></persName></author><author><persName><forename type="first">L G</forename><surname>Stead</surname></persName></author></analytic><monogr><title level="j">Neurocrit. Care</title><imprint><date type="published">2006</date><biblScope unit="volume">5</biblScope><biblScope unit="range">1538</biblScope></imprint></monogr></biblStruct><biblStruct xml:id="pm341521bib14" type="article"><analytic><title level="a">Hyperglycemia reduces the extent of cerebral infarction in rats</title><author><persName><forename type="first">M D</forename><surname>Ginsberg</surname></persName></author><author><persName><forename type="first">R</forename><surname>Prado</surname></persName></author><author><persName><forename type="first">W D</forename><surname>Dietrich</surname></persName></author><author><persName><forename type="first">R</forename><surname>Busto</surname></persName></author><author><persName><forename type="first">B D</forename><surname>Watson</surname></persName></author></analytic><monogr><title level="j">Stroke</title><imprint><date type="published">1987</date><biblScope unit="volume">18</biblScope><biblScope unit="range">5704</biblScope></imprint></monogr></biblStruct><biblStruct xml:id="pm341521bib15" type="article"><analytic><title level="a">Deleterious effect of glucose pretreatment on recovery from diffuse cerebral ischemia in the cat: I. Local cerebral blood flow and glucose utilization</title><author><persName><forename type="first">M D</forename><surname>Ginsberg</surname></persName></author><author><persName><forename type="first">F A</forename><surname>Welsh</surname></persName></author><author><persName><forename type="first">W W</forename><surname>Budd</surname></persName></author></analytic><monogr><title level="j">Stroke</title><imprint><date type="published">1980</date><biblScope unit="volume">11</biblScope><biblScope unit="range">34754</biblScope></imprint></monogr></biblStruct><biblStruct xml:id="pm341521bib16" type="article"><analytic><title level="a">Effect of nitric oxide synthase inhibition on postischemic cerebral hyperemia</title><author><persName><forename type="first">R S</forename><surname>Greenberg</surname></persName></author><author><persName><forename type="first">M A</forename><surname>Helfaer</surname></persName></author><author><persName><forename type="first">J R</forename><surname>Kirsch</surname></persName></author><author><persName><forename type="first">R J</forename><surname>Traystman</surname></persName></author></analytic><monogr><title level="j">Am. J. Physiol.</title><imprint><date type="published">1995</date><biblScope unit="volume">269</biblScope><biblScope unit="range">3417</biblScope></imprint></monogr></biblStruct><biblStruct xml:id="pm341521bib17" type="article"><analytic><title level="a">The effect of topical insulin on the release of excitotoxic and other amino acids from the rat cerebral cortex during streptozotocin-induced hyperglycemic ischemia</title><author><persName><forename type="first">L L</forename><surname>Guyot</surname></persName></author><author><persName><forename type="first">F G</forename><surname>Diaz</surname></persName></author><author><persName><forename type="first">M H</forename><surname>O'Regan</surname></persName></author><author><persName><forename type="first">D</forename><surname>Song</surname></persName></author><author><persName><forename type="first">J W</forename><surname>Phillis</surname></persName></author></analytic><monogr><title level="j">Brain Res.</title><imprint><date type="published">2000</date><biblScope unit="volume">872</biblScope><biblScope unit="range">2936</biblScope></imprint></monogr></biblStruct><biblStruct xml:id="pm341521bib18" type="article"><analytic><title level="a">The effect of streptozotocin-induced diabetes on the release of excitotoxic and other amino acids from the ischemic rat cerebral cortex</title><author><persName><forename type="first">L L</forename><surname>Guyot</surname></persName></author><author><persName><forename type="first">F G</forename><surname>Diaz</surname></persName></author><author><persName><forename type="first">M H</forename><surname>O'Regan</surname></persName></author><author><persName><forename type="first">D</forename><surname>Song</surname></persName></author><author><persName><forename type="first">J W</forename><surname>Phillis</surname></persName></author></analytic><monogr><title level="j">Neurosurgery</title><imprint><date type="published">2001</date><biblScope unit="volume">48</biblScope><biblScope unit="range">38590</biblScope></imprint></monogr></biblStruct><biblStruct xml:id="pm341521bib19" type="article"><analytic><title level="a">Evaluating the efficacy of acupuncture in defined aspects of stroke recovery: a randomised, placebo controlled single blind study</title><author><persName><forename type="first">V</forename><surname>Hopwood</surname></persName></author><author><persName><forename type="first">G</forename><surname>Lewith</surname></persName></author><author><persName><forename type="first">P</forename><surname>Prescott</surname></persName></author><author><persName><forename type="first">M J</forename><surname>Campbell</surname></persName></author></analytic><monogr><title level="j">J. Neurol.</title><imprint><date type="published">2008</date><biblScope unit="volume">255</biblScope><biblScope unit="range">85866</biblScope></imprint></monogr></biblStruct><biblStruct xml:id="pm341521bib20" type="article"><analytic><title level="a">The study of electroacupuncture on cerebral blood flow in rats with and without cerebral ischemia</title><author><persName><forename type="first">C L</forename><surname>Hsieh</surname></persName></author><author><persName><forename type="first">Q Y</forename><surname>Chang</surname></persName></author><author><persName><forename type="first">I H</forename><surname>Lin</surname></persName></author><author><persName><forename type="first">J G</forename><surname>Lin</surname></persName></author><author><persName><forename type="first">C H</forename><surname>Liu</surname></persName></author><author><persName><forename type="first">N Y</forename><surname>Tang</surname></persName></author><author><persName><forename type="first">H Y</forename><surname>Lane</surname></persName></author></analytic><monogr><title level="j">Am. J. Chin. Med.</title><imprint><date type="published">2006</date><biblScope unit="volume">34</biblScope><biblScope unit="range">35161</biblScope></imprint></monogr></biblStruct><biblStruct xml:id="pm341521bib21" type="article"><analytic><title level="a">Additional therapeutic effects of electroacupuncture in conjunction with conventional rehabilitation for patients with first-ever ischaemic stroke</title><author><persName><forename type="first">R L</forename><surname>Hsieh</surname></persName></author><author><persName><forename type="first">L Y</forename><surname>Wang</surname></persName></author><author><persName><forename type="first">W C</forename><surname>Lee</surname></persName></author></analytic><monogr><title level="j">J. Rehabil. Med.</title><imprint><date type="published">2007</date><biblScope unit="volume">39</biblScope><biblScope unit="range">20511</biblScope></imprint></monogr></biblStruct><biblStruct xml:id="pm341521bib22" type="article"><analytic><title level="a">The role of hyperglycemia in acute stroke</title><author><persName><forename type="first">N</forename><surname>Kagansky</surname></persName></author><author><persName><forename type="first">S</forename><surname>Levy</surname></persName></author><author><persName><forename type="first">H</forename><surname>Knobler</surname></persName></author></analytic><monogr><title level="j">Arch. Neurol.</title><imprint><date type="published">2001</date><biblScope unit="volume">58</biblScope><biblScope unit="range">120912</biblScope></imprint></monogr></biblStruct><biblStruct xml:id="pm341521bib23" type="article"><analytic><title level="a">Hyperglycemia induces progressive changes in the cerebral microvasculature and blood-brain transport during focal cerebral ischemia</title><author><persName><forename type="first">N</forename><surname>Kawai</surname></persName></author><author><persName><forename type="first">R F</forename><surname>Keep</surname></persName></author><author><persName><forename type="first">A L</forename><surname>Betz</surname></persName></author><author><persName><forename type="first">S</forename><surname>Nagao</surname></persName></author></analytic><monogr><title level="j">Acta. Neurochir.</title><imprint><date type="published">1998</date><biblScope unit="volume">71</biblScope><biblScope unit="range">21921</biblScope></imprint></monogr></biblStruct><biblStruct xml:id="pm341521bib24" type="article"><analytic><title level="a">The effect of low versus high frequency electrical acupoint stimulation on motor recovery after ischemic stroke by motor evoked potentials study</title><author><persName><forename type="first">Y S</forename><surname>Kim</surname></persName></author><author><persName><forename type="first">J W</forename><surname>Hong</surname></persName></author><author><persName><forename type="first">B J</forename><surname>Na</surname></persName></author><author><persName><forename type="first">S U</forename><surname>Park</surname></persName></author><author><persName><forename type="first">W S</forename><surname>Jung</surname></persName></author><author><persName><forename type="first">S K</forename><surname>Moon</surname></persName></author><author><persName><forename type="first">J M</forename><surname>Park</surname></persName></author><author><persName><forename type="first">C N</forename><surname>Ko</surname></persName></author><author><persName><forename type="first">K H</forename><surname>Cho</surname></persName></author><author><persName><forename type="first">H S</forename><surname>Bae</surname></persName></author></analytic><monogr><title level="j">Am. J. Chin. Med.</title><imprint><date type="published">2008</date><biblScope unit="volume">36</biblScope><biblScope unit="range">4554</biblScope></imprint></monogr></biblStruct><biblStruct xml:id="pm341521bib25" type="inbook"><monogr><title level="m">The Origin of Acupuncture Medicine</title><editor><persName><forename type="first">H G</forename><surname>Koh</surname></persName></editor><editor><persName><forename type="first">C S</forename><surname>Yin</surname></persName></editor><idno type="ref-id">pm341521bib25</idno><imprint><publisher>Kyung Hee University</publisher><pubPlace>Seoul</pubPlace><date type="published">2007</date><biblScope unit="page">pp 2158</biblScope></imprint></monogr></biblStruct><biblStruct xml:id="pm341521bib26" type="article"><analytic><title level="a">An improved method for the detection of changes in brain extracellular glutamate levels</title><author><persName><forename type="first">T</forename><surname>Kohno</surname></persName></author><author><persName><forename type="first">S</forename><surname>Asai</surname></persName></author><author><persName><forename type="first">Y</forename><surname>Iribe</surname></persName></author><author><persName><forename type="first">I</forename><surname>Hosoi</surname></persName></author><author><persName><forename type="first">K</forename><surname>Shibata</surname></persName></author><author><persName><forename type="first">K</forename><surname>Ishikawa</surname></persName></author></analytic><monogr><title level="j">J. Neurosci. Methods</title><imprint><date type="published">1998</date><biblScope unit="volume">81</biblScope><biblScope unit="range">199205</biblScope></imprint></monogr></biblStruct><biblStruct xml:id="pm341521bib27" type="article"><analytic><title level="a">The effect of extracellular glutamate release on repetitive transient ischemic injury in global ischemia model</title><author><persName><forename type="first">G J</forename><surname>Lee</surname></persName></author></analytic><monogr><title level="j">Korean J. Physiol. Pharmacol.</title><imprint><date type="published">2009</date><biblScope unit="volume">13</biblScope><biblScope unit="range">236</biblScope></imprint></monogr></biblStruct><biblStruct xml:id="pm341521bib28" type="article"><analytic><title level="a">Blood cells and ischemia-reperfusion injury</title><author><persName><forename type="first">J A</forename><surname>Leff</surname></persName></author><author><persName><forename type="first">J E</forename><surname>Repine</surname></persName></author></analytic><monogr><title level="j">Blood cells</title><imprint><date type="published">1990</date><biblScope unit="volume">16</biblScope><biblScope unit="range">18391</biblScope></imprint></monogr></biblStruct><biblStruct xml:id="pm341521bib29" type="article"><analytic><title level="a">Hyperglycemia enhances extracellular glutamate accumulation in rats subjected to forebrain ischemia</title><author><persName><forename type="first">P A</forename><surname>Li</surname></persName></author><author><persName><forename type="first">A</forename><surname>Shuaib</surname></persName></author><author><persName><forename type="first">H</forename><surname>Miyashita</surname></persName></author><author><persName><forename type="first">Q P</forename><surname>He</surname></persName></author><author><persName><forename type="first">B K</forename><surname>Siesj</surname></persName></author><author><persName><forename type="first">D S</forename><surname>Warner</surname></persName></author></analytic><monogr><title level="j">Stroke</title><imprint><date type="published">2000</date><biblScope unit="volume">31</biblScope><biblScope unit="range">18392</biblScope></imprint></monogr></biblStruct><biblStruct xml:id="pm341521bib30" type="article"><analytic><title level="a">Role of hyperglycemia-related acidosis in ischemic brain damage</title><author><persName><forename type="first">P A</forename><surname>Li</surname></persName></author><author><persName><forename type="first">B K</forename><surname>Siesjo</surname></persName></author></analytic><monogr><title level="j">Acta Physiol. Scand.</title><imprint><date type="published">1997</date><biblScope unit="volume">161</biblScope><biblScope unit="range">56780</biblScope></imprint></monogr></biblStruct><biblStruct xml:id="pm341521bib31" type="article"><analytic><title level="a">High blood glucose level on hospital admission and poor neurologic recovery after cardiac arrest</title><author><persName><forename type="first">W T</forename><surname>Longstreth, Jr</surname></persName></author><author><persName><forename type="first">T S</forename><surname>Inui</surname></persName></author></analytic><monogr><title level="j">Ann. Neurol.</title><imprint><date type="published">1984</date><biblScope unit="volume">15</biblScope><biblScope unit="range">5963</biblScope></imprint></monogr></biblStruct><biblStruct xml:id="pm341521bib32" type="article"><analytic><title level="a">Streptozotocin-induced diabetes causes astrocyte death after ischemia and reperfusion injury</title><author><persName><forename type="first">M</forename><surname>Muranyi</surname></persName></author><author><persName><forename type="first">C</forename><surname>Ding</surname></persName></author><author><persName><forename type="first">Q</forename><surname>He</surname></persName></author><author><persName><forename type="first">Y</forename><surname>Lin</surname></persName></author><author><persName><forename type="first">P A</forename><surname>Li</surname></persName></author></analytic><monogr><title level="j">Diabetes</title><imprint><date type="published">2006</date><biblScope unit="volume">55</biblScope><biblScope unit="range">34955</biblScope></imprint></monogr></biblStruct><biblStruct xml:id="pm341521bib33" type="article"><analytic><title level="a">Timing of cord blood treatment after experimental stroke determines therapeutic efficacy</title><author><persName><forename type="first">J D</forename><surname>Newcomb</surname></persName></author><author><persName><forename type="first">C T</forename><surname>Ajmo, Jr</surname></persName></author><author><persName><forename type="first">C D</forename><surname>Sanberg</surname></persName></author><author><persName><forename type="first">P R</forename><surname>Sanberg</surname></persName></author><author><persName><forename type="first">K R</forename><surname>Pennypacker</surname></persName></author><author><persName><forename type="first">A E</forename><surname>Willing</surname></persName></author></analytic><monogr><title level="j">Cell Transplant.</title><imprint><date type="published">2006</date><biblScope unit="volume">15</biblScope><biblScope unit="range">21323</biblScope></imprint></monogr></biblStruct><biblStruct xml:id="pm341521bib34" type="article"><analytic><title level="a">Electroacupuncture attenuates both glutamate release and hyperemia after transient ischemia in gerbils</title><author><persName><forename type="first">J</forename><surname>Pang</surname></persName></author><author><persName><forename type="first">T</forename><surname>Itano</surname></persName></author><author><persName><forename type="first">K</forename><surname>Sumitani</surname></persName></author><author><persName><forename type="first">T</forename><surname>Negi</surname></persName></author><author><persName><forename type="first">O</forename><surname>Miyamoto</surname></persName></author></analytic><monogr><title level="j">Am. J. Chin. Med.</title><imprint><date type="published">2003</date><biblScope unit="volume">31</biblScope><biblScope unit="range">295303</biblScope></imprint></monogr></biblStruct><biblStruct xml:id="pm341521bib35" type="article"><analytic><title level="a">Effect of hyperglycemia on extracellular levels of amino acids and free fatty acids in the ischemic/reperfused rat cerebral cortex</title><author><persName><forename type="first">J W</forename><surname>Phillis</surname></persName></author><author><persName><forename type="first">D</forename><surname>Song</surname></persName></author><author><persName><forename type="first">M H</forename><surname>O'Regan</surname></persName></author></analytic><monogr><title level="j">Brain Res.</title><imprint><date type="published">1999</date><biblScope unit="volume">837</biblScope><biblScope unit="range">17783</biblScope></imprint></monogr></biblStruct><biblStruct xml:id="pm341521bib36" type="article"><analytic><title level="a">The four-vessel occlusion rat model: method for complete occlusion of vertebral arteries and control of collateral circulation</title><author><persName><forename type="first">W A</forename><surname>Pulsinelli</surname></persName></author><author><persName><forename type="first">A M</forename><surname>Buchan</surname></persName></author></analytic><monogr><title level="j">Stroke</title><imprint><date type="published">1988</date><biblScope unit="volume">19</biblScope><biblScope unit="range">9134</biblScope></imprint></monogr></biblStruct><biblStruct xml:id="pm341521bib37" type="article"><analytic><title level="a">Moderate hyperglycemia augments ischemic brain damage: a neuropathologic study in the rat</title><author><persName><forename type="first">W A</forename><surname>Pulsinelli</surname></persName></author><author><persName><forename type="first">S</forename><surname>Waldman</surname></persName></author><author><persName><forename type="first">D</forename><surname>Rawlinson</surname></persName></author><author><persName><forename type="first">F</forename><surname>Plum</surname></persName></author></analytic><monogr><title level="j">Neurology</title><imprint><date type="published">1982</date><biblScope unit="volume">32</biblScope><biblScope unit="range">123946</biblScope></imprint></monogr></biblStruct><biblStruct xml:id="pm341521bib38" type="article"><analytic><title level="a">The influence of electro-acupuncture on neural plasticity in acute cerebral infarction</title><author><persName><forename type="first">L</forename><surname>Ren</surname></persName></author><author><persName><forename type="first">W A</forename><surname>Zhang</surname></persName></author><author><persName><forename type="first">N Y</forename><surname>Fang</surname></persName></author><author><persName><forename type="first">J X</forename><surname>Wang</surname></persName></author></analytic><monogr><title level="j">Neurol. Res.</title><imprint><date type="published">2008</date><biblScope unit="volume">30</biblScope><biblScope unit="range">9859</biblScope></imprint></monogr></biblStruct><biblStruct xml:id="pm341521bib39" type="article"><analytic><title level="a">Neuroprotection in ischemic stroke-combination drug therapy and mild hypothermia in a rat model of permanent focal cerebral ischemia</title><author><persName><forename type="first">K</forename><surname>Scholler</surname></persName></author><author><persName><forename type="first">S</forename><surname>Zausinger</surname></persName></author><author><persName><forename type="first">A</forename><surname>Baethmann</surname></persName></author><author><persName><forename type="first">R</forename><surname>Schmid-Elsaesser</surname></persName></author></analytic><monogr><title level="j">Brain Res.</title><imprint><date type="published">2004</date><biblScope unit="volume">1023</biblScope><biblScope unit="range">2728</biblScope></imprint></monogr></biblStruct><biblStruct xml:id="pm341521bib40" type="article"><analytic><title level="a">Highly selective microbiosensors for in vivo measurement of glucose, lactate and glutamate</title><author><persName><forename type="first">O M</forename><surname>Schuvailo</surname></persName></author><author><persName><forename type="first">O O</forename><surname>Soldatkin</surname></persName></author><author><persName><forename type="first">A</forename><surname>Lefebvre</surname></persName></author><author><persName><forename type="first">R</forename><surname>Cespuglio</surname></persName></author><author><persName><forename type="first">A P</forename><surname>Soldatkin</surname></persName></author></analytic><monogr><title level="j">Anal. Chim. Acta</title><imprint><date type="published">2006</date><biblScope unit="volume">573574</biblScope><biblScope unit="range">1106</biblScope></imprint></monogr></biblStruct><biblStruct xml:id="pm341521bib41" type="article"><analytic><title level="a">Effectiveness of multiple pre-ischemia electro-acupuncture on attenuating lipid peroxidation induced by cerebral ischemia in adult rats</title><author><persName><forename type="first">F K</forename><surname>Siu</surname></persName></author><author><persName><forename type="first">S C</forename><surname>Lo</surname></persName></author><author><persName><forename type="first">M C</forename><surname>Leung</surname></persName></author></analytic><monogr><title level="j">Life Sci.</title><imprint><date type="published">2004</date><biblScope unit="volume">75</biblScope><biblScope unit="range">132332</biblScope></imprint></monogr></biblStruct><biblStruct xml:id="pm341521bib42" type="article"><analytic><title level="a">Effect of nitro-Larginine on cerebral blood flow and monoamine metabolism during ischemia/reperfusion in the mongolian gerbil</title><author><persName><forename type="first">A</forename><surname>Strasser</surname></persName></author><author><persName><forename type="first">Y</forename><surname>Yasuma</surname></persName></author><author><persName><forename type="first">R M</forename><surname>McCarron</surname></persName></author><author><persName><forename type="first">H</forename><surname>Ishii</surname></persName></author><author><persName><forename type="first">D</forename><surname>Stanimirovic</surname></persName></author><author><persName><forename type="first">M</forename><surname>Spatz</surname></persName></author></analytic><monogr><title level="j">Brain Res.</title><imprint><date type="published">1994</date><biblScope unit="volume">664</biblScope><biblScope unit="range">197201</biblScope></imprint></monogr></biblStruct><biblStruct xml:id="pm341521bib43" type="article"><analytic><title level="a">Extracellular glutamate changes in rat striatum during ischemia determined by a novel dialysis electrode and conventional microdialysis</title><author><persName><forename type="first">M</forename><surname>Sugahara</surname></persName></author><author><persName><forename type="first">S</forename><surname>Asai</surname></persName></author><author><persName><forename type="first">H</forename><surname>Zhao</surname></persName></author><author><persName><forename type="first">T</forename><surname>Nagata</surname></persName></author><author><persName><forename type="first">T</forename><surname>Kunimatsu</surname></persName></author><author><persName><forename type="first">Y</forename><surname>Ishii</surname></persName></author><author><persName><forename type="first">T</forename><surname>Kohno</surname></persName></author><author><persName><forename type="first">K</forename><surname>Ishikawa</surname></persName></author></analytic><monogr><title level="j">Neurochem. Int.</title><imprint><date type="published">2001</date><biblScope unit="volume">39</biblScope><biblScope unit="range">6573</biblScope></imprint></monogr></biblStruct><biblStruct xml:id="pm341521bib44" type="article"><analytic><title level="a">Does hyperglycemia play a role on the outcome of acute ischemic stroke patients</title><author><persName><forename type="first">D</forename><surname>Toni</surname></persName></author><author><persName><forename type="first">M L</forename><surname>Sacchetti</surname></persName></author><author><persName><forename type="first">C</forename><surname>Argentino</surname></persName></author><author><persName><forename type="first">M</forename><surname>Gentile</surname></persName></author><author><persName><forename type="first">C</forename><surname>Cavalletti</surname></persName></author><author><persName><forename type="first">M</forename><surname>Frontoni</surname></persName></author><author><persName><forename type="first">C</forename><surname>Fieschi</surname></persName></author></analytic><monogr><title level="j">J. Neurol.</title><imprint><date type="published">1992</date><biblScope unit="volume">239</biblScope><biblScope unit="range">3826</biblScope></imprint></monogr></biblStruct><biblStruct xml:id="pm341521bib45" type="article"><analytic><title level="a">Hyperglycemia versus normoglycemic stroke: topography of brain metabolites, intracellular pH, and infarct size</title><author><persName><forename type="first">K R</forename><surname>Wagner</surname></persName></author><author><persName><forename type="first">M</forename><surname>Kleinholz</surname></persName></author><author><persName><forename type="first">G</forename><surname>de Courten-Myers</surname></persName></author><author><persName><forename type="first">R E</forename><surname>Myers</surname></persName></author></analytic><monogr><title level="j">J. Cereb. Blood Flow Metab.</title><imprint><date type="published">1992</date><biblScope unit="volume">12</biblScope><biblScope unit="range">21322</biblScope></imprint></monogr></biblStruct><biblStruct xml:id="pm341521bib46" type="inbook"><monogr><title level="m">WHO international standard terminologies on traditional medicine in the western pacific region</title><idno type="ref-id">pm341521bib46</idno><imprint><date type="published">2007</date></imprint></monogr></biblStruct><biblStruct xml:id="pm341521bib47" type="article"><analytic><title level="a">Acupuncture for stroke rehabilitation</title><author><persName><forename type="first">H</forename><surname>Wu</surname></persName></author><author><persName><forename type="first">J</forename><surname>Tang</surname></persName></author><author><persName><forename type="first">X</forename><surname>Lin</surname></persName></author><author><persName><forename type="first">J</forename><surname>Lau</surname></persName></author><author><persName><forename type="first">P C</forename><surname>Leung</surname></persName></author><author><persName><forename type="first">J</forename><surname>Woo</surname></persName></author><author><persName><forename type="first">Y</forename><surname>Li</surname></persName></author></analytic><monogr><title level="j">Stroke</title><imprint><date type="published">2008</date><biblScope unit="volume">39</biblScope><biblScope unit="range">5178</biblScope></imprint></monogr></biblStruct><biblStruct xml:id="pm341521bib48" type="article"><analytic><title level="a">Electroacupuncture enhances striatal neurogenesis in adult rat brains after a transient cerebral middle artery occlusion</title><author><persName><forename type="first">Z J</forename><surname>Yang</surname></persName></author><author><persName><forename type="first">D H</forename><surname>Shen</surname></persName></author><author><persName><forename type="first">X</forename><surname>Guo</surname></persName></author><author><persName><forename type="first">F Y</forename><surname>Sun</surname></persName></author></analytic><monogr><title level="j">Acupunct. Electrother. Res.</title><imprint><date type="published">2005</date><biblScope unit="volume">30</biblScope><biblScope unit="range">18599</biblScope></imprint></monogr></biblStruct><biblStruct xml:id="pm341521bib49" type="article"><analytic><title level="a">Real-time glutamate release in rat striatum of 11-vessel-occlusion ischemia model treated with acupuncture</title><author><persName><forename type="first">C S</forename><surname>Yin</surname></persName></author><author><persName><forename type="first">S K</forename><surname>Choi</surname></persName></author><author><persName><forename type="first">G J</forename><surname>Lee</surname></persName></author><author><persName><forename type="first">Y H</forename><surname>Eo</surname></persName></author><author><persName><forename type="first">B S</forename><surname>Kim</surname></persName></author><author><persName><forename type="first">B S</forename><surname>Oh</surname></persName></author><author><persName><forename type="first">J E</forename><surname>Lim</surname></persName></author><author><persName><forename type="first">H J</forename><surname>Lee</surname></persName></author><author><persName><forename type="first">H K</forename><surname>Park</surname></persName></author></analytic><monogr><title level="j">Korean J. Orient. Physiol. Pathol.</title><imprint><date type="published">2008a</date><biblScope unit="volume">22</biblScope><biblScope unit="range">83540</biblScope></imprint></monogr></biblStruct><biblStruct xml:id="pm341521bib50" type="article"><analytic><title level="a">A proposed transpositional acupoint system in a mouse and rat model</title><author><persName><forename type="first">C S</forename><surname>Yin</surname></persName></author><author><persName><forename type="first">H S</forename><surname>Jeong</surname></persName></author><author><persName><forename type="first">H J</forename><surname>Park</surname></persName></author><author><persName><forename type="first">Y</forename><surname>Baik</surname></persName></author><author><persName><forename type="first">M H</forename><surname>Yoon</surname></persName></author><author><persName><forename type="first">C B</forename><surname>Choi</surname></persName></author><author><persName><forename type="first">H G</forename><surname>Koh</surname></persName></author></analytic><monogr><title level="j">Res. Vet. Sci.</title><imprint><date type="published">2008b</date><biblScope unit="volume">84</biblScope><biblScope unit="range">15965</biblScope></imprint></monogr></biblStruct><biblStruct xml:id="pm341521bib51" type="article"><analytic><title level="a">Hyperglycemia decreases acute neuronal ischemic changes after middle cerebral artery occlusion in cats</title><author><persName><forename type="first">M A</forename><surname>Zasslow</surname></persName></author><author><persName><forename type="first">R G</forename><surname>Pearl</surname></persName></author><author><persName><forename type="first">L M</forename><surname>Shuer</surname></persName></author><author><persName><forename type="first">G K</forename><surname>Steinberg</surname></persName></author><author><persName><forename type="first">R E</forename><surname>Lieberson</surname></persName></author><author><persName><forename type="first">C P</forename><surname>Larson, Jr</surname></persName></author></analytic><monogr><title level="j">Stroke</title><imprint><date type="published">1989</date><biblScope unit="volume">20</biblScope><biblScope unit="range">51923</biblScope></imprint></monogr></biblStruct><biblStruct xml:id="pm341521bib52" type="article"><analytic><title level="a">Real-time monitoring of the effects of normothermia and hypothermia on extracellular glutamate re-uptake in the rat following global brain ischemia</title><author><persName><forename type="first">H</forename><surname>Zhao</surname></persName></author><author><persName><forename type="first">S</forename><surname>Asai</surname></persName></author><author><persName><forename type="first">K</forename><surname>Kanematsu</surname></persName></author><author><persName><forename type="first">T</forename><surname>Kunimatsu</surname></persName></author><author><persName><forename type="first">T</forename><surname>Kohno</surname></persName></author><author><persName><forename type="first">K</forename><surname>Ishikawa</surname></persName></author></analytic><monogr><title level="j">Neuroreport</title><imprint><date type="published">1997</date><biblScope unit="volume">8</biblScope><biblScope unit="range">238993</biblScope></imprint></monogr></biblStruct><biblStruct xml:id="pm341521bib53" type="article"><analytic><title level="a">Effect of acupuncture treatment on spastic states of stroke patients</title><author><persName><forename type="first">J G</forename><surname>Zhao</surname></persName></author><author><persName><forename type="first">C H</forename><surname>Cao</surname></persName></author><author><persName><forename type="first">C Z</forename><surname>Liu</surname></persName></author><author><persName><forename type="first">B J</forename><surname>Han</surname></persName></author><author><persName><forename type="first">J</forename><surname>Zhang</surname></persName></author><author><persName><forename type="first">Z G</forename><surname>Li</surname></persName></author><author><persName><forename type="first">T</forename><surname>Yu</surname></persName></author><author><persName><forename type="first">X H</forename><surname>Wang</surname></persName></author><author><persName><forename type="first">H</forename><surname>Zhao</surname></persName></author><author><persName><forename type="first">Z H</forename><surname>Xu</surname></persName></author></analytic><monogr><title level="j">J. Neurol. Sci.</title><imprint><date type="published">2009</date><biblScope unit="volume">276</biblScope><biblScope unit="range">1437</biblScope></imprint></monogr></biblStruct><biblStruct xml:id="pm341521bib54" type="article"><analytic><title level="a">Effects of electroacupuncture on extracellular contents of amino acid neurotransmitters in rat striatum following transient focal cerebral ischemia</title><author><persName><forename type="first">P</forename><surname>Zhao</surname></persName></author><author><persName><forename type="first">J</forename><surname>Cheng</surname></persName></author></analytic><monogr><title level="j">Acupunct. Electrother. Res.</title><imprint><date type="published">1997</date><biblScope unit="volume">22</biblScope><biblScope unit="range">11926</biblScope></imprint></monogr></biblStruct><biblStruct xml:id="pm341521bib55" type="article"><analytic><title level="a">Electro-acupuncture attenuates nitric oxide release from rat striatum after transient middle cerebral artery occlusion</title><author><persName><forename type="first">P</forename><surname>Zhao</surname></persName></author><author><persName><forename type="first">Z</forename><surname>Huang</surname></persName></author><author><persName><forename type="first">G</forename><surname>Chen</surname></persName></author><author><persName><forename type="first">J</forename><surname>Cheng</surname></persName></author></analytic><monogr><title level="j">Acupunct. Electrother. Res.</title><imprint><date type="published">2000</date><biblScope unit="volume">25</biblScope><biblScope unit="range">1017</biblScope></imprint></monogr></biblStruct><biblStruct xml:id="pm341521bib56" type="article"><analytic><title level="a">Extracellular glutamate: on-line monitoring using microdialysis coupled to enzyme-amperometric analysis</title><author><persName><forename type="first">E</forename><surname>Zilkha</surname></persName></author><author><persName><forename type="first">T P</forename><surname>Obrenovitch</surname></persName></author><author><persName><forename type="first">A</forename><surname>Koshy</surname></persName></author><author><persName><forename type="first">H</forename><surname>Kusakabe</surname></persName></author><author><persName><forename type="first">H P</forename><surname>Bennetto</surname></persName></author></analytic><monogr><title level="j">J. Neurosci. Methods</title><imprint><date type="published">1995</date><biblScope unit="volume">60</biblScope><biblScope unit="range">19</biblScope></imprint></monogr></biblStruct></listBibl></div></back></text></TEI>