{
  "arkIstex": "ark:/67375/0T8-NKGZ9BPP-C",
  "title": "Combined microlightguide spectrophotometry and microendoscopy for measurement of oxygen saturation in peripheral nerves",
  "language": [
    "eng"
  ],
  "publicationDate": "1999",
  "copyrightDate": "1999",
  "doi": [
    "10.1088/0967-3334/20/1/005"
  ],
  "ark": [
    "ark:/67375/0T8-NKGZ9BPP-C"
  ],
  "pii": [
    "S0967-3334(99)94218-1"
  ],
  "articleId": [
    "005"
  ],
  "genre": [
    "other"
  ],
  "originalGenre": [
    "N/A"
  ],
  "author": [
    {
      "name": "S Ibrahim",
      "affiliations": [
        "Diabetes Research Unit, Royal Hallamshire Hospital, Sheffield, UK"
      ]
    },
    {
      "name": "E A Laude",
      "affiliations": [
        "Department of Experimental Medicine, University of Sheffield, Sheffield, UK"
      ]
    },
    {
      "name": "D Bee",
      "affiliations": [
        "Department of Experimental Medicine, University of Sheffield, Sheffield, UK"
      ]
    },
    {
      "name": "S Eaton",
      "affiliations": [
        "Diabetes Research Unit, Royal Hallamshire Hospital, Sheffield, UK"
      ]
    },
    {
      "name": "J D Ward",
      "affiliations": [
        "Diabetes Research Unit, Royal Hallamshire Hospital, Sheffield, UK"
      ]
    },
    {
      "name": "N D Harris",
      "affiliations": [
        "Department of Medical Physics, Royal Hallamshire Hospital, Sheffield, UK"
      ]
    }
  ],
  "pmid": [
    "10374827"
  ],
  "host": {
    "title": "Physiological Measurement",
    "language": [
      "unknown"
    ],
    "issn": [
      "0967-3334"
    ],
    "eissn": [
      "1361-6579"
    ],
    "volume": "20",
    "issue": "1",
    "pages": {
      "first": "65",
      "last": "73"
    },
    "genre": [
      "journal"
    ]
  },
  "corpusName": "iop",
  "qualityIndicators": {
    "score": 5.898,
    "pdfWordCount": 3886,
    "pdfCharCount": 22721,
    "pdfVersion": 1.1,
    "pdfPageCount": 9,
    "pdfPageSize": "612 x 792 pts (letter)",
    "refBibsNative": false,
    "abstractWordCount": 1,
    "abstractCharCount": 0,
    "keywordCount": 0
  },
  "categories": {
    "wos": [
      "1 - science",
      "2 - physiology",
      "2 - engineering, biomedical",
      "2 - biophysics"
    ],
    "scienceMetrix": [
      "1 - applied sciences",
      "2 - engineering",
      "3 - biomedical engineering"
    ],
    "scopus": [
      "1 - Health Sciences",
      "2 - Medicine",
      "3 - Physiology (medical)",
      "1 - Physical Sciences",
      "2 - Engineering",
      "3 - Biomedical Engineering",
      "1 - Life Sciences",
      "2 - Biochemistry, Genetics and Molecular Biology",
      "3 - Physiology",
      "1 - Life Sciences",
      "2 - Biochemistry, Genetics and Molecular Biology",
      "3 - Biophysics"
    ]
  },
  "keywords": {
    "teeft": [
      "endoscope",
      "uorescein",
      "lightguide",
      "hbo2",
      "microlightguide",
      "spectrophotometry",
      "hypoxia",
      "empho",
      "microlightguide spectrophotometry",
      "microendoscopy",
      "neuropathy",
      "sciatic",
      "uorescence",
      "oxygen saturation",
      "physiol",
      "catchment",
      "nerve blood",
      "catchment volume",
      "beam splitter",
      "nerve oxygen saturation",
      "sciatic nerve",
      "uorescein intensity",
      "vascular factors",
      "peripheral nerves",
      "exible lightguide",
      "spectrophotometer",
      "spectral composition",
      "human subjects",
      "peripheral nerve",
      "royal hallamshire hospital",
      "invasive nature",
      "measure hbo2",
      "diabetic neuropathy",
      "endoscope measurements",
      "nerve hbo2",
      "backscattered light",
      "optic lightguide",
      "nerve",
      "saturation",
      "intravenous injection",
      "endoscope combination",
      "sural nerve blood",
      "nerve oxygenation",
      "remission spectra",
      "outer diameter",
      "rigid endoscope",
      "intravascular oxygen saturation",
      "similar regions",
      "focal plane",
      "noise level",
      "light source",
      "uorescein rise time",
      "local tissue oxygen saturation",
      "measure intravascular oxygen saturation",
      "blood pressure",
      "important role",
      "arterial oxygen saturation",
      "nerve intravascular oxygen saturation",
      "medical physics",
      "exact site",
      "central hypoxia",
      "tissue oxygen tension",
      "erlangen microlightguide spectrophotometer",
      "study blood",
      "video microscopy"
    ]
  },
  "namedEntities": {
    "unitex": {
      "date": [],
      "geogName": [],
      "orgName": [],
      "orgName_funder": [],
      "orgName_provider": [],
      "persName": [],
      "placeName": [],
      "ref_url": [],
      "ref_bibl": [],
      "bibl": []
    }
  },
  "enrichments": {
    "type": [
      "multicat",
      "refBibs",
      "teeft",
      "unitex"
    ]
  },
  "fulltext": "Physiol. Meas. 20 (1999) 65–73. Printed in the UK  PII: S0967-3334(99)94218-1  Combined microlightguide spectrophotometry and microendoscopy for measurement of oxygen saturation in peripheral nerves S Ibrahim†, E A Laude‡, D Bee‡, S Eaton†, J D Ward† and N D Harris§ † Diabetes Research Unit, Royal Hallamshire Hospital, Shefﬁeld, UK ‡ Department of Experimental Medicine, University of Shefﬁeld, Shefﬁeld, UK § Department of Medical Physics, Royal Hallamshire Hospital, Shefﬁeld, UK Received 8 May 1998, in ﬁnal form 9 December 1998 Abstract. Microlightguide measurements of the spectral composition of backscattered light may be used to determine local tissue oxygen saturation and monitor tissue perfusion using intravenous injection of ﬂuorescein dye as a contrast agent. We have used a combination of microlightguide spectrophotometry and microendoscopy to measure intravascular oxygen saturation (HbSaO2 %) and monitor blood ﬂow in the sciatic nerve of 12 healthy male Sprague–Dawley rats. The microlightguide and endoscope combination is a relatively new measurement technique. The aims of this study were to determine whether microlightguide spectrophotometry and microendoscopy could be used to measure HbO2 and blood ﬂow in peripheral nerves and to compare the measurements made using the ﬂexible lightguide with the endoscope–lightguide combination. We found no signiﬁcant difference between the two types of measurement over similar regions of the nerve, mean SaO2 % values 77.1% (95% CI = 75.4–78.8) and 78.8% (95% CI = 77.5–80.1) respectively. During a period of hypoxia there was a similar fall in both arterial and nerve oxygen saturation. Following injection of ﬂuorescein, the rate of increase in nerve ﬂuorescence was used as a measure of perfusion. The combination of microlightguide spectrophotometry and microendoscopy allows the exact site of measurement to be directly visualized. The minimally invasive nature of this technique may allow its application to the study of peripheral nerves in human subjects in conditions such as diabetic neuropathy where vascular factors are thought to have an important role in aetiology. Keywords: lightguide, oxygen saturation, spectrophotometry, peripheral nerve  1. Introduction The Erlangen microlightguide spectrophotometer (EMPHO) was pioneered by Frank and Kessler in 1989. It utilizes backscattered light from the surface of tissues to measure the ratio of fully oxygenated haemoglobin and fully deoxygenated haemoglobin, from which oxygen saturation can be derived. The technique uses a small (<2 mm) diameter ﬁbre optic lightguide to transfer light to and from the surface of tissues. It has been used to measure intravascular oxygen saturation (HbO2 ) in a wide variety of tissues including human heart (Frank et al 1989a), skin (Harrison et al 1992a) and brain (H¨ per and Gaab 1994), but not o in peripheral nerve. When used in combination with an endoscope the technique allows the measurement of oxygen saturation in relatively inaccessible tissues under direct visual control. To whom correspondence should be addressed at: Department of Medical Physics, Royal Hallamshire Hospital, Shefﬁeld S10 2JF, UK. 0967-3334/99/010065+09$19.50  © 1999 IOP Publishing Ltd  65  66  S Ibrahim et al  This combination has been previously used to measure retinal oxygen saturation in the rabbit eye (H¨ per and Funk 1994). However, this was essentially a technical description of the o method and no comparison was made between the direct lightguide and the indirect endoscope measurements. Nerve hypoxia and impaired blood ﬂow are implicated as important factors in the development of diabetic neuropathy and neuropathies of other conditions with systemic vascular disease (Tesfaye et al 1994, Eames and Lange 1967, Dyck et al 1972). At present, assessments of nerve function rely on nerve conduction measurements. These are often unrecordable in patients with neuropathy and give no information regarding the metabolic status of the nerve. Our group has previously used oxygen microelectrodes to demonstrate that the sural nerve is hypoxic in diabetic patients with neuropathy (Newrick et al 1986). More recently we have used video ﬂuorescein angiography to investigate differences in sural nerve blood ﬂow (Tesfaye et al 1993). Both these techniques are technically demanding and not suitable for routine clinical use. Microlightguide spectrophotometry (MLS) may provide a tool to investigate the pathogenesis of these conditions and explore the effects of therapeutic agents. The aims of this study were to determine whether microlightguide spectrophotometry and microendoscopy could be used to measure HbO2 and blood ﬂow in peripheral nerves and to compare the measurements made using the ﬂexible lightguide with the endoscope–lightguide combination. We have carried out the study in an animal model and have measured the change in nerve oxygenation compared with arterial oxygenation during a short period of hypoxia. The purpose of this was to conﬁrm that the technique can follow changes in nerve oxygenation. 2. Methods 2.1. Equipment set-up The Erlangen microlightguide spectrophotometer II (EMPHO II, Bodenseewerk Geratetechnik GmbH, Erlangen, Germany) was used in this study. The instrument has been detailed elsewhere (Frank et al 1989b) and so will only be brieﬂy described. White light from a 75 W xenon lamp is carried by a single 250 µm diameter ﬁbre to the tissue; the reﬂected light is collected by six outer ﬁbres and transferred to a rotating interference ﬁlter. The light is monochromatized in the range 502–628 nm and detected by a photomultiplier. The resulting electrical signal is digitized and then processed by computer which displays the remission spectra in real time. The shapes of the remission spectra are compared with stored reference fully oxygenated and fully deoxygenated haemoglobin spectra and the HbO2 saturation is calculated by an on-line program (Frank et al 1989b). The spectrophotometer was ﬁrst used with the ﬂexible lightguide to take measurements directly above the surface of exposed rat sciatic nerve. The lightguide supplied with the EMPHO was 1.5 m in length with a 2 mm outer diameter and a 60◦ divergence angle. The measurements were repeated with the lightguide attached to a rigid endoscope. This combination is essentially the same as that used by H¨ per and Funk (1994) for measurement o of intravascular oxygen saturation in the rabbit eye and is shown in ﬁgure 1. A rigid endoscope (type 28301B Storz, Tuttlingen, Germany) with an outer diameter of 1.9 mm and 60◦ ﬁeld of view, was attached to a monochrome video camera (Hitachi KP-M1E/K, Hatachi-Denshi, Japan) and to the EMPHO via a beam splitter. A separate light source (Storz cold light fountain, 485 BF) was used for illumination and was connected directly to the endoscope via a 3.5 mm diameter light guide (Storz 495 NL, Tuttlingen, Germany). The lowest power setting of the Storz light source was used. The light from the endoscope was divided into two parts by the beam splitter with 20% directed to the camera and 80% to the EMPHO. An adapter was used  Microlightguide spectrophotometry and microendoscopy  67  Figure 1. A photograph showing the endoscope and camera mounted on the arm of the micromanipulator: 1, video camera; 2, beam splitter; 3, micromanipulator; 4, ﬁbre-eyepiece adaptor; 5, ﬁbre to spectrophotometer; 6, endoscope; 7 ﬁbre from endoscope light source. The inset picture shows the ends of the endoscope (left) and the ﬂexible ﬁbre optic lightguide (right).  to hold the lightguide in the focal plane of the eyepiece of the beam splitter. By winding a shutter attached to a micromanipulator across the tip of the endoscope and monitoring the signal amplitude we were able to determine that the EMPHO receives light from the central third of the endoscope ﬁeld of view. With the tip of the endoscope approximately 1 mm away from the tissue this corresponds to a diameter of approximately 300 µm. The EMPHO is able to collect spectra at a rate of approximately 70 spectra/s. However, the signal-to-noise ratio is improved by averaging a number of spectra. Using the lightguide, ﬁve spectra were averaged for each measurement or frame. With the endoscope–lightguide combination there is approximately a 70% reduction in light intensity. To reduce the noise level, we used a more sensitive photomultiplier setting (voltage setting 2 or 3) and averaged 25 spectra for each measurement. Using averages of 25 spectra it takes approximately 1 min to acquire 100 saturation measurements. Changes in the spectral composition of the light source must be compensated for in order for the HbO2 measurements to be valid. At the start of each measurement session a reference white spectrum was recorded by reﬂecting a proportion of the illuminating light back to the instrument from a surface coated mirror. This signal is termed the ‘white balance’ and is used together with a zero signal to correct for any variation in the spectral composition of the light source or the transmission characteristics of the lightguide. The EMPHO covers a range of wavelengths from 502–628 nm and can therefore be used as a ﬂuorimeter to monitor the inﬂow of contrast agents and indirectly assess local perfusion.  68  S Ibrahim et al  The EMPHO and endoscope combination was used for this measurement. The Storz light source—set at the maximum light intensity and utilizing the in-built 480 nm blue ﬁlter—was used as an excitation source for ﬂuorescein. Nerve ﬂuorescence was measured by averaging 10 spectra per frame at a rate of 4.8 frames/s. Changes in nerve ﬂuorescence from baseline intensity were measured over the range 510 to 560 nm. The nerve ﬂuorescence intensity curve obtained is biphasic; the fast phase component may be attributed to ﬂuorescein entering the epineurial and endoneurial blood vessels, while the slow phase is due to ﬂuorescein diffusion from the vessels in the body of the nerve. Absolute measurements of tissue blood ﬂow may be made directly from the rate of delivery of the indicator to the tissue peak or maximum level (Perbeck et al 1985). The rate of delivery is the time interval between 10% and 90% of the maximum nerve ﬂuorescence—the ﬂuorescein rise time (FRT). It is difﬁcult to determine the maximum indicator concentration from the ﬂuorescence because of variations in the volume of blood within the catchment area of the endoscope. The FRT was therefore used as a indicator of relative nerve blood ﬂow. 2.2. Measurement procedure Twelve male Sprague–Dawley rats weighing between 390 and 460 g were anaesthetized with an intraperitoneal injection (100 mg kg−1 ) of sodium thiopentone (Inactin-Byk, Byk Gulden, Germany). The trachea, jugular vein and carotid artery were cannulated and the animals allowed to breathe spontaneously on air. Mean arterial pressure was recorded from a heparinized carotid artery cannula by a blood pressure transducer (Lectromed Multitrace2, Herts, UK). Arterial pH, oxygen and carbon dioxide tensions (ABG) were measured with a blood gas analyser (Ciba Corning 178, Essex, UK) on 0.05 ml samples of arterial blood. The right sciatic nerve was exposed between the sciatic notch and the knee by blunt dissection through a 20 mm skin incision. Nerve HbO2 was ﬁrst measured using the ﬂexible lightguide attached directly to EMPHO. These were taken by placing the ﬁbre, held in a micromanipulator, 0.5–1 mm away from the surface of the nerve. The ﬁbre was then repositioned and measurements repeated at two other sites along the nerve. The measurements were then repeated over approximately the same sites using the combination of the endoscope and EMPHO. In this case, the tip of the endoscope was guided into position using the image on the video monitor. The temperature of the tissue alongside the nerve was monitored continuously by a needle thermocouple (C-P Instruments, Herts, UK). The effect of acute hypoxia on nerve oxygen saturation and the ability of the equipment to detect these changes was studied. The endoscope was ﬁxed in one position above the nerve and the animals were rendered hypoxic by breathing a 10% oxygen/nitrogen mixture for 3 min. The level of hypoxia was assessed by measuring arterial blood gases. Nerve oxygen saturation was measured by the combination of the endoscope and EMPHO continuously before and during hypoxia and then for a further 2 min. Recovery from hypoxia was conﬁrmed when blood pressure and arterial oxygen levels returned to the baseline values. At the end of the procedure, nerve blood ﬂow was assessed by placing the tip of the endoscope 1 mm away from the surface of the nerve and injecting a bolus intravenous dose (7 mg kg−1 body weight) of sodium ﬂuorescein (Martindale Pharmaceutical, Romford, UK). Spectrophotometric measurement of nerve ﬂuorescence were then made for 3 min as described. The position of the endoscope was monitored throughout this procedure and the results excluded if there was any change in the position of the endoscope over the nerve.  Microlightguide spectrophotometry and microendoscopy  69  3. Results Table 1 shows background data for the animals, including weight, arterial blood oxygen and mean arterial blood pressure in addition to sciatic nerve HbO2 , temperature and FRT. Table 1. Mean weight, arterial oxygen saturation, nerve intravascular oxygen saturation (HbO2 ) and nerve ﬂuorescein parameters. Parameter  Mean (95% CI)  Weight (g) Lightguide HbO2 measurement (%) Endoscope HbO2 measurement (%) Fluorescein rise time (s) Fluorescein maximum intensity (units)  413 (405–421) 77.1 (75.4–78.8) 78.8 (77.5–80.1) 1.42 (1.15–1.68) 2874 (1951–3799)  3.1. Measurement of intravascular oxygen saturation The mean HbO2 using the lightguide and the combination of the endoscope and the lightguide were 77.1% (95% CI = 75.4–78.8) and 78.8% (95% CI = 77.5–80.1). A Bland–Altman plot (Bland and Altman 1986) was used to compare the difference between the ﬁbre and the endoscope measurements. Figure 2 shows the difference between the two measurements against the mean, for each set of measurements. There was no signiﬁcant change in the ﬁbre or endoscope measurements with increasing oxygen saturation (Pearson correlation p > 0.07, r 2 = 0.11). Overall, the mean difference between the lightguide and the endoscope was −2.05 (95% CI = −1.98–2.12) which was not signiﬁcant.  Figure 2. A Bland–Altman plot showing the difference between the ﬁbre optic lightguide and the endoscope measurements.  3.2. Nerve blood ﬂow results Fluorescein appears in the nerve between 1.5 and 3.5 s after the intravenous injection (ﬁgure 3). The mean values of FRT and maximum ﬂuorescein intensity are shown in table 1. Although  70  S Ibrahim et al  Figure 3. An example of a relative ﬂuorescein intensity curve showing ﬂuorescein rise time (FRT).  there was some variation in the maximum ﬂuorescein intensity (95% CI 1951–3799), the FRT was quite consistent (95% CI 1.15–1.68). There was no signiﬁcant change in temperature in the tissue surrounding the nerve during the procedure. 3.3. Response of nerve HbO2 to central hypoxia The data showing the change in central arterial oxygen and nerve oxygen saturation are given in table 2. The mean values of the baseline central arterial oxygen saturation and nerve HbO2 were 94.6% (95% CI = 92.8–96.4) and 81.2% (95% CI = 77.8–84.6). Following 3 min of hypoxia, these values fell to 79.9% (95% CI = 71.5–88.4) and 68.1% (95% CI = 63.8–72.4). The fall in arterial and nerve HbO2 saturation was therefore 14.7% and 13.1% respectively. Table 2. The arterial oxygen, nerve intravascular oxygen saturation and the change in saturation, at baseline and after 3 min of hypoxia. Arterial (%SaO2 )  Nerve (HbO2 %)  Change  Baseline  Hypoxia  Baseline  Hypoxia  Arterial  Nerve  Rat 1 Rat 2 Rat 3 Rat 4 Rat 5 Rat 6 Rat 7  96 96 97 93 91 92 97  92 87 93 70 65 71 83  80 76 80 89 79 79 86  75 61 76 66 67 63 70  4 9 4 23 26 21 14  5 15 4 23 12 16 16  Mean SD  94.6 2.5  79.9 11.4  81.2 4.6  68.1 5.8  14.6 16.1  13.1 14.3  4. Discussion This is the ﬁrst time that microlightguide spectrophotometry has been used to provide indices of oxygen level or blood ﬂow in peripheral nerve. The most commonly used method for the measurement of tissue oxygen tension is oxygen microelectrode polarography (Tuck et al  Microlightguide spectrophotometry and microendoscopy  71  1984, Newrick et al 1986). The technique is able to provide an absolute measurement of tissue oxygen tension. However, the measurements are highly localized, and obtaining a representative oxygen value requires repeated insertion of the microelectrode over several minutes. This is technically difﬁcult, particularly in human subjects, and the resulting tissue damage may cause changes in the measured parameters. The speed of measurement and the minimally invasive nature of the spectrophotometer make it particularly suitable for use in a clinical environment. The combination of microendoscopy and spectrophotometry was developed by H¨ per in o 1994 and used to measure HbO2 in the retinal blood vessels of the albino rabbit. However, no comparison was made between the endoscope and the standard lightguide measurements. In this study we have compared the measurements over similar regions of the nerve and have found no signiﬁcant difference between the two methods. It is difﬁcult to estimate the catchment volume of the measurements. The active diameters of the endoscope and the lightguide are 300 µm and 1 mm respectively. Harrison has estimated that the catchment volume of the ﬁbre is equivalent to a 300 µm diameter sphere immediately below the tip (Harrison et al 1992a). Using our adapter to hold the lightguide in the focal plane of the eyepiece of the beam splitter, the backscattered light is collected from the central third of the inner rod lens of the endoscope which has a diameter of 300 µm. From Harrison et al (1992b) it is estimated that a 70 µm ﬁbre has a catchment volume with a diameter of 100 µm. The catchment volume of the endoscope must therefore be greater than 100 µm and less than 300 µm. In sensory nerves the endoneurium is surrounded by an outer endoneurial layer, some 50–100 µm thick. There are also extensive anastomosis between the epineurium and endoneurium (Bell and Weddell 1984) and hence an equilibrium in the oxygen content of two compartments within a nerve segment. In tissues such as skin there are several epithelial layers and variation in the depth of the microvascular network, therefore a reduced catchment depth may affect the measurements. However, there would be no advantage in using the endoscope in this situation. The loss of 70% of the light through the endoscope results in an increased noise level and more variability in the measurement values. Although this increased the range of the values by a factor of two, it did not alter the distribution or the mean HbO2 value. Overall, the endoscope has the advantage of being able to visualize the exact site of measurement and is therefore more reliable. We are examining ways of improving the coupling between the endoscope and the lightguide, which will improve the signal-to-noise ratio. The fall in nerve oxygen saturation following central hypoxia appears to be predominantly due to the reduced systemic oxygen content. Oxygen saturation fell by 13.1% in the nerve and 14.7% in the arterial circulation. These are in good agreement and within the measurement error of the instrument. The fast response time and ability of the spectrometer to continuously monitor local tissue oxygen saturation is an obvious advantage for studies of this type. Sodium ﬂuorescein is a non-toxic water-soluble dye; 99.7% is extracted from the blood in a single passage, which makes it suitable to use in blood ﬂow measurements. Fluorescein clearance times have been shown to correlate well with blood ﬂow measurements using electromagnetic ﬂowmetry or xenon-133 clearance (Perbeck et al 1985). Harrison has also compared the measurements with hydrogen clearance using surface electrodes, and found a good correlation, although blood ﬂow was overestimated at higher ﬂow values (Harrison et al 1992b). We have previously used ﬂuorescein to study blood ﬂow in the human sural nerve (Tesfaye et al 1993). Nerve ﬂuorescence was measured by video microscopy with digital image analysis of intensity and the ﬂuorescein appearance time (FAT) used as an indicator of nerve blood ﬂow. However, the FAT also represents the transit time through larger blood vessels and is affected by vascular factors before the nerve such as cardiac output and peripheral resistance. It may be more a measure of the systemic circulation than nerve circulation. The ﬂuorescein  72  S Ibrahim et al  rise time (FRT) is directly related to local tissue blood ﬂow and is therefore a useful means of assessing the condition of the microcirculation in conditions such as diabetes. Despite using a standard ﬂuorescein dose in all animals, there was quite a wide variation in the maximum ﬂuorescein intensity. This could be due to small differences in the distance between the endoscope and the nerve surface, which will have a large effect on the catchment volume. There may also be differences in the capillary density and therefore blood volume, within the measurement area. An absolute measure of nerve blood ﬂow is not possible unless the intensity of ﬂuorescence can be directly related to the ﬂuorescein concentration (Perbek et al 1985). Laser Doppler measurements of nerve blood ﬂow have been made by a number of workers (Theriault et al 1997, Stevens et al 1994, Rundquist et al 1985). These also give relative changes in blood ﬂow, although probably within a more localized area. The technique is open to the criticism that exposing the nerves may alter the blood ﬂow (Sugimoto et al 1986). However, Cameron et al (1997) has found no difference in blood ﬂow between exposed nerves and those covered with a ﬂap of muscle. Most of the well validated and accurate methods of blood ﬂow measurement also require exposure of the nerves. The disadvantage of using nerve ﬂuorescence to study blood ﬂow is the inability to make more than one recording per experimental animal. For this same reason we were unable to compare ﬂuorescein intensity using video microscopy and spectrophotometry simultaneously. In summary, microlightguide spectrophotometry provides a valuable technique for the monitoring of nerve blood ﬂow and oxygen saturation. The minimally invasive nature of this technique may allow its application to the study peripheral nerves in human subjects in conditions such as diabetic neuropathy where vascular factors are thought to have an important role in aetiology. The use of the microendoscope makes it possible to utilize the smallest possible incision with the option of repeated measurements at a later date. Acknowledgments This work is supported by a British Diabetic Association project grant. We are grateful to Scotia Pharmaceuticals for funding the purchase of the spectrophotometer. References Bell M A and Weddell A G M 1984 A descriptive study of the blood vessels of the sciatic nerve in the rat, man and other mammals Brain 107 871–98 Bland J M and Altman D G 1986 Statistical methods for assessing agreement between two methods of clinical measurement Lancet 1 307–11 Cameron N E, Cotter M A, Basso M and Hohman T C 1997 Comparison of the effect of inhibitors of aldose reductase and sorbitol dehydrogenase on neurovascular function, nerve conduction and tissue polyol pathway metabolites in streptozotocin-diabetic rats. Diabetiologia 40 271–81 Dyck P J, Conn D L and Okazaki H 1972 Necrotizing angiopathic neuropathy Mayo Clin. Proc. 47 461–75 Eames R A and Lange L S 1967 Clinical and physiological study of ischaemic neuropathy J. Neurol. Neurosurg. Psychiatry 30 215–26 Frank K H, Kessler M, Appelbaum K and Dummler W 1989b The Erlangen micro-lightguide spectrophotometer EMPHO Phys. Med. Biol. 34 1883–1900 Frank K H, Kessler M, Appelbaum K, Dummler W, Zundorf J, Hoper J, Klovekorn W P and Sebening F 1989a Oxygen supply of the myocardium Oxygen Transport to Tissue XI ed K Rakusan, G P Biro, T K Goldstick and Z Turek (New York: Plenum) p 561 Harrison D K, Evans S D, Abot N C, Beck J S and McCollum PT 1992a Spectrophotometric measurements of haemoglobin saturation and concentration in skin during the tuberculin reactin in normal human subjects Clin. Phys. Physiol. Meas. 13 349–63  Microlightguide spectrophotometry and microendoscopy  73  Harrison D K, Hagen N, Birkenhake S, Frank K and Kessler M 1992b Sodium ﬂuorescein clearance and hydrogen washout technique for measurement of blood ﬂow distribution in skeletal muscle Quantitative Spectroscopy in Tissue 1992 (Proc. Workshop on Quantitative Spectroscopy in Tissue (Erlangen, 1988)) ed K Frank and M Kessler (Frankfurt: PMI Verlag) pp 184–92 H¨ per J and Funk R H W 1994 A combination of microendoscopy and spectrophotometry allowing real-time analysis o of microcirculatory parameters during in vivo observations Phys. Med. Biol. 15 333–7 H¨ per J and Gaab M R 1994 Effect of arterial PCO2 on local HbO2 and relative Hb concentration in the human brain—a o study with the Erlangen micro-lightguide spectrophotometer (EMPHO) Physiol. Meas. 15 107–13 Low P A and Tuck R R 1984 Effect of changes of blood pressure, respiratory acidosis and hypoxia on blood ﬂow in the sciatic nerve of the rat J. Physiol. 347 513–24 Newrick P G, Wilson A J, Jakobowski J, Boulton A J M and Ward J D 1986 Sural nerve oxygen tension in diabetes Br. Med. J. 293 1053–4 Perbeck L, Lund F, Svensson L and Thulin L 1985 Fluorescein ﬂowmetry: a method for measuring relative capillary blood ﬂow in the intestine Clin. Physiol. 5 281–92 Rundquist I, Smith Q R, Michel M E, Ask P, Oberg P A and Rapoport S 1985 Sciatic nerve blood ﬂow measured by laser Doppler ﬂowmetry and C14 iodoantipyrine Am. J. Physiol. 248 H311–17 Stevens E J, Carrington A L and Tomlinson D R 1994 Nerve ischaemia in diabetic rats: time course to development, effect of insulin treatment plus comparison of streptozotocin and BB models Diabetologia 37 43–8 Sugimoto H, Monafo W W and Eliasson S G 1986 Regional sciatic nerve and muscle blood ﬂow in conscious and anaesthetized rats Am. J. Physiol. 251 H1211–H1216 Tesfaye S, Harris N D, Jakubowski J, Mody C and Ward J D 1993 Impaired blood ﬂow and arterio-venous shunting in human diabetic neuropathy: a novel technique of nerve photography and ﬂuorescein angiography Diabetologia 36 1266–74 Tesfaye S, Malik R and Ward J D 1994 Vascular factors in diabetic neuropathy Diabetologia 37 847–54 Theriault M, Dort J, Sutherland G and Zochodne D W 1997 Local human sural nerve blood ﬂow in diabetic and other polyneuropathies Brain 120 1131–8 Tuck R R, Schmelzer J D and Low P A 1984 Endoneurial blood ﬂow and oxygen tension in the sciatic nerve of rats with experimental diabetic neuropathy Brain 107 935–50  "
}