<?xml version="1.0" encoding="UTF-8"?>
<!--Version 1.2 générée le 14-1-2019-->
<TEI xmlns:tei="http://www.tei-c.org/ns/1.0" xml:lang="en" type="research-article">
  <teiHeader>
    <fileDesc>
      <titleStmt>
        <title level="a">Cases</title>
      </titleStmt>
      <publicationStmt>
        <authority>ISTEX</authority>
        <publisher scheme="https://scientific-publisher.data.istex.fr">Martinus Nijhoff</publisher>
        <pubPlace>The Netherlands</pubPlace>
        <availability>
          <licence>
            <p>© 1995 Koninklijke Brill NV, Leiden, The Netherlands</p>
          </licence>
          <p scheme="https://loaded-corpus.data.istex.fr/ark:/67375/XBH-56W3KPD5-3">brill-journals</p>
        </availability>
        <date>1995</date>
      </publicationStmt>
      <notesStmt>
        <note type="research-article" scheme="https://content-type.data.istex.fr/ark:/67375/XTP-1JC4F85T-7">research-article</note>
        <note type="journal" scheme="https://publication-type.data.istex.fr/ark:/67375/JMC-0GLKJH51-B">journal</note>
      </notesStmt>
      <sourceDesc>
        <biblStruct type="inbook">
          <analytic>
            <title level="a">Cases</title>
            <idno type="istex">C62C95675F09F3D42FC5B8F8E6DF5044B9DDA124</idno>
            <idno type="ark">ark:/67375/JKT-5WHKH6SK-Q</idno>
            <idno type="DOI">10.1163/157180995X00230</idno>
            <idno type="href">15718093_002_02_s010_text.pdf</idno>
          </analytic>
          <monogr>
            <title level="j">European Journal of Health Law</title>
            <title level="j" type="abbrev">EJHL</title>
            <idno type="pISSN">0929-0273</idno>
            <idno type="eISSN">1571-8093</idno>
            <imprint>
              <publisher>Martinus Nijhoff</publisher>
              <pubPlace>The Netherlands</pubPlace>
              <date type="published" when="1995"/>
              <biblScope unit="volume">2</biblScope>
              <biblScope unit="issue">2</biblScope>
              <biblScope unit="page" from="152">152</biblScope>
              <biblScope unit="page" to="153">153</biblScope>
            </imprint>
          </monogr>
        </biblStruct>
      </sourceDesc>
    </fileDesc>
    <profileDesc>
      <creation>
        <date>1995</date>
      </creation>
      <langUsage>
        <language ident="en">en</language>
      </langUsage>
    </profileDesc>
    <revisionDesc>
      <change when="1995">Created</change>
      <change when="1995">Published</change>
    </revisionDesc>
  </teiHeader>
  <text>
    <body>
      <div>
        <p>
152

ANNEX IV
Cases

Identifiability
1. Blood samples taken from newborn babies for routine PKU-testing, are
also used for quality control, e.g. improving certain diagnostic tests. The
samples are anonymous.
2. A hospital supplies excised blood vessels (residue material) to a firm
which prepares them for use in bypass operations. The material is anonymous.
3. A pathology laboratory uses tissues derived from cancer patients for
teaching students, quality control and research purposes, e.g. studying
the effect of special diet on cancer. The tissue is coded but the patients
can be identified.
Nature of the material
4. Placentas, available after delivery, are very useful for research and production purposes. The placentas are transported abroad and used for:
a. the preparation of albumin, globulin and betaglucerosidase for the
treatment of patients with Gaucher's disease (to be produced by pharmaceutical industry)
b. research aimed at applying extracts from placental tissue as an ingredient of anti-ageing cream (to be produced by cosmetic industry)
5. Foetal tissue, remaining after abortion (spontaneous or provoked) is of
great value for various research and treatment purposes. The material
can be used for:
a. research aimed at finding treatment for sick foetuses and at pinpointing
causes of miscarriages
b. the collection of cells which produce insulin from foetal pancreatic tissue with the aim of developing treatments for young diabetes
patients

153
New findings
6. A hospital stores blood samples collected from young heart patients. The
storage is in identifiable form, the purpose being to benefit the young
patients themselves. A researcher wishes to use the samples in research
aimed at finding genetic components in the development of heart defects.

</p>
      </div>
    </body>
  </text>
</TEI>
