{
  "arkIstex": "ark:/67375/56L-V2Q46DVH-8",
  "title": "Disputatio medica inauguralis, de diabete mellito; Quam, annuente summo numine, ex auctoritate reverendi admodum viri, D. Georgii Baird, SS.T.P. Academiae Edinburgenae Praefecti; necnon amplissimi senatus academici consensu; et nobilissimae facultatis medicae decreto; pro gradu doctoris, summisque in medicina honoribus et privilegiis rite et legitime consequendis; eruditorum examini subjicit Richardus Ryan, Hibernus, societ. reg. phys. edin. soc. hon. Ad diem 24. Junii, horâ locoque solitis.",
  "language": [
    "lat"
  ],
  "publicationDate": "1799",
  "ark": [
    "ark:/67375/56L-V2Q46DVH-8"
  ],
  "genre": [
    "other"
  ],
  "originalGenre": [
    "diabetes"
  ],
  "author": [
    {
      "name": "Richardus Ryan"
    }
  ],
  "subject": [
    {
      "lang": [
        "lat"
      ],
      "value": "Diabetes"
    }
  ],
  "host": {
    "title": "Disputatio medica inauguralis, de diabete mellito; Quam, annuente summo numine, ex auctoritate reverendi admodum viri, D. Georgii Baird, SS.T.P. Academiae Edinburgenae Praefecti; necnon amplissimi senatus academici consensu; et nobilissimae facultatis medicae decreto; pro gradu doctoris, summisque in medicina honoribus et privilegiis rite et legitime consequendis; eruditorum examini subjicit Richardus Ryan, Hibernus, societ. reg. phys. edin. soc. hon. Ad diem 24. Junii, horâ locoque solitis.",
    "language": [
      "unknown"
    ],
    "publicationDate": "1799",
    "genre": [
      "database"
    ],
    "subject": [
      {
        "value": "Medicine, Science and Technology"
      }
    ]
  },
  "corpusName": "ecco",
  "qualityIndicators": {
    "score": 0.062,
    "refBibsNative": false,
    "keywordCount": 1,
    "abstractCharCount": 0,
    "abstractWordCount": 1
  }
}