<?xml version="1.0" encoding="UTF-8"?>
<!--Version 1.2 générée le 14-1-2019-->
<TEI xmlns:tei="http://www.tei-c.org/ns/1.0" xml:lang="en" type="research-article">
  <teiHeader>
    <fileDesc>
      <titleStmt>
        <title level="a">The emerging role of iron, zinc, copper, magnesium and selenium and oxidative stress in health and diseases</title>
      </titleStmt>
      <publicationStmt>
        <authority>ISTEX</authority>
        <publisher scheme="https://scientific-publisher.data.istex.fr">VSP</publisher>
        <pubPlace>The Netherlands</pubPlace>
        <availability>
          <licence>
            <p>© 2005 Koninklijke Brill NV, Leiden, The Netherlands</p>
          </licence>
          <p scheme="https://loaded-corpus.data.istex.fr/ark:/67375/XBH-56W3KPD5-3">brill-journals</p>
        </availability>
        <date>2005</date>
      </publicationStmt>
      <notesStmt>
        <note type="research-article" scheme="https://content-type.data.istex.fr/ark:/67375/XTP-1JC4F85T-7">research-article</note>
        <note type="journal" scheme="https://publication-type.data.istex.fr/ark:/67375/JMC-0GLKJH51-B">journal</note>
      </notesStmt>
      <sourceDesc>
        <biblStruct type="inbook">
          <analytic>
            <title level="a">The emerging role of iron, zinc, copper, magnesium and selenium and oxidative stress in health and diseases</title>
            <author xml:id="author-0000">
              <persName>
                <forename type="first">G. Ali</forename>
                <surname>Qureshi</surname>
              </persName>
            </author>
            <author xml:id="author-0001">
              <persName>
                <forename type="first">Jan</forename>
                <surname>Memon</surname>
              </persName>
            </author>
            <author xml:id="author-0002">
              <persName>
                <forename type="first">Rafi</forename>
                <surname>Ghouri</surname>
              </persName>
            </author>
            <author xml:id="author-0003">
              <persName>
                <forename type="first">Allah</forename>
                <surname>Memon</surname>
              </persName>
            </author>
            <author xml:id="author-0004">
              <persName>
                <forename type="first">S. Hasan</forename>
                <surname>Parvez</surname>
              </persName>
            </author>
            <author xml:id="author-0005">
              <persName>
                <forename type="first">Sikander</forename>
                <surname>Memon</surname>
              </persName>
            </author>
            <idno type="istex">ECD29DBB838D5BB9E38D523150CCD652B38A4C8F</idno>
            <idno type="ark">ark:/67375/JKT-SQX0DSP7-0</idno>
            <idno type="DOI">10.1163/1569391053722773</idno>
            <idno type="href">15693910_019_02_s004_text.pdf</idno>
          </analytic>
          <monogr>
            <title level="j">Biogenic Amines</title>
            <title level="j" type="sub">International Journal of Stress and Neuroprotection</title>
            <title level="j" type="abbrev">BA</title>
            <idno type="pISSN">0168-8561</idno>
            <idno type="eISSN">1569-3910</idno>
            <imprint>
              <publisher>VSP</publisher>
              <pubPlace>The Netherlands</pubPlace>
              <date type="published" when="2005"/>
              <biblScope unit="volume">19</biblScope>
              <biblScope unit="issue">2</biblScope>
              <biblScope unit="page" from="147">147</biblScope>
              <biblScope unit="page" to="169">169</biblScope>
            </imprint>
          </monogr>
        </biblStruct>
      </sourceDesc>
    </fileDesc>
    <profileDesc>
      <creation>
        <date>2005</date>
      </creation>
      <langUsage>
        <language ident="en">en</language>
      </langUsage>
      <textClass>
        <keywords scheme="keyword">
          <list>
            <head>keywords</head>
            <item>
              <term>MINERALS</term>
            </item>
            <item>
              <term>INTERACTION</term>
            </item>
            <item>
              <term>TOXICITY</term>
            </item>
            <item>
              <term>DEFICIENCY CONSEQUENCES</term>
            </item>
          </list>
        </keywords>
      </textClass>
    </profileDesc>
    <revisionDesc>
      <change when="2005">Created</change>
      <change when="2005">Published</change>
    </revisionDesc>
  </teiHeader>
  <text>
    <body>
      <div>
        <p>
Biogenic Amines, Vol. 19, No. 2, pp. 147– 169 (2005)
 VSP 2005.

Also available online - www.vsppub.com

The emerging role of iron, zinc, copper, magnesium and
selenium and oxidative stress in health and diseases
G. ALI QURESHI 1,∗ , SIKANDER A. MEMON 2 , ALLAH B. MEMON 1 ,
RAFI A. GHOURI 1 , JAN M. MEMON 1 and S. HASAN PARVEZ 3
1 Medical Research Centre, Liaquat University of Medical and Health Sciences, Jamshoro, Pakistan
2 Dr. M. A. Kazi Institute of Chemistry, University of Sind, Jamshoro, Pakistan
3 Neuroendocrine Unit, Institut Alfred Fessard de Neurosciences, Bat 5, Parc Chateau CNRS,

91190 Gif Yvette, France
Received 24 October 2004; accepted 4 January 2005
Abstract—The role of various metals in health and disease of speciﬁc pathological conditions is welldocumented; however, the role, interaction and consequences of deﬁciency and toxicity of any speciﬁc
metal in many diseases at one time has not yet been described fully. In this review, the role of iron,
zinc, copper, magnesium and selenium is shown in various pathological conditions. The purpose is to
ﬁnd the missing link between any one metal and various diseases so that conclusions may be drawn
based on the consequences of the metal deﬁciency and toxicity.
Keywords: Minerals; toxicity; deﬁciency consequences; interaction.

INTRODUCTION

Minerals are the spark of life, and without them we simply could not function.
They are part of cells, tissue, bone, blood and body ﬂuids and are built into key
enzymes and hormones (Cousins, 1997). They also assist in every aspect of life,
from the production of hormones and energy, digestion, nerve transmission and
muscle contraction, to the regulation of pH, metabolism, cholesterol, and blood
sugar. Our physical well-being is more directly dependent upon the minerals we
take into our system than upon calories or vitamins, or upon the precise proportion
of starch, protein or carbohydrates we consume (Zapsalis and Beck, 1985). When
studying the relationship of minerals to human health, it becomes increasingly
evident that keeping a balanced level of minerals in every organ, tissue and cell
of the human body may be a key to maintaining a healthy existence. An imbalance
∗ To

whom correspondence should be addressed. E-mail: ghulamali48@hotmail.com

148

G. A. Qureshi et al.

of several metals and trace elements might include the carrier systems involved
in the transportation of metals and trace metals (Frausto da Silva and Williams,
1991). The ﬁrst possibility could be a defective regulatory gene leading to an
altered amount of binding proteins, like the decrease in ceruloplasmin and in
Wilson’s disease secondarily a defective structural gene leading to changed structure
of a binding protein affecting the metal binding capacity. The possibility could
include derangements in the transportation of metals and trace elements over the
different cell membranes. Altered calcium homeostasis, as observed might be an
indication of an altered membrane function, as reﬂected for example in cultured
skin ﬁbroblasts (Kornberg, 1982). Some metals are naturally found in the body and
are essential to human health. Stress and exposure to environmental pollution raise
our requirements for minerals, especially zinc, calcium, and iron. Iron, for example,
prevents anemia, and zinc is a cofactor in over 100 enzyme reactions. Scientists are
aware that trace element deﬁciencies can affect both mind and body; in fact, every
physical and mental process.
Electrolytes are the sparks that ﬁre and fuel the neurotransmitters that enable us
to think and process information (Zapsalis and Beck, 1985). They are vital for good
brain function and sanity. Speciﬁc minerals create the starch digesting salivary
enzyme amylase, which, if deﬁcient, results in incomplete digestion of starches
and intestinal fermentation. This limits the production of lactic acid, alters pH,
and creates the kind of environment that putrefactive bacteria and candida love,
and acidophilus bacteria struggle to survive in. As putrefaction takes place, fooddecomposing bacteria produce toxins that are absorbed into the circulation. This
condition adds to the risk of developing arteriosclerosis, kidney, gall bladder and
liver disease. Cataracts, fungal infections, insomnia, glaucoma, allergies, digestive
upsets, anorexia, immune disorders, fatigue, eczema, upsets, anorexia, immune
disorders, fatigue, eczema, and psoriasis, are all involved with mineral depletion
(Kaim and Schwederski, 1991).
Magnesium and copper are other familiar metals that, in minute amounts, are necessary for proper metabolism to occur. They normally occur at low concentrations
and are known as trace metals. Electrolytes are essential to the production of enzymes, the function of cells, and in maintaining a normal pH balance in the body
and digestive system. Electrolytes also maintain normal ﬂuid balance including osmosis, and blood pressure. But they go one stage further — they bring a special
aliveness to the body. All cellular structures become alive through electrolytic activity. Life begins with electrolytes (Lippard and Berg, 1994). Electrolytes are both
the switch and the energy source. When electrolytes are depleted, body systems become run down and sluggish, similar to weak batteries running a tape recorder that
runs weaker and slower. Cells use fatty acids, water, and glucose. Each cell acts as
a battery with a different electrical charge or voltage potential on the inside and the
outside of its wall, and minerals act as positive and negative electrodes producing
the voltage potential. The stimulation of a nerve cell sends a wave of depolarization
down the nerve ﬁber, releasing potassium and moving sodium into the cell. As the

The emerging role of iron, zinc, copper, magnesium and selenium and oxidative stress

149

current passes, the charge difference at the cell wall is re-established as potassium is
pumped back inside the cell. This sets up an electromagnetic current that makes up
our energy system. It is this subtle energy that produces life. As the magnetic iron
in our red blood cells passes through capillaries, it passes through spirals of nerve
cell ﬁbers, acting like a coil of wire. When the iron passes through these spirals, a
current of electricity is induced in them and this continuously keep us ‘turned on’ —
as long as the blood is ﬂowing freely and not anemic (Oudit et al., 2003). Mineral
bioavailability may change due to ageing. Therefore, formulation of mineral recommendations is complex and individual recommendations are sometimes necessary.
A number of surveys show magnesium, zinc, selenium and chromium intakes by
older persons to be lower than the corresponding reference nutrient intakes. Contrarily, intakes of iron are generally adequate or higher than recommended, and it
has been suggested that increased storage of iron in the elderly may be related with
the development of age-related diseases through the increase in oxidative stress.
Low iron status together with iron excess may be common in an elderly population. The same applies for zinc. Magnesium and selenium deﬁciencies among the
elderly are also well documented, especially among the institutionalised and people with pathologies (Vaquero, 2002). Trace elements are involved in chronic liver
diseases because these elements may have a direct hepatic toxicity or may be decreased as a consequence of the impaired liver function, particularly in patients with
alcoholic cirrhosis and/or malnutrition (Loguercio et al., 2001). It is found that cirrhotics had a signiﬁcant decrease of Fe, Zn, Se, and GSH levels in the plasma and
of GSH and Se in the erythrocytes with respect to the control and chronic hepatitis
groups (Loguercio et al., 2001).
The absorption of minerals is dependent on many different factors, not the least
of which is age, as well as adequacy of stomach acid output, balance of bowel
ﬂora, presence or lack of intestinal illness and parasites, and amount of dietary ﬁber
intake. Aging increases the risk of gastric atrophy, a condition that commonly is
associated with a decreased secretion of hydrochloric acid in the stomach (Fox
and Guerinot, 1998). The problem becomes that as a level of hydrochloric
acid output decreases, the body’s ability to absorb minerals from the food-bound
form diminishes. This inability to adequately absorb minerals contributes to ageassociated degeneration. Hence, the form a mineral takes is crucial, since the less
dependent it is on hydrochloric acid to be absorbed, the more likely it will be able
to be utilized by the body. Gastric atrophy or conditions such as achlorhydria (lack
of stomach acid) or hypochlorhydria (inadequate stomach acid) can also impair the
body’s absorption of important minerals. Achlorhydria has been found in children
as young as ﬁve or six years of age. Hypochlorhydria, however, is more commonly
seen after age 35. It is estimated that between 15–35 percent of adults over age 60
have some degree of gastric atrophy, including hypochlorhydria. The absorption
and efﬁcient use of minerals in the body can also be affected by excessive levels
of nonessential mineral contaminants such as aluminum, arsenic, cadmium, lead

150

G. A. Qureshi et al.

and mercury (Braun and Killmann, 1999). These toxic minerals can have an
‘unbalancing’ effect on the body’s cells.
The body has need for approximately 70 friendly trace element heavy metals, but
there are another 12 poisonous heavy metals, such as lead, mercury, aluminum,
arsenic, cadmium, nickel, etc., that act as poisonous interference to the enzyme
systems and metabolism of the body. In general, heavy metals (HMs) are systemic
toxins with speciﬁc neurotoxic, nephrotoxic, fetotoxic and teratogenic effects. HMs
can directly inﬂuence behavior by impairing mental and neurological function,
inﬂuencing neurotransmitter production and utilization, and altering numerous
metabolic body processes. Systems in which toxic metal elements can induce
impairment and dysfunction include the blood and cardiovascular, eliminative
pathways (colon, liver, kidneys, skin), endocrine (hormonal), energy production
pathways, enzymatic, gastrointestinal, immune, nervous (central and peripheral),
reproductive, and urinary. Chronic symptoms frequently associated with excessive
accumulation of heavy metals include fatigue, musculoskeletal pain, neurological
disorders, depression, failing memory, and allergic hypersensitivity (Bremner and
Beattie, 1990; Braun and Killmann, 1999). HMs disrupt a vast array of metabolic
processes, alter pro-oxidant/antioxidant balance and bind to free sulfhydryl groups,
resulting in inhibition of glutathione metabolism, numerous enzymes and hormone
function. Nutritionally, HMs are directly antagonistic to essential trace elements and
compete with nutrient elements for binding sites on transport and storage proteins,
metalloenzymes and receptors. Disruption of the metabolism and balance of
nutrient elements results in marked aberrations in the metabolism of carbohydrate,
protein/amino acids, lipids, neurotransmitters and hormones. Lead and mercury are
well known for their direct, destructive effects on neuronal function while cadmium
and lead have direct adverse effects on cells in the arterial wall (Halliwell and
Gutteridge, 1984). In this review the role of iron, copper, zinc, magnesium and
selenium in health and diseases are discussed.

IRON

Iron has the longest and best described history among all the micronutrients. It is
a key element in the metabolism of almost all living organisms. In humans, iron
is an essential component of hundreds of proteins and enzymes. In the theater
of cellular life, iron plays an ambiguous and yet undoubted lead role and is a
ubiquitous core element of the earth. Iron is essential for oxidation-reduction
catalysis and bioenergetics; however, unless appropriately shielded, this metal
plays a crucial role in the formation of toxic oxygen radicals that can attack all
biological molecules. Organisms are equipped with speciﬁc proteins designed for
iron acquisition, export and transport, and storage, as well as with sophisticated
mechanisms that maintain the intracellular labile iron pool at an appropriate level.
Despite these homeostatic mechanisms, organisms often face the threat of either
iron deﬁciency or iron overload. Under conditions of iron overload, which are

The emerging role of iron, zinc, copper, magnesium and selenium and oxidative stress

151

now reaching epidemic proportions worldwide, iron-overload cardiomyopathy is
the most important prognostic factor in patient survival. It is hypothesized that
in iron-overload disorders, iron accumulation in the heart depends on ferrous
(Fe2+ ) permeation through the L-type voltage-dependent Ca2+ channel (LVDCC),
a promiscuous divalent cation transporter.
In humans the iron status is inﬂuenced by environmental and genetic factors.
Among them, the genetic polymorphism of the hemoglobin (Hb)-binding plasma
protein haptoglobin (Hp) has been shown to affect iron turnover. The best
known biological function of Hp is capture of free Hb in plasma to allow hepatic
recycling of heme iron and to prevent kidney damage during hemolysis. The Hp
polymorphism is related to the prevalence and the outcome of various pathological
conditions with altered iron metabolism such as hemochromatosis, infections, and
atherosclerotic vascular disease (Delanghe and Langlois, 2002).
Iron has the capacity to accept and donate electrons readily. This capability
makes it physiologically essential, as a useful component of cytochromes and
oxygen-binding molecules. However, iron is also biochemically dangerous; it can
damage tissues by catalyzing the conversion of hydrogen peroxide to free-radical
ions that attack cellular membranes, protein and DNA. This threat is reduced in
the healthy state where, because of the ﬁne iron metabolism regulation, there is
never appreciable concentration of ‘free iron’. Under pathological conditions,
iron metabolism and superoxide metabolism are clearly interactive. Each can
exacerbate the toxicity of the other. Iron overload may amplify the damaging
effects of superoxide overproduction in a very broad spectrum of inﬂammatory,
both acute and chronic, conditions. Furthermore, chronic oxidative stress may
modulate iron uptake and storage, leading to a self-sustained and ever-increasing
spiral of cytotoxic and mutagenic event (Goswami et al., 2002). It is integral to
the catalysis of the redox reactions of oxidative phosphorylation in the respiratory
chain, and it provides a speciﬁc binding site for oxygen in the heme binding moiety
of hemoglobin, which allows oxygen transport in the blood. Its biological utility
depends upon its ability to readily accept or donate electrons, inter-converting
between its ferric (Fe3+ ) and ferrous (Fe2+ ) forms. In contrast to these beneﬁcial
features, free iron can assume a dangerous aspect catalyzing the formation of highly
reactive compounds such as cytotoxic hydroxyl radicals that cause damage to the
macromolecular components of cells, including DNA and proteins, and thereby
cellular destruction. The handling of iron in the body must therefore be very
carefully regulated. Most environmental iron is in the Fe3+ state, which is almost
insoluble at neutral pH. To overcome the virtual insolubility and potential toxicity
of iron, a myriad of specialized transport systems and associated proteins have
evolved to mediate regulated acquisition, transport, and storage of iron in a soluble,
biologically useful, non-toxic form. In recent years, an understanding is emerging
of how these proteins individually and in concert serve to maintain cellular and
whole body homeostasis of this crucial yet potentially harmful metal ion (Polla et
al., 2003).

152

G. A. Qureshi et al.

Furthermore, studies are increasingly implicating iron and its associated transport
in speciﬁc pathologies of many organs. Investigation of the transport proteins and
their functions is beginning to unravel the detailed mechanisms underlying the diseases associated with iron deﬁciency, iron overload, and other dysfunctions of iron
metabolism. Patients with end-stage renal disease (ESRD) are at a markedly increased risk for cardiovascular complications compared with the general population.
In addition to traditional cardiovascular risk factors such as diabetes mellitus, hypertension, hyperlipidaemia or cigarette smoking, a number of population-speciﬁc factors are implicated, such as anaemia, hyperhomocysteinaemia, hyperphosphataemia
and vascular calciﬁcation, as well as inﬂammation and oxidative stress (Dallman,
1989).
Excess of pharmaceutical iron may cause toxicity and therapeutic doses may
cause gastrointestinal side effects. Chronic iron excess, e.g. in primary and secondary hemochromatosis, may lead to hepatic ﬁbrosis, diabetes mellitus and cardiac
failure. The most recent and best controlled studies, however, support the hypothesis that iron stores are related to cardiovascular risk. Iron-ampliﬁed oxidative stress
may also increase DNA damage, oxidative activation of precancerogens and support
tumor cell growth (Naughton, 2002).
Crystal deposition in arthritic diseases has attracted much interest. Many reports
have established the presence of calcium pyrophosphate (CPPD), hydroxyapatite
(HAP) and urate crystals throughout the range of arthritic diseases. In particular,
HAP crystals have been detected in 30–60% of synovial ﬂuid (SF) samples
from patients suffering from osteoarthritis (OA) and 33% of those suffering from
rheumatoid arthritis (RA). In OA, crystal deposition has been linked to greater
joint deterioration. The mechanism of intra-articular calciﬁcation is unknown.
Nucleation is required to transform a ‘metastable’ phosphate- and calcium-rich
bioﬂuid into one that generates crystals. Ferric ions have been demonstrated to
induce crystallization of these stable supersaturated solutions via the process of
nucleation (Schumann, 2001; Kletzmayr and Horl, 2002). During the past decade,
considerable evidence has supported the role of oxidative stress in the development
of atherosclerosis and related cardiovascular diseases. The oxidation of low-density
lipoprotein (LDL) and lipid is believed to be one of the crucial events leading
to plaque formation in vasculature. It has been hypothesized that iron-mediated
oxidation is involved in this process (Naughton, 2001). Additional experiments in
animals have further revealed that the severity of atherosclerosis can be markedly
inﬂuenced by iron overload or deﬁciency. Collectively, these data provide a strong
pathological basis to support the detrimental role of iron in vascular damage and
progression of the disease (Naughton, 2001).
Iron interaction with other nutrients
Vitamin A deﬁciency may exacerbate iron deﬁciency anemia. Vitamin A supplementation has been shown to have beneﬁcial effects on iron deﬁciency anemia and
improve iron status among children and pregnant women. The combination of vi-

The emerging role of iron, zinc, copper, magnesium and selenium and oxidative stress

153

tamin A and iron seems to ameliorate anemia more effectively than either iron or
vitamin A alone.
Adequate copper nutritional status appears to be necessary for normal iron
metabolism and red blood cell formation. High doses of iron supplements taken
together with zinc supplements on an empty stomach can inhibit the absorption
of zinc. When taken with food, supplemental iron does not appear to inhibit zinc
absorption. Iron-fortiﬁed foods have no effect on zinc absorption. When consumed
together in a single meal, calcium has been found to decrease the absorption of iron.
However, little effect has been observed on serum ferritin levels (iron stores) with
calcium supplement (Emerit et al., 2001).
Consequences of iron deﬁciency and toxicity
Inadequate circulatory iron to support normal red blood cell formation results
in anemia. The anemia of iron deﬁciency is characterized as microcytic and
hypochromic, meaning red blood cells are measurably smaller than normal and their
hemoglobin content is decreased. At this stage of iron deﬁciency, symptoms may be
a result of inadequate oxygen delivery due to anemia and/or sub-optimal function
of iron-dependent enzymes. Most of the symptoms of iron deﬁciency are a result
of the associated anemia, and may include fatigue, rapid heart rate, palpitations,
and rapid breathing on exertion. Iron deﬁciency impairs athletic performance and
physical work capacity in several ways. In iron deﬁciency anemia, the reduced
hemoglobin content of red blood cells results in decreased oxygen delivery to
active tissues (Chau, 2000). Decreased myoglobin levels in muscle cells limit the
amount of oxygen that can be delivered to mitochondria for oxidative metabolism.
Iron depletion also decreases the oxidative capacity of muscle by diminishing the
mitochondrial content of cytochromes and other iron-dependent enzymes required
for electron transport and ATP synthesis. Lactic acid production is also increased
in iron deﬁciency. The ability to maintain a normal body temperature on exposure
to cold is also impaired in iron-deﬁcient individuals. Severe iron deﬁciency anemia
may result in brittle and spoon-shaped nails, sores at the corners of the mouth, taste
bud atrophy, and a sore tongue. In some cases, advanced iron-deﬁciency anemia
may cause difﬁculty in swallowing due to the formation of webs of tissue in the
throat and esophagus. In pregnant women, iron utilization by the developing fetus
and placenta, as well as blood volume expansion, signiﬁcantly increase the iron
requirement during pregnancy. Chronic bleeding or acute blood loss may result
in iron deﬁciency. A common cause of chronic blood loss and iron deﬁciency in
developing countries is intestinal parasitic infection.
Individuals who donate blood frequently, especially menstruating women, may
need to increase their iron intake to prevent deﬁciency because each 500 ml of blood
donated contains between 200 and 250 mg of iron. Individuals with Helicobacter
pylori infection, especially children, may display iron deﬁciency anemia even in the
absence of gastrointestinal bleeding. Daily iron losses have been found to be greater
in athletes involved in intense endurance training. This may be due to increased

154

G. A. Qureshi et al.

microscopic bleeding from the gastrointestinal tract or increased fragility and
hemolysis of red blood cells. The FNB estimates that the average requirement for
iron may be 30% higher for those who engage in regular intense exercise (Delanghe
and Langlois, 2002). Iron enhances the production of the highly reactive and toxic
hydroxyl radical, thus stimulating oxidative damage. Iron has been associated with a
number of oxidative injury-dependent, age-related conditions and diseases. Indeed,
oxidative injury is a major factor of (accelerated) ageing (Goswami et al., 2002).
In pregnant women, epidemiological studies suggest that anaemia, presumably
due mainly to iron deﬁciency, is associated with an increased risk of low birth
weight, prematurity, and perinatal mortality. In iron-deﬁcient infants and children,
there is convincing evidence of impaired psychomotor development and cognitive
performance. Finally, iron-deﬁcient women during the childbearing years (and irondeﬁcient men) have a decreased work capacity and less efﬁcient response to exercise
(Kletzmayr and Horl, 2002).
On the other hand, iron overload can promote the generation of free radicals and
result in deleterious cellular damage. A physiological increase of oxidative stress
has been observed in pregnancy and many neurological diseases, such as Parkinson
disease (Naughton, 2001).

ZINC

Zinc (Zn2+ ) is an essential element in the nutrition of human beings, animals, and
plants. Zinc is required in the genetic make-up of every cell and is an absolute
requirement for all biological reproduction. Zn2+ is needed in all DNA and RNA
syntheses and is required at every step of the cell cycle. DNA is about 5000 times
less susceptible to damage by Zn2+ ion than is RNA, suggesting its role in the
predominant evolutionary selection of DNA, rather than RNA, as the bearer of the
primary genetic information (Eide, 1997). Numerous aspects of cellular metabolism
are zinc-dependent. Zinc plays important roles in growth and development, the
immune response, neurological function, and reproduction (Butzow and Eichhorn,
1975). In prebiotic chemistry on Earth billions of years ago, zinc most likely was
the ﬁrst effective nonenzymatic polymerase (Rhodes and Klug, 1993).
Zinc plays an important role in the structure of proteins and cell membranes. ‘Zinc
ﬁngers’ are ﬁnger-like protrusions extending from transcription factors or generegulating proteins and fastening to the wide, major groove of a DNA molecule (Kornberg, 1982). Active transport of zinc into portal blood is mediated by metallothionein. Zinc competes with other metals for absorption, and absorption is believed
to be greatly retarded by ingestion of ﬁber and phytates (Kornberg, 1982). Nearly
100 different enzymes depend on zinc for their ability to catalyze vital chemical
reactions. Zinc-dependent enzymes can be found in all known classes of enzymes.
Zinc is an integral component of about 200 metalloenzymes, including carbonic anhydrase, alcohol dehydrogenase, carboxypeptidase, glutamic dehydrogenase, lactic
dehydrogenase, and alkaline phosphatase as well as hormones, such as thymulin,

The emerging role of iron, zinc, copper, magnesium and selenium and oxidative stress

155

testosterone, prolactin, and somatomedin (Oberleas and Harland, 1977). Zinc deﬁciency stunts growth and causes serious metabolic disturbances. Inadequate intake
in people and animals results in serious immunodeﬁciency, increased numbers of
infections, increased severity of infections, stunted growth, and delayed sexual maturation. As deﬁcits become worsened, skin and oriﬁcial lesions develop only to
be subjected to an unchallenged bacterial invasion, yet lesions do not mount a signiﬁcant inﬂammatory response (Oberleas and Harland, 1977). Therefore, severe
zinc deﬁciency produces a patently obvious immunodeﬁciency in the cell-mediated
(T-cell) immune system. Advanced deﬁciency culminates in diarrhea, severe wasting, and ultimately death. This scenario is typical of at least 12 animal species
including man (Kornberg, 1982). Zinc is an essential trace element for all forms of
life. The signiﬁcance of zinc in human nutrition and public health was recognized
relatively recently. Since then, zinc insufﬁciency has been recognized by a number
of experts as an important public health issue, especially in developing countries.
Zinc also plays a role in cell signaling and has been found to inﬂuence hormone release and nerve impulse transmission. Recently, zinc has been found to play a role
in apoptosis (gene-directed cell death), a critical cellular regulatory process with
implications for growth and development, as well as a number of chronic diseases
(Christianson, 1991).
Zinc interaction with other nutrients
Taking large quantities of zinc (50 mg/day or more) over a period of weeks can
interfere with copper bioavailability. High intake of zinc induces the intestinal
synthesis of a copper-binding protein called metallothionein which traps copper
within intestinal cells and prevents its systemic absorption. Iron may decrease
zinc absorption and this interaction is of concern in the management of iron
supplementation during pregnancy and lactation and has led some experts to
recommend zinc supplementation for pregnant and lactating women taking more
than 60 mg/day of elemental iron (Fung et al., 1997).
High levels of dietary calcium impair zinc absorption in animals, but it is uncertain
whether this occurs in humans. Increasing the calcium intake of postmenopausal
women by 890 mg/day in the form of milk or calcium phosphate (total calcium
intake 1360 mg/day) reduced zinc absorption and zinc balance in postmenopausal
women, but increasing the calcium intake of adolescent girls by 1,000 mg/day in
the form of calcium citrate malate (total calcium intake 1667 mg/day) did not affect
zinc absorption or balance.
Calcium in combination with phytic acid reduces zinc absorption. This effect
is particularly relevant to individuals consuming a diet that is highly dependent
on tortillas made with lime (calcium oxide). The bioavailability of dietary folate
is increased by the action of a zinc-dependent enzyme, suggesting a possible
interaction between zinc and folic acid (Lonnerdal, 2000). In the past, some studies
found low zinc intake to decrease folate absorption, while other studies found folic
acid supplementation to impair zinc utilization in individuals with marginal zinc

156

G. A. Qureshi et al.

status. However, a more recent study found that supplementation with a relatively
high dose of folic acid (800 mg/day) for 25 days did not alter zinc status in a group
of students being fed low-zinc diets (3.5 mg/day), nor did zinc intake impair folate
utilization (Lonnerdal, 2000).
Consequence of zinc deﬁciency and toxicity
Clinical zinc deﬁciency in humans was ﬁrst described in 1961, when the consumption of diets with low zinc bioavailability due to high phytic acid content
was associated with ‘adolescent nutritional dwarﬁsm’ in the Middle East. Zinc
deﬁciency symptoms are similar to those of patients suffering from AIDS. Siegal
and co-workers ﬁrst described AIDS patients with concurrent herpes simplex infection (Siegal et al., 1981). One impression of the disease to Siegal and co-workers
was immunosuppression induced by zinc deﬁciency (Bethesda, 1973). Toxic doses
of zinc inhibit intestinal alkaline phosphatase, xanthine oxidase, liver catalase, cytochrome oxidase, and succinic dehydrogenase; also, toxic doses modify excretion
of nitrogen, phosphorus, and sulfur. For example, feeding zinc oxide as 1 percent of
the diet of rats resulted in increased urinary excretion of nitrogen, while phosphorus
and sulfur excretion was reduced. Fecal excretion was also increased, resulting in
decreased net retention. Urinary excretion of both uric acid and creatine was increased (Licastro et al., 1992). Much of what is known about severe zinc deﬁciency
was derived from the study of individuals born with acrodermatitis enteropathica,
a genetic disorder resulting from the impaired uptake and transport of zinc. The
symptoms of severe zinc deﬁciency include the slowing or cessation of growth and
development, delayed sexual maturation, characteristic skin rashes, chronic and severe diarrhea, immune system deﬁciencies, impaired wound healing, diminished
appetite, impaired taste sensation, night blindness, swelling and clouding of the
corneas, and behavioral disturbances.
Some controlled trials of moderate zinc supplementation have demonstrated
that mild zinc deﬁciency contributes to impaired physical and neuropsychological
development, and increased susceptibility to life-threatening infections in young
children. The increased efﬁciency of the immune system and the normalization of
some endocrine parameters by zinc supplementation suggests that zinc deﬁciency
may play a crucial role in some of the pathological manifestations associated with
the syndrome, such as infections and malfunctioning of the thyroid gland (Rostan et
al., 2002). Zinc protects against UV radiation, enhances wound healing, contributes
to immune and neuropsychiatric functions, and decreases the relative risk of cancer
and cardiovascular disease. All body tissues contain zinc; in skin, it is ﬁve to six
times more concentrated in the epidermis than the dermis (Beattie et al., 2000).
The ability of zinc to retard oxidative processes has been recognized for many
years. In general, the mechanism of antioxidation can be divided into acute and
chronic effects. Chronic effects involve exposure of an organism to zinc on a
long-term basis, resulting in induction of some other substance that is the ultimate
antioxidant, such as the metallothioneins. Chronic zinc deprivation generally results

The emerging role of iron, zinc, copper, magnesium and selenium and oxidative stress

157

in increased sensitivity to some oxidative stress. Zinc is capable of reducing
postischemic injury to a variety of tissues and organs through a mechanism that
might involve the antagonism of copper reactivity. Although the evidence for
the antioxidant properties of zinc is compelling, the mechanisms are still unclear.
Future research that probes these mechanisms could potentially develop new
antioxidant functions and uses for zinc (Lazo and Pitt, 1995).

COPPER

Copper (Cu) is an essential trace element for humans and animals. In the body,
copper shifts between the cuprous (Cu+ ) and the cupric (Cu2+ ) forms, though
the majority of the body’s copper is in the Cu2+ form. The ability of copper to
easily accept and donate electrons explains its important role in oxidation-reduction
(redox) reactions and the scavenging of free radicals. Copper is a critical functional
component of a number of essential enzymes, known as cuproenzymes (Solomons,
1985).
The copper-dependent enzyme, cytochrome-c oxidase, plays a critical role in
cellular energy production. By catalyzing the reduction of molecular oxygen (O2 )
to water (H2 O), cytochrome-c oxidase generates an electrical gradient used by the
mitochondria to create the vital energy-storing molecule, ATP.
Another cuproenzyme, lysyl oxidase, is required for the cross-linking of collagen
and elastin, which are essential for the formation of strong and ﬂexible connective
tissue. The action of lysyl oxidase helps maintain the integrity of connective tissue
in the heart and blood vessels and plays a role in bone formation (Bureau et al.,
2003).
Two copper-containing enzymes, ceruloplasmin (ferroxidase I) and ferroxidase II
have the capacity to oxidize ferrous iron (Fe2+ ) to ferric iron (Fe3+ ), the form of iron
that can be loaded onto the protein transferrin for transport to the site of red blood
cell formation. Although the ferroxidase activity of these two cuproenzymes has
not yet been proven to be physiologically signiﬁcant, the fact that iron mobilization
from storage sites is impaired in copper deﬁciency supports their role in iron
metabolism. A number of reactions essential to normal function of the brain and
nervous system are catalyzed by cuproenzymes (Nielsen, 1984).
Dopamine-b-monooxygenase catalyzes the conversion of dopamine to the neurotransmitter norepinephrine. In the metabolism of neurotransmitters, Monoamine oxidase (MAO) plays a role in the metabolism of the neurotransmitters norepinephrine,
epinephrine, and dopamine. MAO also functions in the degradation of the neurotransmitter serotonin, which is the basis for the use of MAO inhibitors as antidepressants (O’Halloran, 1993).
In the formation of myelin sheath, which is made of phospholipids whose
synthesis depends on cytochrome-c oxidase activity, the cuproenzyme, tyrosinase,
is required for the formation of the pigment melanin. Melanin is formed in cells
called melanocytes and plays a role in the pigmentation of the hair, skin, and eyes.

158

G. A. Qureshi et al.

Superoxide dismutase (SOD) functions as an antioxidant by catalyzing the
conversion of superoxide radicals (free radicals or ROS) to hydrogen peroxide,
which can subsequently be reduced to water by other antioxidant enzymes. Two
forms of SOD contain copper: (1) copper/zinc SOD is found within most cells
of the body, including red blood cells, and (2) extracellular SOD is a coppercontaining enzyme found in high levels in the lungs and low levels in blood
plasma. Ceruloplasmin may function as an antioxidant in two different ways.
It is also known that free copper and iron ions are powerful catalysts of free
radical damage. By binding copper, ceruloplasmin prevents free copper ions
from catalyzing oxidative damage (Reedijk, 1999). The ferroxidase activity of
ceruloplasmin (oxidation of ferrous iron) facilitates iron loading onto its transport
protein, transferrin, and may prevent free ferrous ions (Fe2+ ) from participating in
harmful free radical generating reactions (Regan, 1993).
Copper-dependent transcription factors regulate transcription of speciﬁc genes.
Thus, cellular copper levels may affect the synthesis of proteins by enhancing or
inhibiting the transcription of speciﬁc genes. Genes regulated by copper-dependent
transcription factors include genes for copper/zinc superoxide dismutase (Cu/Zn
SOD), catalase (another antioxidant enzyme), and proteins related to the cellular
storage of copper (Sayre et al., 1999).
Copper interaction with other nutrients
Adequate copper nutritional status appears to be necessary for normal iron metabolism and red blood cell formation. Anemia is a clinical sign of copper deﬁciency,
and iron has been found to accumulate in the livers of copper deﬁcient animals,
indicating that copper (probably in the form of ceruloplasmin) is required for iron
transport to the bone marrow for red blood cell formation (Stohs and Bagchi,
1995). High dietary zinc increases the synthesis of an intestinal cell protein
called metallothionein, which binds certain metals and prevents their absorption
by trapping them in intestinal cells resulting into copper deﬁciency. Metallothionein
has a stronger afﬁnity for copper than zinc, so high levels of metallothionein induced
by excess zinc cause a decrease in intestinal copper absorption. Very high levels of
dietary fructose (20% of total calories) did not result in copper depletion in humans,
suggesting that fructose intake does not result in copper depletion at levels relevant
to normal diets (Tullius, 1991). Although vitamin C supplements have produced
copper deﬁciency in laboratory animals, the effect of vitamin C supplements on
copper nutritional status in humans is less clear (Volbeda et al., 1996; Qureshi et
al., 2005).
Consequence of copper deﬁciency and toxicity
Although nutritional science has embraced the study of copper for decades, copper
has languished as an orphan among human nutritionists because of the obscurity
of clinical copper-deﬁciency states in man. Serum copper levels and ceruloplasmin

The emerging role of iron, zinc, copper, magnesium and selenium and oxidative stress

159

levels may fall to 30% of normal in cases of severe copper deﬁciency (Hamer, 1986).
One of the most common clinical signs of copper deﬁciency is an anemia that is
unresponsive to iron therapy but corrected by copper supplementation. The anemia
is thought to result from defective iron mobilization due to decreased ceruloplasmin
activity.
Copper deﬁciency may also result in abnormally low numbers of white blood
cells known as neutrophils (neutropenia), a condition that may be accompanied by
increased susceptibility to infection (Murray et al., 2000).
Osteoporosis and other abnormalities of bone development related to copper deﬁciency are most common in copper-deﬁcient low-birth weight infants and young
children. Less common features of copper deﬁciency may include loss of pigmentation, neurological symptoms, and impaired growth. High-risk individuals include
premature infants, especially those with low-birth weight, infants with prolonged
diarrhea, infants and children recovering from malnutrition, individuals with malabsorption syndromes, including celiac disease, sprue, and short bowel syndrome
due to surgical removal of a large portion of the intestine. Recent research indicates
that cystic ﬁbrosis patients may also be at increased risk of copper insufﬁciency.
Moreover, the recognition of disordered copper metabolism simulating a deﬁciency
state as occurs in Menkes’ and in variant Elhers-Danlos syndrome has important
implications (Marks et al., 1996). The elegance of the interplay of biochemical defects, physiological dysfunction, and clinical manifestations in copper metabolism
is virtually unmatched in nutritional biology; yet, our present abilities to determine
human copper status are limited. Now that it is clear that intracellular redistribution as well as total-body depletion can effect the disruption of copper-dependent
functions, a concerted effort to improve status assessment through the use of functional indices should become a high priority. Finally, the pursuit of the bases of
copper’s involvement in host defenses, antiotoxidant protection and carbohydrate
metabolism and functions in which clear links to established mammalian cuproenzyme are at present elusive; they should provide exciting topics for investigators for
many years to come.
The essentiality of Cu can be attributed to its role as a cofactor in a number of
enzymes that are involved in the defence against oxidative stress. Cu, however,
has a second face, that of a toxic compound as it is observed with accumulating
evidence in hepatic, neurodegenerative and cardiovascular diseases. The destructive
potential of Cu can be attributed to inherent physico-chemical properties. The
main property is its ability to take part in Fenton-like reactions in which the highly
reactive and extremely deleterious hydroxyl radical is formed. Diseases caused
by dietary Cu overload could be based on a genetic predisposition (Hamer, 1986).
Copper deﬁciency induces a dramatic decrease of superoxide dismutase activity and
leads to alteration of antioxidant defense systems. Furthermore, copper deﬁciency
increased the amount of lipid peroxidation products in the heart, liver and pancreas
following in vitro iron induction. The results suggest that the partial protection of
copper-deﬁcient females is related to the antioxidant properties of estrogens. The

160

G. A. Qureshi et al.

protective action of estrogen against oxidative stress is of particular importance
when antioxidant defenses are decreased as shown in this experimental model
(O’Dell and Sunde, 1997).

MAGNESIUM

Magnesium (Mg) is one of the most abundant ions present in living cells and
its plasma concentration is remarkably constant in healthy subjects. Mg plays
important roles in the structure and the function of the human body.
The adult human body contains about 25 grams of Mg. Over 60% of all the
magnesium in the body is found in the skeleton, about 27% is found in muscle,
while 6 to 7% is found in other cells, and less than 1% is found outside of cells. Mg
is involved in more than 300 essential metabolic reactions (Bugg, 1997).
In cellular systems, Mg is the second most abundant element and is involved
in basically all metabolic pathways. At physiologically relevant concentrations,
Mg itself is not genotoxic, but is highly required to maintain genomic stability.
Besides its stabilizing effect on DNA and chromatin structure, magnesium is an
essential cofactor in almost all enzymatic systems involved in DNA processing.
Most obvious in studies on DNA replication, its function is not only charge-related,
but very speciﬁc with respect to the high ﬁdelity of DNA synthesis. Furthermore, as
essential cofactor in nucleotide excision repair, base excision repair and mismatch
repair Mg is required for the removal of DNA damage generated by environmental
mutagens, endogenous processes, and DNA replication. Intracellular magnesium
concentrations are highly regulated and magnesium acts as an intracellular regulator
of cell cycle control and apoptosis (Celio et al., 1996).
The metabolism of carbohydrates and fats to produce energy requires numerous
Mg-dependent chemical reactions. It is required by the adenosine triphosphate
(ATP) synthesizing protein in mitochondria. ATP, the molecule that provides energy
for almost all metabolic processes, exists primarily as a complex with Mg (MgATP).
Mg is required at a number of steps during the synthesis of nucleic acids (DNA
and RNA) and proteins. A number of enzymes participating in the synthesis of
carbohydrates and lipids require it for their activity.
Glutathione, an important antioxidant, requires magnesium for its synthesis. Mg
plays a structural role in bone, cell membranes, and chromosomes (Celio et al.,
1996).
Mg is also required for the active transport of ions like potassium and calcium
across cell membranes. Through its role in ion transport systems, magnesium affects
the conduction of nerve impulses, muscle contraction, and the normal rhythm of the
heart. Cell signaling requires MgATP for the phosphorylation of proteins and the
formation of the cell signaling molecule, cyclic adenosine monophosphate (cAMP).
cAMP is involved in many processes, including the secretion of parathyroid
hormone (PTH) from the parathyroid glands. Calcium and Mg levels in the ﬂuid

The emerging role of iron, zinc, copper, magnesium and selenium and oxidative stress

161

surrounding cells affect the migration of a number of different cell types. Such
affects on cell migration may be important in wound healing (Hartwig, 2001).
Plasma and intracellular Mg concentrations are tightly regulated by several
factors. Among them, insulin seems to be one of the most important. In vitro
and in vivo studies have demonstrated that insulin may modulate the shift of
Mg from extracellular to intracellular space. Intracellular Mg concentration has
also been shown to be effective in modulating insulin action (mainly oxidative
glucose metabolism), offset calcium-related excitation-contraction coupling, and
decrease smooth cell responsiveness to depolarizing stimuli. A poor intracellular
Mg concentration, as found in non-insulin dependent diabetes mellitus (NIDDM)
and in hypertensive patients, may result in a defective tyrosine-kinase activity at the
insulin receptor level and exaggerated intracellular calcium concentration. Both
events are responsible for the impairment in insulin action and a worsening of
insulin resistance in noninsulin-dependent diabetic and hypertensive patients. By
contrast, in NIDDM patients daily Mg administration, restoring a more appropriate
intracellular Mg concentration, contributes to improve insulin-mediated glucose
uptake. The beneﬁts deriving from daily Mg supplementation in NIDDM patients
are further supported by epidemiological studies showing that high daily Mg intake
are predictive of a lower incidence of NIDDM. A growing number of studies suggest
that intracellular Mg may play a key role in modulating insulin-mediated glucose
uptake and vascular tone (Barbagallo et al., 2003).
Magnesium interactions with other nutrients
High doses of zinc in supplement form appear to interfere with the absorption of
Mg. Large increases in the intake of dietary ﬁber have been found to decrease its
utilization in experimental studies (Manuel et al., 2000). However, the extent to
which dietary ﬁber affects Mg nutritional status in individuals with a varied diet
outside the laboratory is not clear. Dietary protein may affect Mg absorption.
The active form of vitamin D (calcitriol) may increase the intestinal absorption of
magnesium to a small extent. However, magnesium absorption does not seem to be
calcitriol-dependent as is the absorption of calcium and phosphate. High calcium
intake has not been found to affect Mg balance in most studies. Inadequate blood
Mg levels are known to result in low blood calcium levels, resistance to parathyroid
hormone (PTH), and resistance to some of the effects of vitamin D (Bugg, 1997).
The consequences of magnesium deﬁciency and toxicity
Mg deﬁciency in healthy individuals who consume a balanced diet is quite rare
because magnesium is abundant in both plant and animal foods and because the
kidneys are able to limit urinary excretion of Mg when intake is low. Prolonged
diarrhea, Crohn’s disease, malabsorption syndromes, surgical removal of a portion
of the intestine, and intestinal inﬂammation due to radiation may all lead to
magnesium depletion. Diabetes mellitus and long-term use of certain diuretics may

162

G. A. Qureshi et al.

result in increased urinary loss of Mg (Gutmann et al., 1997; Qureshi et al., 2005).
Poor dietary intake, gastrointestinal problems, and increased urinary loss of Mg
may all contribute to its depletion, which is frequently encountered in alcoholics.
Several studies have found that elderly people have relatively low dietary intakes of
magnesium (Saris et al., 2000). Because intestinal Mg absorption tends to decrease
and urinary Mg excretion tends to increase in older individuals, suboptimal dietary
magnesium intake may increase the risk of magnesium depletion in the elderly.
Its deﬁciency also causes renal complications (Anastassopoulou and Theophanides, 2002). The appearance of several diseases is related to its depletion in
the human body. In radiotherapy, as well as in chemotherapy, especially in
treatment of cancers with cis-platinum, hypomagnesaemia is observed. The site
effects of chemotherapy that are due to hypomagnesaemia are decreased using
Mg supplements. The role of magnesium in DNA stabilization is concentration
dependent. At high concentrations there is an accumulation of Mg binding, which
induces conformational changes leading to Z-DNA, while at low concentration there
is deﬁciency and destabilization of DNA. The biological and clinical consequences
of abnormal concentrations are DNA cleavage leading to diseases and cancer.
Carcinogenesis and cell growth are also Mg ion concentration dependent. Several
reports point out that the interaction of magnesium in the presence of other metal
ions showed that there is synergism with Li and Mn, but there is Mg antagonism in
DNA binding with the essential metal ions in the order: Zn &gt; Mg &gt; Ca. In the case
of toxic metals such as Cd, Ga and Ni there is also antagonism for DNA binding
(Anastassopoulou and Theophanides, 2002).
As evident from animal experiments and epidemiological studies, magnesium
deﬁciency may decrease membrane integrity and membrane function and increase
the susceptibility to oxidative stress, cardiovascular heart diseases as well as
accelerated aging. The relationship to tumor formation is more complex and
Mg appears to be protective at early stages but promotes the growth of existing
tumors. With respect to the magnesium status in humans, the daily intake in
most industrialized countries does not reach the current recommended daily dietary
allowance (RDA) values, and thus marginal magnesium deﬁciencies are very
common. Mg deﬁciency has been shown to lead to increased oxidative stress
and recent results show that the lower antioxidant capacity found in moderate Mg
deﬁciency was not due to a deﬁcit in Mg dietary intakes and was not accompanied
by increased lipid susceptibility to in vitro peroxidation (Bogden and Klevay, 2000).

SELENIUM

The Se concentration in the blood is 19–25 micrograms per 100 milliliters (US
population). It is found in the highest concentrations in the kidney, heart, spleen,
and liver, and to some degree in all other tissues except fat. For cancer prevention, a typical dose of Se is 200 micrograms per day is recommended. The RDA
for women over 19 years is 55 micrograms; for pregnant women, 65 micrograms;

The emerging role of iron, zinc, copper, magnesium and selenium and oxidative stress

163

for lactating women, 75 micrograms; and for men over 19 years, 70 micrograms.
Among micronutrients, deprivation of selenium Se i.v. is associated with impairments in antioxidant protection, redox regulation and energy production as consequences of suboptimal expression of one or more of Se containing enzymes. These
impairments may contribute to health problems caused by physiological and environmental oxidative stresses and infections (Williams, 1997) and at the same time,
supranutritional intakes of Se, i.e. intake greater than those required for selenocysteine enzyme expression, appear to reduce cancer risk (Roberfroid and Calderon,
1994). Adequate Se intake may have an anti-cancer effect but the precise mechanism is uncertain; however, it may be due to its contribution to antioxidant function
or to immune system function as it may involve the inhibition of protein synthesis
or speciﬁc enzymes within cancer cells, or it may stimulate apoptosis resulting in
delayed tumour growth. The protection was only indicated in subjects with initial
low serum Se whose status was restored to normal levels, i.e. the studies were not
generalisable but otherwise seemed to be well conducted (Hussein et al., 1997).
Cancer, cardiovascular disease, diabetes and arthritis have been extensively shown
to be associated with Se deﬁciency in a well controlled intervention trial (Fleet and
Mayer, 1997).
Oral Se supplements have also been shown to increase the plasma Se concentration, resulting in heightened sperm motility and possibly a decreased risk of miscarriages, generally promoting fertility. However, these results were obtained from
a double-blind, clinically controlled trial with only a small study sample (Scott et
al., 1998). Low dose supplementation with Se sulphide was shown to increase the
humoral immune response in elderly patients after vaccination, decreasing vulnerability to respiratory tract infections and reducing associated morbidity and mortality. This was a double-blind, placebo-controlled study, with a relatively large study
sample, and therefore has a degree of reliability (Girodon et al., 1999).
Se involvement in glutathione peroxidases have an important role in the body
by working with vitamin E, catalysing the conversion of peroxides to non-toxic
alcohols in the presence of reduced glutathione, and thereby protecting cells from
membrane damage and oxidative stress (Frausto da Silva and Williams, 1991;
Gutmann et al., 1997). Other functions of Se include contribution to the production
of white blood cells; as a component of enzymes involved in thyroid metabolism;
promoting healthy skin, hair and eyes; protecting cells against toxic minerals,
e.g. mercury, lead, cadmium; aiding normal liver function and metabolism of
hydrogenated and polyunsaturated fats and maintain elasticity of tissues (Holm and
Solomon, 1996).
Selenium interactions with other nutrients
Much of the Se in rocks is combined with sulﬁde minerals or with silver, copper,
lead, and nickel minerals. Se and oxygen combine to form several compounds. Se
sulﬁde is a bright red-yellow powder used in anti-dandruff shampoo. Industrially
produced hydrogen selenide is a colorless gas with a disagreeable odor and is

164

G. A. Qureshi et al.

probably the only selenium compound that might pose a health concern in the
workplace. Se dioxide is an industrially produced compound that dissolves in water
to form selenious acid. Selenious acid is found in gun blueing (a solution used
to clean the metal parts of a gun). Se is also used as ingredient in toning baths
in photography; as pigment in manufacturing ruby-pink, orange, or red-colored
glass; as metallic base in making electrodes for arc lights, electrical instruments and
apparatus, Se cells, telephotographic apparatus; as coating in ﬂame-prooﬁng electric
cables; and as vulcanizing agent in processing of rubber. Se closely resembles
sulfur in its physical and chemical properties. Contrary to accepted belief that the
kidney is the prime accumulator of inorganic mercury, the thyroid and pituitary
retain and accumulate more inorganic mercury than the kidney. Mercury’s ability to
complex with Se, increases its excretion, and reduces its bioavailability for primary
metabolic functions. This is a particularly interesting element, because we have very
well documented human cases of deﬁciency (toxicity) as well as, (excess) toxicity.
Although selenium can be toxic by itself, it also prevents the toxicity of several
other metals such as silver, mercury, cadmium, and lead. Mercury causes the loss
of the needed metals copper and zinc, and selenium helps to prevent that loss by
binding the mercury (Aust et al., 1993).
Consequence of selenium deﬁciency and toxicity
Although Se deﬁciency is uncommon in the advanced countries such as USA, low
levels in the body may be associated with acute illness and prolonged i.v. nutrition.
Se is an essential nutrient and deﬁciencies or low dietary intake has a bearing on
mortality and morbidity associated with several major diseases (Canham and Lever,
1972). The mean blood Se level of a cancer victim is signiﬁcantly lower than the
blood selenium level of individuals who do not get cancer. Signiﬁcantly lower levels
of Se have been seen in patients with various types of cancer such as lymphocytic
leukemia, breast, pulmonary, gastrointestinal, colon, genito-urinary, skin cancer,
and Hodgkins’s disease (Aust et al., 1985).
Although Se can be toxic by itself, it also prevents the toxicity of several other
metals such as silver, mercury, cadmium, and lead. Mercury causes the loss of
the needed metals copper and zinc, and it helps to prevent the loss by binding
the mercury. Se deﬁciency is rare but results in a decrease in activity of Sedependent enzymes, especially if the vitamin E status is also compromised. A lack
of antioxidants in the heart, liver and muscles eventually leads to tissue death and
organ failure. Low Se status has also been a suggested cause of Keshan’s Disease
(juvenile cardiomyopathy) and Kashin-Beck Disease (chondrodystrophy) (Canham
and Lever, 1972). Symptoms of selenium deﬁciency include muscle weakness
and pain, inﬂammation of the muscles, fragile red blood cells, degeneration of
the pancreas, and abnormal coloration. There have also been associations of Se
deﬁciency with several diseases affecting the heart muscle, but a protective effect
against heart disease has not been proven (Ellis and Raner, 1996). In geographic
areas where Se is deﬁcient in the soil and therefore in food, human deﬁciencies

The emerging role of iron, zinc, copper, magnesium and selenium and oxidative stress

165

have been reported to cause dilation of the heart and congestive heart failure
(Ellis and Raner, 1996). Other deﬁciency syndromes include anaemia, cataracts,
increased risk of cancer (especially respiratory and GI), cardiovascular disease
and stroke, diabetes, arthritis, decreased immune function, early ageing, infertility,
miscarriages, and birth defects in women. Se deﬁciency diseases in ruminants
include nutritional mascular disorder (NMD), ill thrift reduced growth rate, retained
placenta, impaired fertility and mastitis. Vitamin E with Se could be considered as
therapeutical agent against retained placenta. Se deﬁciency is a common component
of the malnutrition seen in AIDS patients. The mean blood platelet GSH-Px
(glutathione peroxidase) activity of a coronary patient is signiﬁcantly reduced. A
low enzyme activity is a risk factor for the development of coronary artery disease
(Skripchenko et al., 2003).
Se is an especially important antioxidant for humans. It has been found to
be depleted in both the tissues and the blood of people with AIDS, suggesting
a deﬁciency of long standing (Ferencik and Ebringer, 2003). Its deﬁciency has
been found in patients with or without diarrhea and malabsorption. Eighteen
percent of the men in one HIV study, all asymptomatic, were found to be selenium
deﬁcient. Levels go down as the disease progresses. Se levels correlate with
albumin levels, with lean body mass, and with total lymphocyte count-all markers of
immune function. Se deﬁciency is associated with heart disease and with anemia.
Signiﬁcantly low levels of selenium are often seen in patients with cancer, such
as lymphocytic leukemia, breast, pulmonary, gastrointestinal, colon, genitourinary
carcinoma, skin cancer, and Hodgkins’ disease (Astley et al., 1999).
Se toxicity has many side effects which include hair and nail loss, skin lesions,
fatigue, irritability, liver and kidney damage, nausea, vomiting and abnormal
blood clotting (Faure, 2003). Animals in the west grazing on plants that have
accumulated Se show acute or chronis Se poisoning. Chronic Se toxicity (alkaline
disease) is characterized by muscle degeneration, rough coat, labored breathing and
cardiovascular failure. Acute Se toxicity (blind staggers) manifests as weight loss,
anorexia, excessive salivation, jaundice or necrosis of the heart and liver. Toxic
effects also include fatigue and irritability, but increased toxicity can lead to loss of
hair and nails, vomiting, nausea, nerve damage, skin rashes, bad breath and brittle
bones.
Supplementation has been shown to improve symptoms and blood levels, but
not these other markers. Acute toxicity result into nervousness, vomiting, cough,
dyspnea, convulsions, abdominal pain, diarrhea, somnolence, fall in blood pressure,
respiratory failure and death (Williams, 1990). Garlic-like odor may be present on
breath. Selenium oxychloride is a severe vesicant and may cause fatal poisoning.
Accidentally swallowing a large amount of Se (e.g. a very large quantity of selenium
supplement pills) could be life threatening without immediate medical treatment.
Chronic toxicity produces marked pallor, garlic odor or breath, sweat and urine;
red staining of ﬁngers, teeth and hair, marked debility, depression, epistaxis, G.I.
disturbances, dermatitis, and irritation of nose and throat. Hydrogen selenide can

166

G. A. Qureshi et al.

cause pneumonitis and damage to liver and spleen (Williams, 1995). People may
also lose feeling and control in the arms and legs. Se compounds can be harmful
at daily dietary levels 5–10 times higher than the daily requirement. Factors such
as heavy alcohol consumption and/or excessive exposure to elements like cadmium,
copper and lead can lower needed Se levels in our bodies. Very high amounts of
selenium resulted in reproductive effects in rats and monkeys. Exposure to high
levels of Se compounds causes malformations in birds, but Se has not been shown
to cause birth defects in humans or in other mammals.
REFERENCES
Anastassopoulou, J. and Theophanides, T. (2002). Magnesium-DNA interactions and the possible
relation of magnesium to carcinogenesis. Irradiation and free radicals, Crit. Rev. Oncol. Hematol.
42 (1), 79–91.
Astley, S., et al. (1999). Vitamin E supplementation and oxidative damage to DNA and plasma LDL
in type 1 diabetes, Diabetes Care 22 (10), 1626–1631.
Aust, S. D., Morehouse, L. A. and Thomas, C. E. (1985). Role of metals in oxygen radical reactions,
Free Radic. Biol. Med. 1, 3–25.
Aust, S. D., et al. (1993). Free radicals in toxicology, Toxicol. Appl. Pharmacol. 120, 168–178.
Barbagallo, M., et al. (2003). Role of magnesium in insulin action, diabetes and cardio-metabolic
syndrome X, Mol. Aspects Med. 24 (1-3), 39–52.
Beattie, J. H., et al. (2000). Metallothionein is expressed in adipocytes of brown fat and is induced by
catecholamines and zinc, Am. J. Physiol. Regul. Integr. Comp. Physiol. 278 (4), R1082–R1089.
Bethesda, M. D. (1973). Life Sciences Research Ofﬁce, Federation of American Societies for
Experimental Biology.
Bogden, J. D. and Klevay, L. M. (2000). Clinical Nutrition of the Essential Trace Elements and
Minerals, 1st edn. Humana Press, New Jersey.
Braun, V. and Killmann, H. (1999). Bacterial solutions to the iron supply problem, Trends Biochem.
Sci. 24, 104–109.
Bremner, I. and Beattie, J. H. (1990). Metallothionein and the trace minerals, Annu. Rev. Nutr. 10,
63–83.
Bugg, T. (1997). An Introduction to Enzyme and Coenzyme Chemistry. Blackwell Science, Oxford.
Bureau, I., Gueux, E., Mazur, A., Rock, E., Roussel, A. M. and Rayssiguier, Y. (2003). Female rats
are protected against oxidative stress during copper deﬁciency, J. Am. Coll. Nutr. 22 (3), 239–246.
Butzow, J. L. and Eichhorn, G. L. (1975). Different susceptibility of DNA and RNA to cleavage by
metal ions, Nature (London) 254, 358–359.
Canham, G. W. and Lever, A. B. (1972). Bioinorganic chemistry. Simple models of iron sites in some
biological systems, J. Chem. Educ. 49, 656–660.
Celio, M. R., Pauls, T. L. and Schwaller, B. (1996). Guidebook to the Calcium Binding Proteins.
Oxford University Press, Oxford, UK.
Chau, L. Y. (2000). Iron and atherosclerosis, Proc. Natl. Sci. Counc. Repub. China B 24 (4), 151–155.
Christianson, D. W. (1991). Structural biology of zinc, Adv. Protein Chem. 42, 281–355.
Cousins, R. J. (1997). Trace element micronutrients, in: Encyclopedia of Molecular Biology and
Molecular Medicine, Meyers, R. A. (Ed.), Vol. 6, pp. 58–63. VCH Verlag, Weinheim.
Dallman, P. R. (1989). Iron deﬁciency: does it matter? J. Intern. Med. 226 (5), 367–372.
Delanghe, J. R. and Langlois, M. R. (2002). Haptoglobin polymorphism and body iron store, Clin.
Chem. Lab. Med. 40 (3), 212–216.
Eide, D. J. (1997). Molecular biology of iron and zinc uptake in eukaryotes, Curr. Opin. Cell Biol. 9,
573–577.

The emerging role of iron, zinc, copper, magnesium and selenium and oxidative stress

167

Ellis, W. R., Jr. and Raner, G. M. (1996). Metalloenzymes, in: Encyclopedia of Molecular Biology
and Molecular Medicine, Meyers, R. A. (Ed.), Vol. 4, pp. 58–66. VCH Verlag, Weinheim.
Emerit, J., Beaumont, C. and Trivin, F. (2001). Iron metabolism, free radicals, and oxidative injury,
Biomed. Pharmacother. 55 (6), 333–339.
Faure, P. (2003). Protective effects of antioxidant micronutrients (vitamin E, zinc and selenium) in
type 2 diabetes mellitus, Clin. Chem. Lab. Med. 41 (8), 995–998.
Ferencik, M. and Ebringer, L. (2003). Modulatory effects of selenium and zinc on the immune system,
Folia Microbiol. (Praha) 48 (3), 417–426.
Fleet, J. C. and Mayer, J. (1997). Dietary selenium repletion may reduce cancer incidence in people
at high risk who live in areas with low soil selenium, Nutrition Reviews 55 (7), 277–279.
Fox, T. C. and Guerinot, M. L. (1998). Molecular biology of cation transport in plants, Annu. Rev.
Plant Physiol. Plant Mol. Biol. 49, 669–696.
Frausto da Silva, J. J. R. and Williams, R. J. P. (1991). The Biological Chemistry of the Elements.
Oxford University Press, Oxford, UK.
Fung, E. B., et al. (1997). Zinc absorption in women during pregnancy and lactation: a longitudinal
study, Am. J. Clin. Nutr. 66 (1), 80–88.
Girodon, F., et al. (1999). Impact of trace elements and vitamin supplementation on immunity and
infections in institutionalised elderly patients, Arch. Intern. Med. 159, 748–754.
Goswami, T., Rolfs, A. and Hediger, M. A. (2002). Iron transport: emerging roles in health and
disease, Biochem. Cell Biol. 80 (5), 679–689.
Gutmann, F., Johnson, C., Keyzer, H. and Molnár, J. (1997). Charge Transfer Complexes in Biological
Systems. Marcel Dekker, New York.
Halliwell, B. and Gutteridge, J. M. (1984). Oxygen toxicity, oxygen radicals, transition metals and
disease, Biochem. J. 219, 1–14.
Hamer, D. H. (1986). Metallothionein, Annu. Rev. Biochem. 55, 913–951.
Hartwig, A. (2001). Role of magnesium in genomic stability, Mutat. Res. 475 (1/2), 113–121.
Holm, R. H. and Solomon, E. I. (Eds) (1996). Special Issue: Bioinorganic Enzymology, Chemical
Reviews 96 (7), 1–97.
Hussein, O., et al. (1997). Dietary selenium increases cellular glutathione peroxidase activity and
reduces the enhanced susceptibility to lipid peroxidation of plasma and low density lipoprotein in
kidney transplant recipients, Transplantation 63 (5), 679–685.
Kaim, W. and Schwederski, B. (1991). Bioinorganic Chemistry: Inorganic Elements in the Chemistry
of Life. Wiley, Chichester, UK.
Kletzmayr, J. and Horl, W. H. (2002). Iron overload and cardiovascular complications in dialysis
patients, Nephrol. Dial. Transplant. 17 (Suppl. 2), 25–29.
Kornberg, A. (1982). Origin of DNA on Earth, in: 1982 Supplement to DNA Replication, pp. S224–
S227. W. H. Freeman, San Francisco, USA.
Lazo, J. S. and Pitt, B. R. (1995). Metallothioneins and cell death by anticancer drugs, Annu. Rev.
Pharmacol. Toxicol. 35, 635–653.
Lippard, S. J. and Berg, J. M. (1994). Principles of Bioinorganic Chemistry. University Science Books,
Mill Valley, USA.
Loguercio, C., et al. (2001). Relationship of blood trace elements to liver damage, nutritional status,
and oxidative stress in chronic nonalcoholic liver disease, Biol. Trace Elem. Res. 81 (3), 245–254.
Licastro, F., Mocchegiani, E., Zannotti, M., Arena, G., Masi, M. and Fabris, N. (1992). Zinc
affects the metabolism of thyroid hormones in children with Down’s syndrome: normalization
of thyroid stimulating hormone and of reversal triiodothyronine plasmic levels by dietary zinc
supplementation, Int. J. Neurosci. 65 (1-4), 259–268.
Lonnerdal, B. (2000). Dietary factors inﬂuencing zinc absorption. Zinc and health: current status and
future directions, J. Nutrition 130 (5S Suppl.), 1378S–1383S.

168

G. A. Qureshi et al.

Manuel, Y., et al. (2000). Magnesium status and parameters of the oxidant-antioxidant balance in
patients with chronic fatigue: effects of supplementation with magnesium, J. Am. Coll. Nutr. 19
(3), 374–382.
Marks, D. B., Marks, A. D. and Smith, C. M. (1996). Basic Medical Biochemistry: A Clinical
Approach, 1st edn. Williams and Wilkins, Baltimore, MD, USA.
Murray, R. K., Granner, D. K., Mayes, P. A. and Rodwell, V. W. (2000). Harper’s Biochemistry, 25th
edn. New York.
Naughton, D. P. (2001). Iron(III)-mediated intra-articular crystal deposition in arthritis: a therapeutic
role for iron chelators, Med. Hypotheses 57 (1), 120–122.
Nielsen, F. H. (1984). Ultra trace elements in nutrition, Annu. Rev. Nutr. 4, 21–41.
Oberleas, D. and Harland, B. F. (1977). Nutritional agents which affect metabolic zinc status, in: Zinc
Metabolism: Current Aspects in Health and Disease, pp. 11–24. Alan R. Liss, New York.
O’Dell, B. L. and Sunde, R. (Eds) (1997). Handbook of Nutritionally Essential Minerals and
Elements. Marcel Dekker, New York.
O’Halloran, T. V. (1993). Transition metals in control of gene expression, Science 261, 715–725.
Oudit, G. Y., et al. (2003). L-type Ca2+ channels provide a major pathway for iron entry into
cardiomyocytes in iron-overload cardiomyopathy, Nat. Med. 9 (9), 1187–1194.
Polla, A. S., Polla, L. L. and Polla, B. S. (2003). Iron as the malignant spirit in successful ageing,
Ageing Res. Rev. 2 (1), 25–37.
Qureshi, G. A., Memon, A. B., Ghouri, M. R. and Memon, S. A. (2005). Role of magnesium at the
different stages in patients with diabetes II, J. Biochemistry (in press).
Reedijk, J. (1999). Medicinal applications of heavy metal compounds, Curr. Opin. Chem. Biol. 3,
236–240.
Regan, L. (1993). The design of metal binding sites in proteins, Annu. Rev. Biophys. Biomol. Struct.
22, 257–287.
Rhodes, D. and Klug, A. (1993). Zinc ﬁngers, Scientiﬁc American 268, 56–65.
Roberfroid, M. and Calderon, P. B. (1994). Free Radicals and Oxidation Phenomena in Biological
Systems. Marcel Dekker, New York.
Rostan, E. F., DeBuys, H. V., Madey, D. L. and Pinnell, S. R. (2002). Evidence supporting zinc as an
important antioxidant for skin, Int. J. Dermatol. 41 (9), 606–611.
Sarkar, B. (Ed.) (1995). Genetic Response to Metals. Marcel Dekker, New York.
Saris, N. E., et al. (2000). Magnesium: An update on physiological, clinical and analytical aspects,
Clin. Chim. Acta 294 (1/2), 1–26.
Sayre, L. M., Perry, G. and Smith, M. A. (1999). Redox metals and neurodegenerative disease, Curr.
Opin. Chem. Biol. 3, 220–225.
Schumann, K. (2001). Safety aspects of iron in food, Ann. Nutr. Metab. 45 (3), 91–101.
Scott, R., et al. (1998). The effect of oral selenium supplementation on human sperm motility, Brit. J.
Urology 82 (1), 76–80.
Siegal, F. P., et al. (1981). Severe acquired immunodeﬁciency in male homosexuals, manifested by
chronic perianal ulcerative herpes simplex lesions, New Engl. J. Med. 305, 1439–1444.
Skripchenko, N. D., et al. (2003). Effect of selenium enriched diet on lipid peroxidation in patients
with diabetes mellitus type 2, Vopr. Pitan. 72 (1), 14–17.
Solomons, N. W. (1985). Biochemical, metabolic, and clinical role of copper in human nutrition,
J. Am. Coll. Nutr. 4 (1), 83–105.
Stohs, S. J. and Bagchi, D. (1995). Oxidative mechanisms in the toxicity of metal ions, Free Radicals
Biol. Med. 18, 321–336.
Tullius, T. D. (1991). Bioinorganic chemistry, J. Cell Biochem. 45, 5–6.
Vaquero, M. P. (2002). Magnesium and trace elements in the elderly: intake, status and recommendations, J. Nutr. Health Aging 6 (2), 147–153.
Volbeda, A., Fontecilla, P., Camps, J. C. and Frey, M. (1996). Novel metal sites in protein structures,
Curr. Opin. Struct. Biol. 6, 804–812.

The emerging role of iron, zinc, copper, magnesium and selenium and oxidative stress

169

Williams, R. J. P. (1990). The mineral elements in homoeostasis and morphogenesis, Biochem. Soc.
Trans. 18, 689–705.
Williams, R. J. P. (1995). Energised (entatic) states of groups and of secondary structures in proteins
and metalloproteins, Eur. J. Biochem. 234, 363–381.
Williams, R. J. P. (1997). The natural selection of the chemical elements, Cell. Mol. Life Sci. 53,
816–829.
Zapsalis, C. and Beck, R. A. (1985). In: Food Chemistry and Nutritional Biochemistry, pp. 1006–
1009. John Wiley, New York.

</p>
      </div>
    </body>
  </text>
</TEI>
