<?xml version="1.0" encoding="UTF-8"?>
<!--Version 1.2 générée le 14-1-2019-->
<TEI xmlns:tei="http://www.tei-c.org/ns/1.0" xml:lang="en" type="research-article">
  <teiHeader>
    <fileDesc>
      <titleStmt>
        <title level="a">Mélanges</title>
      </titleStmt>
      <publicationStmt>
        <authority>ISTEX</authority>
        <publisher scheme="https://scientific-publisher.data.istex.fr">BRILL</publisher>
        <pubPlace>The Netherlands</pubPlace>
        <availability>
          <licence>
            <p>© 1894 Koninklijke Brill NV, Leiden, The Netherlands</p>
          </licence>
          <p scheme="https://loaded-corpus.data.istex.fr/ark:/67375/XBH-56W3KPD5-3">brill-journals</p>
        </availability>
        <date>1894</date>
      </publicationStmt>
      <notesStmt>
        <note type="research-article" scheme="https://content-type.data.istex.fr/ark:/67375/XTP-1JC4F85T-7">research-article</note>
        <note type="journal" scheme="https://publication-type.data.istex.fr/ark:/67375/JMC-0GLKJH51-B">journal</note>
      </notesStmt>
      <sourceDesc>
        <biblStruct type="inbook">
          <analytic>
            <title level="a">Mélanges</title>
            <author xml:id="author-0000">
              <persName>
                <forename type="first">G.</forename>
                <surname>Schlegel</surname>
              </persName>
            </author>
            <idno type="istex">BB9534830ACB8DFC3758FD128B753EB1D4BE8FBB</idno>
            <idno type="ark">ark:/67375/JKT-TZMTLTGH-5</idno>
            <idno type="DOI">10.1163/156853294X00304</idno>
            <idno type="href">15685322_005_01_s020_text.pdf</idno>
          </analytic>
          <monogr>
            <title level="j">T'oung Pao</title>
            <title level="j" type="sub">International Journal of Chinese Studies</title>
            <title level="j" type="abbrev">TPAO</title>
            <idno type="pISSN">0082-5433</idno>
            <idno type="eISSN">1568-5322</idno>
            <imprint>
              <publisher>BRILL</publisher>
              <pubPlace>The Netherlands</pubPlace>
              <date type="published" when="1894"/>
              <biblScope unit="volume">5</biblScope>
              <biblScope unit="issue">1</biblScope>
              <biblScope unit="page" from="135">135</biblScope>
              <biblScope unit="page" to="146">146</biblScope>
            </imprint>
          </monogr>
        </biblStruct>
      </sourceDesc>
    </fileDesc>
    <profileDesc>
      <creation>
        <date>1894</date>
      </creation>
      <langUsage>
        <language ident="en">en</language>
      </langUsage>
    </profileDesc>
    <revisionDesc>
      <change when="1894">Created</change>
      <change when="1894">Published</change>
    </revisionDesc>
  </teiHeader>
  <text>
    <body>
      <div>
        <p>
MÉLANGES.

The Chinese Bean-curd and Soy and the
Soya-broad

Of late
notice

these

of Europeans.

a note

upon

the

Suarez

of 2

service

in Java

readers

(See

a notice

The Temps in France
subject

March

have

preparations

1893,

I,

whose name
173,

297,

notices

the

november

of the civil medical

is not unknown

349),

has lately

in his "Analecta

VVe will add to these

attracted

published last

and Dr. Vorderman,

and Madura,

T'ottng-pao,

again

in the ?lve?ai?° de Diego-

after an article

upon the same subject

Gebied" ),
subject

Chinese

of Mr. Lecerf.

to our
published

op Bromatologisch

what is written

about the

by the Chinese themselves.

I.
Bean-curd.

Tao-fu
According
been
period

to the "Collected

Omissions of Sieli-(!Ito7i" nothing

ever heard of the confection
of the three dynasties

of bean-curd

of antiquity

had

before or after the

(B. C. 2205-250),

and

1) Geneeskundig
Tijdschrift van Nederl. ln(li6 (MedicalJournal of Netherl. India),
Vol. XXXIII, fas, 3.

136
for the first time in the work of

it was only mentioned
of Hoai-nan

kiug

The

of the Han

It is further

was also called "Leguminous

by boiling

curds or milk from beans 2).

and

that

but

when

Shi-tsih

was governor

milk",

of Ts'ing-

1150 26') he, in order to purify

the population,

to rouse

meat,

related

30° 45', Long.

(Lat.

before our era) 1).

or Bean-curd

Tao fu

and was prepared

yang

(second century

did not
in

bought

every

bean-curd,

so that

slaughtered

the

the townpeople

himself

permit
market

himself

the

several

use of
of

sheep" 3).

The bean
by the

of which

name

.Slzo-?tc, the

characters
in some parts

from

became known

of China,

and

yellow
are

roundish,

from

the

curds

under

yzr or "relish-oil"

in the form

which this sauce bears

(also written

corrupted

by

soyc? and soy) it

to this by and by.

to Dr. Vorderman
in light-colored
amber-yellow),
the

last

(1. c. p. 354)

(cream-color,
brown

either

and

roundish

one or the other variety

Fide

the

straw-yellow,
black.

soy-beans

The first

or oblong,

of the plant.

.

a

are

light ochretwo sorts

as they
Accordingly,

apud Ene.
a.
24. Cf. Mayers, ChineseReaders Manual, N°. 412.

3)
.tf?S?g.

name

of the chinese

1)

Cap.

little

in science

its japanese

and which has been further

by which name

"The

is known

pronunciation

japanese

pieces

all over Europe.

We will return

distinguished

to Europe

Japan

corrupted

into Soja,

According

these

this curd is prepared

?? tsic?ng

the Dutch

called

of Soja 7aispi?lcc, and has been imported

of a meat-sauce
of

day

come
the

137
plant

with

with

oblong

seeds is called Soja hispicla,

roundish

seeds ,Soja hispida,

tumida

1. Soj a hispida,
2."

"

3."

"

"

4."

"

(3 pallida.

"

atrospuma.
/3 castanea.

, platycarpa (3

and 4 are black

N°. 2

of Soy or Ketchup,
are used for other

culinary

Since the

Vienna

Japanese

nutritive

proprieties

chemical

Analysis,

Genussmittel,

of 1873,

and N°. 3

and

when several

(brown)

samples

were exhibited,

soybeans

and richness

into

for the fabrication

purposes.

exhibition

analysis,

introduced

to Konig's

N°.1 1 (pale-yellow)

and Indian

Chinese,

melanosperma.

and serve especially

whilst

largely

with the

amounting,

in color, to four varieties:

differences

by

platycarpco,

and that

tumida

of

their great

of azote and fat have been shown

the

culture

Europe,

especially

in his work

of this

plant

in Hungary.

"Die menschlichen

2d Ed. Vol. II, p. 372",

the following

has been
According

Nahrungs

und

percentage

has

been obtained.

Dr.
amylum
the

Vorderman
in the

reaction

says

Soybeans

that

he

of Java,

has

not

been

able

China and Annam

of joclium upon the section

of the bean.

to

detect

in applying
The texture

138
of the cotyledons

consists

about

chyme-cells,

of oblong,

principally

five times longer

than

radiating

paren-

broad.

II.
7"ao-kan

make of the Soy-beans

The Chinese
in Java
both
beans,

of leguminous

in Batavia

many

Chinese

grown

in the Preaiiger

cheese,

from

They

from the light-brown

Annam.

the so much

prefer

one called

Tczo-kocc (§£

obtained

obtained

those

principally

two preparations,

and the other

Tno-Icu l '££ fl@ )

consist

Bean-curd.

Preserved

But

cheaper

at present
kaclel? pittilt

and the Oiiiiiiel(in(ten (circumjacent

territory

of Batavia).
These

when

rainwater,

admixtures,

turns

the

in their
runs

mill,
husk,

as a white,

for its reception.
iron

open

is skimmed,
cloth,

twice

the other

mass,

from

a stone

five hours
or thrice

accidental

or

One Chinesen

water into the mill,
by a small gutter,

doughy

dirt

colors.

beans,

so that

still

the stuff

into a tub prepared

upon thP fire in a large

it reaches the boiling-point.

until

their

very much

the macerated

heated

in

handmill,

ground

throws

This mass is then

a white,

about

cleansed

after boiling,

and the fluid strained,

residu remains,

through

The froth
a cotton

having a peculiar

and which serves as food for ducks and fowl.

The filtrated
it is being

thin

to

Europeans

with a little

cauldron,

in which

oily smell,

whilst

during

in

ground

in which

macerated

up

been

having
are

they
that

resembling

swell

they

After

size.

original

are

beans

lightcolored

fluid, which has a milkwhite

cooled,

salt or with a little

with

a certain

calcined

proportion

gypsum.

color, is mixed, whilst
of common

Madura-

139
This gypsum
of radiated

As

gypsum.

by the Malay-Chinese
salt

gypsum

is

it

used

specially

for preparing

cheese of the soybeans, it is called by traders

leguminous

The

from China in the form of large lumps

is imported

as in China,

(or,

the juice,

change

white,

gelatineous

certain

word Batu-tau

hybrid

consistency,

when

mass, which,
it

allowing

of magnesium)

cooled,

sufficiently

to be cut into

by a white

cloth

cotton

dust,

against

and

into a

obtains

flat square

a

pieces.

after the pre-

These squarcs are then laid upon plantain-leaves

cipitation.

and

of the legumine,

n6t be done for after two hours

This can, however,

in Batavia

i. e. "hean-stone".

the chloride

by precipitation

the

protected

hawked

about

in the

but

when

mixed

streets.
have

They
with

other

preparation

raw

an unpleasant
this

victuals,

of Chinese

taste

victuals,

bean-flavor,

is lost.

is used

It

as well in the

as in that of the so-called

Indian

rice-dish.
In order to preserve

the

to tuo-kocr (or dried beans)
The lao-fa,

colours

are them wrapped

between

by the f'ollowing

cut into flat squares,

Cccrczcrczc?
Zonga, which
cakes

for continuous

boards and exposed to a certain

By this

pressure

can be preserved
Dr. Vorderman

yellow

pieces of cotton,

pressure.

Generally

laid
they

with Chinese characters.
is lost,

but the cakes

says that both tcco f7cand tao-ko(! can be succesfully
of feeble children, which refuse to take eggs.

those prepared

characters.

These

yellow.

a good deal of water

is
Tao-Icoc_c also imported
than

into a decoctum of

much longer.

used in the nourishment

Chinese

intense

it is matter

method.

is plunged

up in white square

are at the same time stamped

larger

it

use,

from China,
in Java,

but these cakes are much

and are always

stamped

with

140

III.
tJII Soy-oil.

1-,ao-yzt
But

the

does not

Soy-bean

serve for the preparation

only

beancurd,

but

also for the renowned

as Soya,

not

only in the far east, but also over all Europe

condiment

of

and sauce known
and

which is explained
by the name of isfii jQ )
in the Yi7z-?ja as being a homonyme of the word Slai ( uJ) "taste"
and was so called by the people of Thsi because it is a combination
It is known

America.

of the five tastes ?).
the

In

dictionary

?S'h2?o-zc·e??
(about

A. D. 100) the condiment

is described

as "8alt-n?ixecl

dark pulse".

SillicUIl1, II,

165, Shanghai

1892) says he cannot

the character
If

he

flg (dark) is intended to mean.
had looked up for the word in

dictionary
explication

given

in 1884,

published

shin,

one

(Wylie,

Bretschneider

Notes,

most

p. 130),

prominent

scholars

the

made.

mixed with an equal quantity
ment ; a portion

of salt,

by Yang-

of the lVling-clynasty
a bean;

it is

shut up into jars and pots, wherein it

is

is

Dutch-Chinese

is properly

this is why it is called "dark
Soya

what

he would have found its

is fermented;
way

our

written

who says:

mixed with salt and darkly

the

understand

to the

according

the

of

i. v. Soja,

(Botanicon

The

beans

pulse"

In fact this

are first boiled soft,

of wheat or barley,

and left to fer-

and three times as much water as beans,
c
al)ztdEncyclopedia

Chap, 23.

141
are

afterwards

three

and

in,

put

the

when the liquid

months,

whole

compound

is pressed

and strained

As we have said ahove, the mass is fermented
and

jars,

smelled

at least

The
in the

nine

in large stone covered
if not seen,

emanating

from the large

Soy in the Soymakers-lane.

say that

Chinese

stench

disagreable

with fermenting

jars

but that

classics,

&lt;S7? ( fi£)

does not occur

commentary

of the "Great

the character
in the

the salt and the sour of' the Nine discussions of Sung-yuh",

bitter,

bitter"

"Great
the

the

for two or
').

will liave,

who has visited Canton

any-one

left

is explained
on Aliments

Chapter

of salted

measures

as being
in the

soybeans

the Shi or Soy; and that in

Annals

is spoken

of the former Han-dynasty,

Chang-ngan

by a certain

of a thousand

according

(slai); whilst,

of Aliments

the

to the History

soy was sold in (the capital)

.Pan

who was on that account

called the Soy-7la,z 2).
In the Elegies
is equally

spoken

of Thsoo (Wylie, Notes, 181), 4th Century

of the Great bitter, the salt, the sour, the pungent

and the sweet, where,

according

is the Soy, the pungent
and

Honey;

B. C.,

and that

to the commentary,

the great bitter

are Pepper and Ginger and tlie sweet Sugar
it means

that

the juice

mixed

with

Pepper

and

Ginger,

and that

mixed

with

Sugar

and

Honey,

so that

of the Soybean

was

the salt and sour was
the pungent

and

sweet

flavor was produced 3).
1) Comp..T, ,J, Hoffmann,Bereidingvan de JapanscheSoya. Bijdragentot de Taal-,
van
Land-en Volkenkundc Ned.-Indie, V, 192.
'
* 1i
\

\
0

3&gt; fl

c
\

142
In

book

the

written

the southern

during

mentioned

of Wu-lin"

"Antiquities

and gingcred

soy (shi) and honied

dried

and afterwards
and again

mass is mixed

chi (VVylie, Notes, p. 153),

The beans

a proportional

with

says that Soy is also

are steeped in bitter wine
boiled in sesam-oil

they are then

very hard;

which process is thrice

dried,

we find

birds nests ( ?), gingered

of the 3d century,

countries.

in foreign

prepared

part

p. 45),

soybeans

This is the native soy; but the
in the latter

Notes,

(13tll century),

Sung-clyuásty

the victuals in the market:

anioiiu

published

(Wylie,

repeated.

of powdered

quantity

the

Afterwards

pepper.

This species of Soy is called in China I?Izczng-pila (Man-strengthening)
down the humours

because it pushes

thinks

Bretschneider

the

of T&amp;iaiig

name

Claoiv-li a. o.

The

common

but pronounced

But

the

which
name

them

character

Ski does not

known in olden times

occurs in the Li-ki,

for Soy in Peking,

or Tsiang oil. This name, imported

Tsiang-yu

corrupted,

though

Soy was very probably

occur in the Classics,
under

that

and composes

there

this

who describe

According

by the Dutch

from Japan

supposition

is not .supj&gt;orted by Chinese

the

as a salted condiment

all sorts of meat,

he says, is
into Japan,

from which our word Soya has been

Sh5-ytt,

was first imported

the

fishes, fruits,

etc.,

but never

to Europe.
authorities,

or sauce made from
from beans.

to the llczn-tsze-ki jen the Tsictiig was introduced

o

o

from

143
Tozz?ig-licti, the modern

quality
the

sort

the middling

a pound;

pieces

thirty '). This condiment
that

Annals

a thousand

the

stewed

Pi?ag-tsilz

chicken

one hundred,

of briny

jars

are

people

of mulberry

kind

Briny

Tsiang

of stewed

ate

3), and

Tsiang

of

fishroe 3)

$# ), of hashed fish
of the fat of the elk

Tsiang made of the

to some,

according

we read in

mentioned

Briny

#§ ),

of stewed turtles
j ),
mixed with mustard

old

that

tsiang were put upon a

(

In

and the inferior

carriages

( Qj
Ü

cost 200

quality

was so expensive

par with a state of a thousand
In

The first

Ho(ii-2iga,22 Iu.

a

but the betelpepper

accord-

ing to others 4).
A condiment
of the
bitter
In
,
shrimps
.
beans,

was also made

which

elmseeds

roots

was called

(fl fi§ §§J )
Jfnt

of

and of the bottle-gourd

squash
like

of the peony

wise a sauce
and

even

was

of salted

made

of the

bees

crabs

or rather lobsters
( #§ $# ),
But not a single writer
and more particularly

I"fi-tsifi fish

and ant-eggs
speaks

of tsiang made of

of the soyabean.

Chap. 211.

Encycl.

brine
3) With referenceto this condiment,we may mentionthe
rt
of pickledfish or shell-fish,
in Fuhhian (Dou,,,,Ia-, of the Amoy
Diet.
dialect),and
prepared
which is most surely the origin of the word Kdchup, another name for soy. It hasnothing
to do with the Malay, though the malay word
"to taste" has a family-air.
c
IfJ

-m

c.

144

.

IV.

The ?S'oyab7?eadof -31-r. Le&lt;.erf.
TILE high nutritive
to introduce

Europeans

a kind

years

After

the

upon

the

April

Soya

obese

a Paris

it

people

and
chemist,

the

upon

to sufferers

are able to absorbe

some

are

the

stances

are never

assimilated,

the functions

Cettems,

of

that

It is known
which

substances

are

The sufferers of obesity

functions.
without

seeing their "embonfat sub-

by Eberstein,

but they are decomposed

of respiration

and in

called the attention

amylaceous

as has been shown

for,

Count

and obesity.

all fat substances

augment;

was drawn

attention

services which this leguminose

of diabetes

point"

serve

since

of it for the use of the

in 1873,

Mr. Haberland

by

into fat by the digestive

changed

and

Europe,

been baked

in Vienna

Mr. Lecerf,

could render

into

the

have induced

or sugar-consumption.

de Médecine

8ociete

with

has

exposition

1888,

the

its culture

of bread

of Diabetes

sufferers

of the Soybean

properties

and to supply

in order to

the human

body

with heat.
Mr. Lecerf's
Beaumetz,

having

in the hospital
the

proposal

Acad6mle

firstly

Cochin,

met with success, and professor
tried

the bread

offered, in the sitting

cle Medecine,

samples

fabricated

without

substitute

it for the gluten-bread

Later
the

any admixture

on, Doctor

Soya,

and

Blondel

showed

invented

by Mr. Lecerf

of 19 May 1888 of

of the Soya-bread

Lecerf

of foreign flours, and proposed to
in the alimentation

published

the nearly

Dujardin-

of diabetics.

a very interesting

complete

study of

absence of amylum

in

its tissues.
We
position

let follow
of Soya

here

a comparative

compared

to that

table of the chemical
of wheat

and lean

com-

beef ac-

145
to the analysis of Messr. Boussingault,

conling

These ciphers show the superiority

Lehmann

and Pellet.

of Soya above all known alimentary

substances.
the

Before

the ordinary

treatment,
serious

introduction

obstacle

this on account
60%

containing
bread
and,

in the

diet

of amylum

the patients
to say,

'by Mr. Lecerf
its produce.
and chemists

had

followed

and

He sold his patent

50 centimes

(5 pence).

whilst

Soya-

(3%) of amylum;

of bi-carbonate

on account
to Messieurs

(98 Place Beauvau),

and

bread

Vichy or Karlsbad

up

Pharmacie

and

ordinary

of soda,

waters.

the fabric for Soya-bread

however,

Etienne-Marcel,

percentage

were a

of diabetes,

15%;

gluten-bread

depot of their bread in the "Grande
24 Rue

by sufferers

which they contain:

of drinking

in Paris

the therapeutic

even the gluten-bread

and

a small quantity

to shut

into

soya-flour

an insignificant

as it also contains

Strange

bread

of the amylum

only contains

dispenses

of the

established

of the limited
Peitz

sale of.

&amp; C°, druggists

who have also placed a
liygi6niqLie Desvilles",

who sell this bread

at the price of

146
-

Holland

was the first country

which followed in the wake, and

Mr. G. C. F. KÖHLER in Amsterdam
even a superior
and

bread,

ones,

and,

To the great

than

the latter,

are more than

consequently,

relatively

unknown
baker,

and ignored

had ever heard

of sufferers
It

anew

is only

recommandation
of the

Germany

and

especially

more

account

of the nearly

classesj

so even,

men

exclusive farinaceous

that

Professor

fabrication

to all sufferers

of Diabetes

welcome

of food.

town

alimentation

Soya-bread

on

of the lower
a special

It seems to us

and America special
and

be

Soya-flour

it by an own experience

and Obesity

is

of Europe

country

of Europe

Britain,

Diabetes

country

C ?NTANr has established

of

We can recommand

article

in Great

of diabetic sufferers in Naples.

in each larger
the

other

our

may rouse the

invention

in which latter

this

we bring

public in the hope that

practitioners

in any

so) that

suppose

and therefore

beneficial
and

Italy,
than

frequent

clinic for the treatment

for

highly

medical

perhaps

IMPERATIVE
that

due to ignorance;

of this

attention

.established.

in Paris, and tasting like

where are some five-thousand

before the scientific

subject

bakeries

of it, and I could only

be (and we will even charitably
fact

the

no

of diabetes!!

may

lamentable

and this in a town,

and Great-

In London

countries.

get a kind of ?c7aaucl? de gluten fabricated
old dry sponge;

Austria

bread seems to be totally

in these respective

or chemist

druggist

double the size of the

of Germany,

shame, however,

for 40 cents

cheaper.

this highly beneficial and nutritive

Britain,

less oil than the Paris

containing

more palatable

But his breads

(= 8 pence).
Paris

kind of Soya-bread,

therefore

fabricates

(29 Weesperstraat)

of five years

as a most wholesome

and

G. SCHLEGEL.

</p>
      </div>
    </body>
  </text>
</TEI>
