<?xml version="1.0" encoding="UTF-8"?>
<!--Version 0.1 générée le 31-01-2018-->
<TEI xmlns="http://www.tei-c.org/ns/1.0"
     xmlns:xsi="http://www.w3.org/2001/XMLSchema-instance"
     xsi:noNamespaceSchemaLocation="https://istex.github.io/odd-istex/out/istex.xsd"
     xml:lang="fr">
   <teiHeader>
      <fileDesc>
         <titleStmt>
            <title level="a" type="main">Les récepteurs membranaires des acides gras de la cellule β</title>
         </titleStmt>
         <publicationStmt>
            <authority>ISTEX</authority>
            <publisher>Éditions EDK, Groupe EDP Sciences</publisher>
            <date when="2013">2013</date>
            <availability>
               <licence>© 2013 médecine/sciences – Inserm</licence>
               <p>médecine/sciences – Inserm</p>
            </availability>
         </publicationStmt>
         <notesStmt>
            <note type="content-type"
                  source="research-article"
                  scheme="https://content-type.data.istex.fr/ark:/67375/XTP-7474895G-0">research-article</note>
            <note type="publication-type"
                  scheme="https://publication-type.data.istex.fr/ark:/67375/JMC-0GLKJH51-B">journal</note>
         </notesStmt>
         <sourceDesc>
            <biblStruct type="article">
               <analytic>
                  <title level="a" type="main" xml:lang="fr">Les récepteurs membranaires des acides gras de la cellule β<ref type="fn" target="#FN2"/>
                  </title>
                  <title level="a" type="sub">De nouvelles cibles thérapeutiques pour le traitement du diabète de type 2 ?</title>
                  <title level="a" type="alt" xml:lang="en">Membrane fatty acid receptors in the β-cell: novel therapeutic targets for type 2 diabetes</title>
                  <title type="note">
                     <note xml:id="FN2">
				                    <p>Cet article fait partie du numéro thématique « Diabète : approches thérapeutiques émergentes ».</p>
                     </note>
                  </title>
                  <author xml:id="author-0000">
					                <persName>
						                  <surname>Mancini</surname>
						                  <forename type="first">Arturo D.</forename>
					                </persName>
					                <affiliation>
                        <orgName type="institution">Centre de recherche du diabète de Montréal, Centre hospitalier de l’université de Montréal, CRCHUM - Technopole Angus, département de médecine de l’université de Montréal</orgName>
                        <address>
                           <street>2901 Rachel Est</street>
                           <state>
                              <p>Québec</p>
                           </state>
                           <postCode>H1W 4A4</postCode>
                           <settlement>Montréal</settlement>
                           <country key="CA">Canada</country>
                        </address>
                     </affiliation>
				              </author>
                  <author xml:id="author-0001" role="corresp">
					                <persName>
						                  <surname>Poitout</surname>
						                  <forename type="first">Vincent</forename>
					                </persName>
					                <affiliation>
                        <orgName type="institution">Centre de recherche du diabète de Montréal, Centre hospitalier de l’université de Montréal, CRCHUM - Technopole Angus, département de médecine de l’université de Montréal</orgName>
                        <address>
                           <street>2901 Rachel Est</street>
                           <state>
                              <p>Québec</p>
                           </state>
                           <postCode>H1W 4A4</postCode>
                           <settlement>Montréal</settlement>
                           <country key="CA">Canada</country>
                        </address>
                     </affiliation>
					                <email>vincent.poitout@umontreal.ca</email>
				              </author>
                  <idno type="istex">7EE83AC88F6A48FCD80742B7948ECB4BCF921A10</idno>
                  <idno type="ark">ark:/67375/80W-VN7LW151-Z</idno>
                  <idno type="DOI">10.1051/medsci/2013298009</idno>
                  <idno type="publisher-id">medsci2013298-9p715</idno>
                  <idno type="dkey">10.1051/medsci/2013298009</idno>
               </analytic>
               <monogr>
                  <title level="j" type="main">médecine/sciences</title>
                  <title level="j" type="abbrev">Med Sci (Paris)</title>
                  <title level="j" type="publisher-id">medsci</title>
                  <title level="j" type="url">http://www.medecinesciences.org</title>
                  <idno type="pISSN">0767-0974</idno>
                  <idno type="eISSN">1958-5381</idno>
                  <imprint>
                     <publisher>Éditions EDK, Groupe EDP Sciences</publisher>
                     <date type="Final-Published" when="2013-09-05"/>
                     <date type="ePublished" when="2013-09-05"/>
                     <date type="Published" when="2013-08"/>
                     <biblScope unit="vol">29</biblScope>
                     <biblScope unit="issue">8-9</biblScope>
                     <biblScope unit="page" from="715">715</biblScope>
                     <biblScope unit="page" to="721">721</biblScope>
                     <biblScope unit="page-count">7</biblScope>
                     <biblScope unit="ref-count">56</biblScope>
                     <biblScope unit="fig-count">1</biblScope>
                     <biblScope unit="table-count">1</biblScope>
                  </imprint>
               </monogr>
            </biblStruct>
         </sourceDesc>
      </fileDesc>
      <profileDesc>
         <abstract xml:lang="fr">
				        <p>L’homéostasie du glucose repose sur une régulation très fine de la sécrétion d’insuline par les cellules β pancréatiques. Celle-ci est principalement stimulée par le glucose, mais elle est aussi modulée par d’autres nutriments, notamment les acides gras à longue chaîne qui augmentent la sécrétion d’insuline induite par le glucose. La découverte de récepteurs couplés aux protéines G qui lient les acides gras et d’autres dérivés lipidiques et qui sont exprimés à la surface de différents types cellulaires, dont la cellule β, a ajouté une nouvelle dimension à notre compréhension du contrôle de l’homéostasie glucidique par les acides gras. Parmi ces récepteurs, le <hi rend="italic">G protein-coupled receptor 40</hi> (GPR40) et GPR119 ont suscité un grand intérêt comme cibles thérapeutiques potentielles pour augmenter la sécrétion d’insuline dans le diabète de type 2. De fait, les résultats prometteurs d’un agoniste de GPR40 dans un essai clinique de phase 2 ont apporté une preuve de concept à cette stratégie thérapeutique. Cependant, notre compréhension de la biologie et de la pharmacologie de ces récepteurs reste très incomplète.</p>
			      </abstract>
         <abstract xml:lang="en">
				        <p>Glucose homeostasis requires a tight regulation of insulin secretion from pancreatic β-cells. Insulin release is chiefly stimulated by glucose, but also modulated by other nutrients, including long-chain fatty acids which potentiate glucose-induced insulin secretion. The discovery of G-protein coupled receptors activated by fatty acids (and other lipid derivatives) and expressed at the surface of various cell types, including β-cells, has added a new dimension to our understanding of the control of glucose homeostasis by fatty acids. Amongst these receptors, GPR40 and GPR119 have generated great interest as potential therapeutic targets to augment insulin secretion in type 2 diabetes. In fact, the promising results of a phase 2 clinical trial with a GPR40 agonist have provided a proof of concept for this therapeutic strategy. However, our understanding of the biology and pharmacology of these receptors remains incomplete.</p>
			      </abstract>
         <textClass ana="subject">
            <keywords scheme="section">
					          <term>Diabète : approches thérapeutiques émergentes</term>
				        </keywords>
         </textClass>
         <langUsage>
            <language ident="fr"/>
         </langUsage>
      </profileDesc>
   </teiHeader>
   <text>
      <body>
         <p>
            <graphic url="medsci2013298-9p715-img1.jpg"/>
         </p>
         <p>Les acides gras, bien connus comme des substrats énergétiques majeurs, sont également des modulateurs de la signalisation cellulaire et des voies métaboliques dans différentes conditions physiopathologiques, dont le diabète de type 2 (DT2). En particulier, les acides gras à longue chaîne amplifient la sécrétion d’insuline en réponse au glucose, et ils sont essentiels à la réponse sécrétoire à une charge en glucose après le jeûne [<ref type="bib" target="#"/>
            <ref type="bibr" target="#R1">1</ref>]. L’effet potentialisateur des acides gras sur la sécrétion d’insuline en réponse au glucose a été longtemps attribué à leur métabolisme intracellulaire [<ref type="bib" target="#"/>
            <ref type="bibr" target="#R2">2</ref>]. L’identification de récepteurs membranaires couplés aux protéines G<ref type="fn" target="#FN3">1</ref> (RCPG) qui lient les acides gras a ouvert de nouvelles hypothèses quant à leur rôle comme molécules de signalisation. Dans cette revue seront discutés le rôle de ces RCPG dans la régulation de la sécrétion d’insuline et de l’homéostasie glycémique, ainsi que leur utilisation possible pour le traitement du DT2.</p>
         <div xml:id="S1">
			         <head>Distribution tissulaire et rôle physiologique des récepteurs membranaires des acides gras</head>
			         <p>Cinq RCPG activés par les acides gras ont été identifiés depuis le début des années 2000 : GPR40 (ou FFA1, <hi rend="italic">free fatty acid receptor 1</hi>), GPR41 (FFA3), GPR43 (FFA2), GPR84 et GPR120 (FFA4) <hi rend="italic">
                  <ref type="table" target="#T1">(Tableau I)</ref>
               </hi>. GPR40 et GPR120 sont activés par les acides gras saturés et insaturés à chaîne moyenne et longue (C12-C22 ; incluant les acides palmitique, oléique, linoléique, eicosapentaénoïque [EPA], docosahexaénoïque [DHA], etc.) à des concentrations de l’ordre du micromolaire [<ref type="bib" target="#"/>
               <ref type="bibr" target="#R3">3</ref>-<ref type="bib" target="#"/>
               <ref type="bibr" target="#R5">5</ref>]. GPR41 et GPR43 ont pour ligands les acides gras à chaîne courte (acides propionique, acétique et butyrique) [<ref type="bib" target="#"/>
               <ref type="bibr" target="#R6">6</ref>, <ref type="bib" target="#"/>
               <ref type="bibr" target="#R7">7</ref>]. GPR84 est un récepteur pour les acides gras à chaîne moyenne (C9-C14 ; acides caprique, undécylique et laurique [<ref type="bib" target="#"/>
               <ref type="bibr" target="#R8">8</ref>]). GPR119 est activé par des lysophospholipides et des amides d’acides gras (par exemple, l’oléoyléthanolamide [<ref type="bib" target="#"/>
               <ref type="bibr" target="#R9">9</ref>]). Ce n’est donc pas un récepteur des acides gras au sens strict, mais il sera néanmoins discuté dans cette revue compte tenu de son rôle dans l’homéostasie glucidique et de son potentiel comme cible thérapeutique.</p>
			         <p>
				           <table xml:id="T1">
                  <head>Tableau I.</head>
						            <figDesc>
							              <hi rend="bold">
								                <hi rend="italic">Récepteurs des acides gras couplés aux protéines G.</hi>
							              </hi>
						            </figDesc>
					             <ab>
                     <table>
						
							                 <row>
								                   <cell role="th"/>
								                   <cell role="th">Ligands endogènes</cell>
								                   <cell role="th">Signalisation</cell>
								                   <cell role="th">Distribution tissulaire</cell>
								                   <cell role="th">Fonctions biologiques</cell>
								                   <cell role="th">Références</cell>
							                 </row>
						
						
							                 <row>
								                   <cell role="td">
                              <hi rend="bold">GPR40 (FFA1)</hi>      
                           </cell>
								                   <cell role="td">Acides gras à <lb/>chaîne moyenne et longue <lb/>(C12-C22)</cell>
								                   <cell role="td">Gαq/11 <lb/>Gαi ? <lb/>Gαs ?</cell>
								                   <cell role="td">Cellules β pancréatiques <lb/>Cellules α pancréatiques ? <lb/>Cellules I, K et L entéro-endocrines <lb/>Système nerveux <lb/>Monocytes</cell>
								                   <cell role="td">Potentialisation de la sécrétion <lb/>d’insuline en réponse au glucose <lb/>Sécrétion d’incrétines <lb/>(GLP-1, GIP)</cell>
								                   <cell role="td">[<ref type="bibr" target="#R3">3</ref>. <ref type="bib" target="#"/>
                              <ref type="bibr" target="#R4">4</ref>, <ref type="bib" target="#"/>
                              <ref type="bibr" target="#R19">19</ref>, <ref type="bib" target="#"/>
                              <ref type="bibr" target="#R22">22</ref>, <ref type="bib" target="#"/>
                              <ref type="bibr" target="#R23">23</ref>]</cell>
							                 </row>
							                 <row>
                           <cell role="td">
                              <milestone unit="hr"/>
                           </cell>
                        </row>
							                 <row>
								                   <cell role="td">
                              <hi rend="bold">GPR41 (FFA3)</hi>
                           </cell>
								                   <cell role="td">Acides gras à <lb/>chaîne courte <lb/>(C2-C5)</cell>
								                   <cell role="td">Gαi</cell>
								                   <cell role="td">Cellules L entéroendocrines <lb/>Cellules β pancréatiques <lb/>Adipocytes ?</cell>
								                   <cell role="td">Sécrétion du peptide YY</cell>
								                   <cell role="td">[<ref type="bibr" target="#R7">7</ref>, <ref type="bib" target="#"/>
                              <ref type="bibr" target="#R36">36</ref>]</cell>
							                 </row>
							                 <row>
                           <cell role="td"/>
                           <cell role="td">
                              <milestone unit="hr"/>
                           </cell>
                        </row>
							                 <row>
								                   <cell role="td">
                              <hi rend="bold">GPR43 (FFA2)</hi>
                           </cell>
								
								                   <cell role="td">Gαq/11 <lb/>Gαi</cell>
								                   <cell role="td">Cellules L entéroendocrines <lb/>Cellules β pancréatiques <lb/>Adipocytes <lb/>Neutrophiles <lb/>Éosinophiles</cell>
								                   <cell role="td">Sécrétion de GLP-1 et <lb/>du peptide YY Sécrétion de leptine <lb/>Inhibition de la lipolyse</cell>
								                   <cell role="td">[<ref type="bibr" target="#R36">6</ref>, <ref type="bib" target="#"/>
                              <ref type="bibr" target="#R37">7</ref>, <ref type="bib" target="#"/>
                              <ref type="bibr" target="#R34">34</ref>-<ref type="bib" target="#"/>
                              <ref type="bibr" target="#R40">40</ref>]</cell>
							                 </row>
								                <row>
                           <cell role="td">
                              <milestone unit="hr"/>
                           </cell>
                        </row>
							                 <row>
								                   <cell role="td">
                              <hi rend="bold">GPR119</hi>
                           </cell>
								                   <cell role="td"> Oléoyléthanolamide <lb/>Lysophosphatidyl-choline</cell>
								                   <cell role="td">Gαs</cell>
								                   <cell role="td">Cellules β pancréatiques <lb/>Cellules L et K entéro-endocrines</cell>
								                   <cell role="td">Sécrétion d’incrétines (GLP-1 et GIP)</cell>
								                   <cell role="td">[<ref type="bibr" target="#R9">9</ref>, <ref type="bib" target="#"/>
                              <ref type="bibr" target="#R43">43</ref>-<ref type="bib" target="#"/>
                              <ref type="bibr" target="#R46">46</ref>]</cell>
							                 </row>
							                 <row>
                           <cell role="td">
                              <milestone unit="hr"/>
                           </cell>
                        </row>
							                 <row>
								                   <cell role="td">
                              <hi rend="bold">GPR120 (FFA4)</hi>
                           </cell>
								                   <cell role="td">Acides gras à <lb/>chaîne moyenne et longue <lb/>(C14-C22)</cell>
								                   <cell role="td">Gαq/11 <lb/>β-arrestine 2</cell>
								                   <cell role="td">Cellules L entéro-endocrines <lb/>Adipocytes <lb/>Macrophages</cell>
								                   <cell role="td">Sécrétion de GLP-1 <lb/>Inhibition des voies pro-inflammatoires</cell>
								                   <cell role="td">[<ref type="bibr" target="#R5">5</ref>, <ref type="bib" target="#"/>
                              <ref type="bibr" target="#R29">29</ref>]</cell>
							                 </row>
						
					                </table>
                  </ab>
               </table>
			         </p>
         </div>
         <div xml:id="S2">
			         <head>GPR40</head>
			         <p>GPR40 est majoritairement exprimé dans les cellules β pancréatiques. De nombreuses études utilisant des approches pharmacologiques ou génétiques (inhibition de l’expression de GPR40 par interférence à l’ARN dans les cellules insulinosécrétrices ou invalidation du gène dans des souris ; voir revue dans [<ref type="bib" target="#"/>
               <ref type="bibr" target="#R10">10</ref>]) ont montré que GPR40 est responsable, au moins en partie, de l’effet potentialisateur des acides gras sur la sécrétion d’insuline en réponse au glucose. À l’inverse, la surexpression de GPR40 dans les cellules β pancréatiques prévient l’apparition de l’hyperglycémie chez des souris nourries avec une diète riche en lipides, et améliore l’insulinosécrétion et la tolérance au glucose chez des souris diabétiques [<ref type="bib" target="#"/>
               <ref type="bibr" target="#R11">11</ref>]. Chez l’homme, un variant hypomorphe du gène <hi rend="italic">GPR40</hi> est associé à une diminution de l’insulinosécrétion en réponse aux acides gras [<ref type="bib" target="#"/>
               <ref type="bibr" target="#R12">12</ref>].</p>
			         <p>Contrairement à leurs effets aigus potentialisateurs de la sécrétion d’insuline en réponse au glucose, à long terme des niveaux élevés d’acides gras inhibent la fonction des cellules β pancréatiques selon l’hypothèse de la glucolipotoxicité [<ref type="bib" target="#"/>
               <ref type="bibr" target="#R13">13</ref>]. Un rôle possible de GPR40 dans la glucolipotoxicité des cellules β a été suggéré par une étude qui a montré que des souris dont le gène <hi rend="italic">gpr40</hi> était invalidé ne développaient pas d’insulinorésistance lorsqu’elles étaient soumises à une diète riche en lipides. Par ailleurs, des souris transgéniques surexprimant le gène <hi rend="italic">gpr40</hi> dans les îlots de Langerhans présentaient des îlots dysmorphiques et dysfonctionnels [<ref type="bib" target="#"/>
               <ref type="bibr" target="#R14">14</ref>]. Plusieurs équipes de recherche, dont la nôtre, n’ont pas confirmé le lien entre GPR40 et les effets délétères des acides gras à long terme. De fait, la majorité des études récentes sont en accord avec le concept que l’hyperinsulinémie induite par les acides gras représente un mécanisme compensatoire face à l’insulinorésistance (voir revue dans [<ref type="bibr" target="#R10">10</ref>]), et que cette réponse est compromise par l’inactivation fonctionnelle de GPR40 [<ref type="bib" target="#"/>
               <ref type="bibr" target="#R15">15</ref>]. Cette notion est corroborée par les effets bénéfiques du traitement par des agonistes de GPR40 sur l’homéostasie glycémique chez les rongeurs [<ref type="bib" target="#"/>
               <ref type="bibr" target="#R16">16</ref>-<ref type="bibr" target="#R19">19</ref>] et, surtout, chez les patients diabétiques [<ref type="bib" target="#"/>
               <ref type="bibr" target="#R20">20</ref>, <ref type="bib" target="#"/>
               <ref type="bibr" target="#R21">21</ref>].</p>
			         <p>Le récepteur GPR40 peut aussi potentialiser la sécrétion d’insuline en réponse au glucose par des mécanismes indirects qui dépendent de la sécrétion des incrétines. Ces hormones, dont le <hi rend="italic">glucose-dependent insulinotropic polypeptide</hi> (GIP), le <hi rend="italic">glucagon-like peptide-1</hi> (GLP-1) et la cholécystokinine (CCK), sont sécrétées par les cellules entéroendocrines en réponse à la prise alimentaire et potentialisent la sécrétion d’insuline. GPR40 est exprimé dans plusieurs types de cellules entéroendocrines et semble impliqué dans la sécrétion des incrétines en réponse aux acides gras [<ref type="bibr" target="#R19">19</ref>, <ref type="bibr" target="#R22">22</ref>, <ref type="bibr" target="#R23">23</ref>]. L’expression de GPR40 dans les cellules α du pancréas est controversée [<ref type="bib" target="#"/>
               <ref type="bibr" target="#R24">24</ref>, <ref type="bib" target="#"/>
               <ref type="bibr" target="#R25">25</ref>], et son rôle dans la sécrétion du glucagon reste à établir de manière concluante [<ref type="bib" target="#"/>
               <ref type="bibr" target="#R26">26</ref>, <ref type="bib" target="#"/>
               <ref type="bibr" target="#R27">27</ref>].</p>
		       </div>
         <div xml:id="S3">
			         <head>GPR120</head>
			         <p>GPR120 est principalement exprimé par les cellules L intestinales et régule l’homéostasie glycémique <hi rend="italic">via</hi> sa capacité à stimuler la sécrétion de GLP-1 et de CCK suite à son activation par des acides gras insaturés [<ref type="bibr" target="#R5">5</ref>, <ref type="bib" target="#"/>
               <ref type="bibr" target="#R28">28</ref>]. Il est également exprimé par les adipocytes et les macrophages, deux types cellulaires qui contribuent à la physiopathologie du DT2. Oh <hi rend="italic">et al.</hi> [<ref type="bibr" target="#R29">29</ref>] ont montré, chez des souris invalidées pour le gène <hi rend="italic">gpr120,</hi> que ce récepteur est responsable des effets anti-inflammatoires et insulinosensibilisants des acides gras oméga-3, DHA et EPA, <hi rend="italic">in vivo</hi>. Ces observations chez la souris sont corroborées par la découverte récente d’une mutation du gène <hi rend="italic">GPR120</hi> associée à une augmentation de 60 % du risque d’obésité chez l’homme [<ref type="bib" target="#"/>
               <ref type="bibr" target="#R30">30</ref>]. L’expression de GPR120 dans les cellules β a été détectée par RT-PCR (<hi rend="italic">reverse transcriptase-polymerase chain reaction</hi>) [<ref type="bib" target="#"/>
               <ref type="bibr" target="#R31">31</ref>], mais son rôle physiologique dans ce type cellulaire est mal connu. Son activation par l’EPA semble avoir un effet anti-apoptotique dans les îlots pancréatiques humains [<ref type="bib" target="#"/>
               <ref type="bibr" target="#R32">32</ref>]. GPR120 est aussi exprimé dans les papilles gustatives et semble jouer un rôle dans la détection et la préférence pour les lipides [<ref type="bib" target="#"/>
               <ref type="bibr" target="#R33">33</ref>].</p>
		       </div>
         <div xml:id="S4">
			         <head>GPR41 et GPR43</head>
			         <p>Les récepteurs GPR41 et GPR43 sont exprimés dans les cellules entéroendocrines et stimulent la sécrétion d’hormones peptidiques comme le GLP-1 et le peptide YY [<ref type="bibr" target="#R34">34</ref>, <ref type="bib" target="#"/>
               <ref type="bibr" target="#R35">35</ref>]. L’activation de ces RCPG par les acides gras à chaîne courte, produits en majorité dans le côlon par fermentation bactérienne, contribue aux effets métaboliques bénéfiques des fibres alimentaires. De plus, GPR43 est exprimé par les polynucléaires neutrophiles et éosinophiles [<ref type="bibr" target="#R7">7</ref>, <ref type="bibr" target="#R36">36</ref>], et les souris dont le gène <hi rend="italic">gpr43</hi> est invalidé ont un profil inflammatoire [<ref type="bibr" target="#R37">37</ref>]. L’expression de GPR43 est aussi détectable dans les adipocytes blancs [<ref type="bib" target="#"/>
               <ref type="bibr" target="#R38">38</ref>], mais celle de GPR41 reste controversée [<ref type="bib" target="#"/>
               <ref type="bibr" target="#R39">39</ref>]. Diverses publications suggèrent que ces récepteurs jouent un rôle dans la régulation de l’adipogenèse [<ref type="bibr" target="#R38">38</ref>], la lipolyse [<ref type="bibr" target="#R40">40</ref>] et la sécrétion de leptine [<ref type="bibr" target="#R39">39</ref>] par les adipocytes. Ximenes <hi rend="italic">et al.</hi> [<ref type="bib" target="#"/>
               <ref type="bibr" target="#R41">41</ref>] ont par ailleurs montré que l’acide propionique, un ligand de GPR41 et GPR43, inhibe la sécrétion d’insuline en réponse au glucose dans les îlots de rats. Des effets similaires ont été observés dans des cellules insulinosécrétrices avec un agoniste mixte de GPR41 et GPR43 [<ref type="bib" target="#"/>
               <ref type="bibr" target="#R42">42</ref>]. Néanmoins, le rôle de ces récepteurs dans les cellules β pancréatiques et, plus généralement, dans la régulation de l’homéostasie énergétique reste à préciser.</p>
		       </div>
         <div xml:id="S5">
			         <head>GPR119</head>
			         <p>GPR119 est principalement exprimé par les cellules β pancréatiques et les cellules entéroendocrines et son activation, par des agonistes endogènes et synthétiques, stimule la sécrétion d’insuline en réponse au glucose [<ref type="bibr" target="#R43">43</ref>]. Dans les cellules entéroendocrines<hi rend="italic">,</hi> GPR119 stimule la sécrétion de GLP-1 et GIP [<ref type="bibr" target="#R43">43</ref>]. Des agonistes de GPR119 administrés par voie orale chez la souris provoquent une augmentation de la sécrétion d’insuline et de GLP-1 et une amélioration de la tolérance au glucose [<ref type="bib" target="#"/>
               <ref type="bibr" target="#R44">44</ref>, <ref type="bib" target="#"/>
               <ref type="bibr" target="#R45">45</ref>]. Ces effets ne sont pas observés chez les souris dont le gène <hi rend="italic">gpr119</hi> a été invalidé. La sécrétion de GLP-1 en réponse aux nutriments est atténuée chez ces souris, suggérant un rôle physiologique de GPR119 dans le contrôle de la sécrétion de GLP-1 en réponse à la prise alimentaire [<ref type="bibr" target="#R46">46</ref>].</p>
		       </div>
         <div xml:id="S6">
			         <head>Voies de signalisation et mode d’action des récepteurs membranaires des acides gras</head>
			         <p>La sécrétion d’insuline est un processus finement régulé qui comprend une voie de couplage majeure et plusieurs voies de potentialisation. La voie de couplage majeure implique les étapes successives suivantes : le transport, la phosphorylation et le métabolisme du glucose, l’augmentation du rapport ATP/ADP intracellulaire, la dépolarisation de la membrane plasmique, l’influx calcique et l’exocytose des granules d’insuline. Les voies de potentialisation modulent cette voie de couplage majeure en réponse aux incrétines, aux agonistes du récepteur muscarinique et aux acides gras. Ainsi, l’ensemble des RCPG qui répondent aux acides gras dans la cellule β modulent la réponse au glucose <hi rend="italic">(<ref type="fig" target="#F1">Figure 1</ref>)</hi> mais, comme les incrétines, sont incapables de déclencher la sécrétion d’insuline en l’absence de glucose. Cette propriété fait de ces RCPG des cibles thérapeutiques intéressantes, puisque leur effet insulinosécrétoire est strictement dépendant du glucose.</p>
				        <p>
					          <figure xml:id="F1">
						            <head type="label">Figure 1.</head>
						
							           <figDesc>
                     <hi rend="bold">
                        <hi rend="italic">Récepteurs membranaires aux acides gras exprimés à la surface des cellules</hi>
                     </hi> β <hi rend="bold">
                        <hi rend="italic">pancréatiques</hi>.</hi> GPR40 et GPR120 sont activés par les acides gras à chaîne moyenne et longue et s’associent à la protéine G<hi rend="subscript">q/11</hi>. GPR41 et GPR43 ont pour ligands les acides gras à chaîne courte ; GPR41 est couplé à la protéine G<hi rend="subscript">i</hi>, alors que GPR43 s’associe à G<hi rend="subscript">i</hi> et G<hi rend="subscript">q/11</hi>. GPR119 lie des dérivés d’acides gras à longue chaîne (oléoyléthanolamide [OEA] et lysophosphatidylcholine [LPC]). Gα<hi rend="subscript">q/11</hi> activée stimule l’hydrolyse du phosphatidylinositol-4,5-biphosphate (PIP<hi rend="subscript">2</hi>), un phospholipide membranaire, par la phospholipase Cβ (PLCβ et stimule la production d’inositol-1,4,5-triphosphate (IP<hi rend="subscript">3</hi>) et de diacylglycérol (DAG). L’IP<hi rend="subscript">3</hi> stimule l’efflux calcique du réticulum endoplasmique (RE) via sa fixation au récepteur IP<hi rend="subscript">3</hi>R, qui provoque l’ouverture de ce canal ionique. Le DAG induit la phosphorylation et l’activation de la protéine kinase D1 (PKD1). À son tour, PKD1 phosphoryle et provoque, via des cibles qui restent à identifier, le remodelage des filaments d’actine et l’amplification de la sécrétion d’insuline. L’activation de la protéine G<hi rend="subscript">s</hi> stimule la production d’AMP cyclique (APMc) via l’activation de l’adénylate cyclase (AC), alors que l’activation de G<hi rend="subscript">i</hi> produit une réponse inverse. L’AMPc et le Ca<hi rend="superscript">2+</hi> agissent de manière coordonnée et complémentaire pour potentialiser la sécrétion d’insuline en réponse au glucose. AG : acides gras. Le point d’interrogation après GPR40 représente l’incertitude de l’importance de la voie IP3/efflux calcique du réticulum endoplasmique dans le rôle de GPR40 sur la potentialisation de la sécrétion d’insuline en réponse au glucose. Le point d’interrogation après PKD1 signifie que les cibles PKD1 en aval de GPR40 restent inconnues. Figure produite grâce à Servier <hi rend="italic">medical art</hi> (<ref type="uri" target="http://www.servier.com/Powerpoint-image-bank">www.servier.com/Powerpoint-image-bank</ref>).</figDesc>
			               <graphic url="medsci2013298-9p715-fig1.tif"/>
				           </figure>
			         </p>
			         <p>GPR40 est couplé à la protéine G hétérotrimerique G<hi rend="subscript">q/11 </hi>[<ref type="bibr" target="#R4">4</ref>]. L’activation de la sous-unité α de cette protéine G stimule la phospholipase Cβ (PLCβ), qui hydrolyse le phosphatidylinositol-4,5-biphosphate pour générer deux seconds messagers : l’inositol triphosphate (IP<hi rend="subscript">3</hi>) et le diacylglycérol (DAG). Le DAG active la protéine kinase C et l’IP<hi rend="subscript">3</hi> stimule l’efflux calcique du réticulum endoplasmique. L’inhibition pharmacologique de Gα<hi rend="subscript">q/11</hi> ou de la PLC bloque la potentialisation de la sécrétion d’insuline en réponse au glucose par les acides gras <hi rend="italic">in vitro</hi>. De plus, la synthèse d’IP<hi rend="subscript">3</hi> dans les îlots de Langerhans en réponse aux acides gras est dépendante de GPR40 [<ref type="bib" target="#"/>
               <ref type="bibr" target="#R47">47</ref>]. Une étude récente dans notre laboratoire a identifié un rôle prépondérant de la voie des DAG en aval de GPR40, et l’activation subséquente de la protéine kinase D1. Cette kinase stimule le remodelage des filaments d’actine et permet ainsi le recrutement des granules d’insuline du cytoplasme vers la membrane plasmique, étape indispensable à l’amplification de la seconde phase de sécrétion d’insuline en réponse au glucose par les acides gras [<ref type="bib" target="#"/>
               <ref type="bibr" target="#R48">48</ref>] <hi rend="italic">(<ref type="fig" target="#F1">Figure 1</ref>)</hi>.</p>
			         <p>GPR120, comme GPR40, est couplé à la protéine G hétérotrimérique G<hi rend="subscript">q/11</hi> 
               <hi rend="italic">(<ref type="fig" target="#F1">Figure 1</ref>)</hi>. Ce mécanisme est responsable de la sécrétion d’incrétines induite par les acides gras insaturés dans les cellules entéroendocrines [<ref type="bibr" target="#R5">5</ref>]. L’activation de GPR120 provoque sa phosphorylation, le recrutement de la β-arrestine 2, sa désensibilisation et son internalisation [<ref type="bib" target="#"/>
               <ref type="bibr" target="#R49">49</ref>]. Cette voie de signalisation de GPR120, <hi rend="italic">via</hi> la β-arrestine 2, est à l’origine des effets anti-inflammatoires du récepteur mentionnés plus haut [<ref type="bibr" target="#R29">29</ref>].</p>
			         <p>Les récepteurs GPR41 et GPR43 sont couplés à la sous-unité Gα<hi rend="subscript">i</hi>, qui provoque une diminution de la concentration intracellulaire d’AMP cyclique (AMPc) [<ref type="bibr" target="#R7">7</ref>, <ref type="bibr" target="#R36">36</ref>] <hi rend="italic">(<ref type="fig" target="#F1">Figure 1</ref>)</hi>. La conséquence fonctionnelle de leur activation devrait donc être une diminution de la sécrétion d’insuline. Ceci reste à démontrer expérimentalement, d’autant que GPR43 peut également s’associer à la sous-unité Gα<hi rend="subscript">q/11</hi> [<ref type="bibr" target="#R7">7</ref>, <ref type="bibr" target="#R36">36</ref>].</p>
			         <p>GPR119 s’associe de manière préférentielle à la sous-unité Gα<hi rend="subscript">s</hi> et son activation augmente donc la synthèse d’AMPc [<ref type="bibr" target="#R9">9</ref>]. Il provoque également une augmentation des niveaux de Ca<hi rend="superscript">2+</hi> intracellulaires en réponse à l’oléoyléthanolamide [<ref type="bib" target="#"/>
               <ref type="bibr" target="#R50">50</ref>]. Le mode d’action de GPR119 est donc similaire à celui du récepteur au GLP-1.</p>
		       </div>
         <div xml:id="S7">
			         <head>Utilisation thérapeutique des récepteurs membranaires des acides gras</head>
			         <p>Depuis leur « déorphelinisation » au début des années 2000, les RCPG activés par les acides gras ont généré beaucoup d’intérêt comme cibles pharmacologiques potentielles pour le traitement des maladies métaboliques. Parmi eux, GPR40 est celui pour lequel le développement d’agonistes est le plus avancé sur le plan clinique. Burant <hi rend="italic">et al.</hi> [<ref type="bibr" target="#R20">20</ref>] ont publié les résultats très encourageants d’une étude randomisée de phase 2 avec l’agoniste de GPR40 TAK-875 (Takeda). Après 12 semaines de traitement, les taux d’hémoglobine glyquée avaient diminué de manière significative (environ 1,2 %) chez les patients traités par le TAK-875, une efficacité similaire à celle observée avec le médicament de référence, la glimépiride. En revanche, l’incidence d’épisodes hypoglycémiques était de 19 % sous glimépiride, mais de 2 % (non significatif par rapport au groupe témoin) sous TAK-875. Bien que l’efficacité et l’innocuité à long terme de cette nouvelle classe thérapeutique restent à démontrer dans des études de phase 3 (qui sont en cours pour TAK-875), les données cliniques préliminaires montrent que ces molécules améliorent la sécrétion d’insuline dans le DT2 sans augmenter le risque d’hypoglycémie. De fait, TAK-875 n’a pas d’effet sur la glycémie des individus non diabétiques [<ref type="bib" target="#"/>
               <ref type="bibr" target="#R51">51</ref>]. Récemment, une autre série d’agonistes de GPR40, incluant AMG-837 et ses dérivés (Amgen), a été proposée [<ref type="bib" target="#"/>
               <ref type="bibr" target="#R18">18</ref>, <ref type="bibr" target="#R19">19</ref>]. Certaines de ces molécules agissent comme des modulateurs allostériques et potentialisent les effets insulinotropes des acides gras [<ref type="bib" target="#"/>
               <ref type="bibr" target="#R52">52</ref>].</p>
			         <p>Des agonistes de GPR119 sont également en cours de développement clinique pour le traitement du DT2 [<ref type="bib" target="#"/>
               <ref type="bibr" target="#R53">53</ref>]. L’intérêt de cibler ce récepteur est qu’il stimule la sécrétion d’insuline de manière directe (<hi rend="italic">via</hi> son effet sur la cellule β) et indirecte (<hi rend="italic">via</hi> la sécrétion de GLP-1) [<ref type="bib" target="#"/>
               <ref type="bibr" target="#R54">54</ref>]. Une étude randomisée testant l’effet de l’agoniste JNJ-38431055 (Johnson &amp; Johnson) administré pendant 14 jours consécutifs à des patients diabétiques de type 2 n’a cependant pas montré d’effet bénéfique sur la glycémie malgré une augmentation des taux postprandiaux d’incrétines [<ref type="bib" target="#"/>
               <ref type="bibr" target="#R55">55</ref>]. L’utilité thérapeutique des agonistes de GPR119 chez l’homme reste donc à démontrer.</p>
			         <p>Enfin, des composés synthétiques ciblant les récepteurs GPR41 et GPR43 sont en phase préclinique de développement [<ref type="bib" target="#"/>
               <ref type="bibr" target="#R56">56</ref>]. La méconnaissance du rôle précis de ces récepteurs et la difficulté de synthétiser des molécules spécifiques pour chacun d’eux demeurent des obstacles majeurs à leur utilisation comme cibles thérapeutiques.</p>
		       </div>
         <div xml:id="S8">
			         <head>Conclusions</head>
			         <p>La « déorphelinisation » des RCPG membranaires activés par les acides gras a mis en évidence le rôle de ces molécules dans la signalisation intracellulaire. GPR40 et GPR119 sont exprimés à la surface des cellules β et leur activation, respectivement par les acides gras à chaîne longue et des dérivés lipidiques, potentialise la sécrétion d’insuline induite par le glucose. Ces deux récepteurs sont également exprimés dans les cellules entéroendocrines et sont impliqués dans la sécrétion d’incrétines en réponse aux acides gras. GPR120 est activé par les acides gras à chaîne longue et semble impliqué dans les effets anti-inflammatoires des acides gras oméga-3 dans le tissu adipeux. Son rôle potentiel dans la cellule β reste à démontrer. Les récepteurs aux acides gras à chaîne courte, GPR41 et GPR43, sont exprimés dans la cellule β, mais leur fonction est à ce jour inconnue. Les résultats prometteurs d’un essai clinique de phase 2 de l’agoniste de GPR40 TAK-875 illustrent le potentiel de cette famille de récepteurs comme cibles thérapeutiques pour le DT2, mais demandent à être confirmés avec d’autres composés et des études à plus long terme. Les résultats cliniques d’agonistes de GPR119 sont en revanche décevants. Une meilleure compréhension de la biologie et de la pharmacologie de ces récepteurs devrait permettre le développement de molécules plus sélectives, efficaces et sûres pour le traitement des maladies métaboliques.</p>
		       </div>
         <div xml:id="S9">
			         <head>Liens d’intérêt</head>
			         <p>
				           <hi rend="italic">V. Poitout déclare participer à des interventions ponctuelles (essais cliniques, conférences, actions de formation) pour l’entreprise Takeda.</hi>
			         </p>
			         <p>
				           <hi rend="italic">A.D. Mancini déclare n’avoir aucun lien d’intérêt concernant les données publiées dans cet article.</hi>
			         </p>
		       </div>
      </body>
      <back>
         <div type="fn-group">
			
            <note place="inline" xml:id="FN3">
                <ref>1</ref>
                <p>Voir le numéro thématique de <hi rend="italic">m/s</hi> d’octobre 2012 consacré aux RCPG, vol. 28, n° 10.</p>
			         </note>
		       </div>
         <div type="references">
            <listBibl>
               <bibl type="journal" xml:id="R1">
					             <persName>
                     <surname>Stein</surname>
                     <forename type="first">DT</forename>
                  </persName>, <persName>
                     <surname>Esser</surname>
                     <forename type="first">V</forename>
                  </persName>, <persName>
                     <surname>Stevenson</surname>
                     <forename type="first">BE</forename>
                  </persName>, <hi rend="italic">et al.</hi> 
                  <title level="a" type="main">Essentiality of circulating fatty acids for glucose-stimulated insulin secretion in the fasted rat</title>. <title level="j">J Clin Invest</title> 
                  <date type="year">1996</date> ; <biblScope unit="vol">97</biblScope> : <biblScope unit="page" from="2728">2728</biblScope>–<biblScope unit="page" to="2735">2735</biblScope>.</bibl>
               <bibl type="journal" xml:id="R2">
					             <persName>
                     <surname>Nolan</surname>
                     <forename type="first">CJ</forename>
                  </persName>, <persName>
                     <surname>Madiraju</surname>
                     <forename type="first">MS</forename>
                  </persName>, <persName>
                     <surname>Delghingaro-Augusto</surname>
                     <forename type="first">V</forename>
                  </persName>, <hi rend="italic">et al.</hi> 
                  <title level="a" type="main">Fatty acid signaling in the {beta}-cell and insulin secretion</title>. <title level="j">Diabetes</title> 
                  <date type="year">2006</date> ; <biblScope unit="vol">55</biblScope> : <biblScope unit="page" from="S16">S16</biblScope>–<biblScope unit="page" to="23">23</biblScope>.</bibl>
               <bibl type="journal" xml:id="R3">
					             <persName>
                     <surname>Briscoe</surname>
                     <forename type="first">CP</forename>
                  </persName>, <persName>
                     <surname>Tadayyon</surname>
                     <forename type="first">M</forename>
                  </persName>, <persName>
                     <surname>Andrews</surname>
                     <forename type="first">JL</forename>
                  </persName>, <hi rend="italic">et al.</hi> 
                  <title level="a" type="main">The orphan G protein-coupled receptor GPR40 is activated by medium and long chain fatty acids</title>. <title level="j">J Biol Chem</title> 
                  <date type="year">2003</date> ; <biblScope unit="vol">278</biblScope> : <biblScope unit="page" from="11303">11303</biblScope>–<biblScope unit="page" to="11311">11311</biblScope>.</bibl>
               <bibl type="journal" xml:id="R4">
					             <persName>
                     <surname>Itoh</surname>
                     <forename type="first">Y</forename>
                  </persName>, <persName>
                     <surname>Kawamata</surname>
                     <forename type="first">Y</forename>
                  </persName>, <persName>
                     <surname>Harada</surname>
                     <forename type="first">M</forename>
                  </persName>, <hi rend="italic">et al.</hi> 
                  <title level="a" type="main">Free fatty acids regulate insulin secretion from pancreatic beta cells through GPR40</title>. <title level="j">Nature</title> 
                  <date type="year">2003</date> ; <biblScope unit="vol">422</biblScope> : <biblScope unit="page" from="173">173</biblScope>–<biblScope unit="page" to="176">176</biblScope>.</bibl>
               <bibl type="journal" xml:id="R5">
					             <persName>
                     <surname>Hirasawa</surname>
                     <forename type="first">A</forename>
                  </persName>, <persName>
                     <surname>Tsumaya</surname>
                     <forename type="first">K</forename>
                  </persName>, <persName>
                     <surname>Awaji</surname>
                     <forename type="first">T</forename>
                  </persName>, <hi rend="italic">et al.</hi> 
                  <title level="a" type="main">Free fatty acids regulate gut incretin glucagon-like peptide-1 secretion through GPR120</title>. <title level="j">Nat Med</title> 
                  <date type="year">2005</date> ; <biblScope unit="vol">11</biblScope> : <biblScope unit="page" from="90">90</biblScope>–<biblScope unit="page" to="94">94</biblScope>.</bibl>
               <bibl type="journal" xml:id="R6">
					             <persName>
                     <surname>Nilsson</surname>
                     <forename type="first">NE</forename>
                  </persName>, <persName>
                     <surname>Kotarsky</surname>
                     <forename type="first">K</forename>
                  </persName>, <persName>
                     <surname>Owman</surname>
                     <forename type="first">C</forename>
                  </persName>, <persName>
                     <surname>Olde</surname>
                     <forename type="first">B</forename>
                  </persName>. <title level="a" type="main">Identification of a free fatty acid receptor, FFA2R, expressed on leukocytes and activated by short-chain fatty acids</title>. <title level="j">Biochem Biophys Res Commun</title> 
                  <date type="year">2003</date> ; <biblScope unit="vol">303</biblScope> : <biblScope unit="page" from="1047">1047</biblScope>–<biblScope unit="page" to="1052">1052</biblScope>.</bibl>
               <bibl type="journal" xml:id="R7">
					             <persName>
                     <surname>Le Poul</surname>
                     <forename type="first">E</forename>
                  </persName>, <persName>
                     <surname>Loison</surname>
                     <forename type="first">C</forename>
                  </persName>, <persName>
                     <surname>Struyf</surname>
                     <forename type="first">S</forename>
                  </persName>, <hi rend="italic">et al.</hi> 
                  <title level="a" type="main">Functional characterization of human receptors for short chain fatty acids and their role in polymorphonuclear cell activation</title>. <title level="j">J Biol Chem</title> 
                  <date type="year">2003</date> ; <biblScope unit="vol">278</biblScope> : <biblScope unit="page" from="25481">25481</biblScope>–<biblScope unit="page" to="25489">25489</biblScope>.</bibl>
               <bibl type="journal" xml:id="R8">
					             <persName>
                     <surname>Wang</surname>
                     <forename type="first">J</forename>
                  </persName>, <persName>
                     <surname>Wu</surname>
                     <forename type="first">X</forename>
                  </persName>, <persName>
                     <surname>Simonavicius</surname>
                     <forename type="first">N</forename>
                  </persName>, <hi rend="italic">et al.</hi> 
                  <title level="a" type="main">Medium-chain fatty acids as ligands for orphan G protein-coupled receptor GPR84</title>. <title level="j">J Biol Chem</title> 
                  <date type="year">2006</date> ; <biblScope unit="vol">281</biblScope> : <biblScope unit="page" from="34457">34457</biblScope>–<biblScope unit="page" to="34464">34464</biblScope>.</bibl>
               <bibl type="journal" xml:id="R9">
					             <persName>
                     <surname>Overton</surname>
                     <forename type="first">HA</forename>
                  </persName>, <persName>
                     <surname>Babbs</surname>
                     <forename type="first">AJ</forename>
                  </persName>, <persName>
                     <surname>Doel</surname>
                     <forename type="first">SM</forename>
                  </persName>, <hi rend="italic">et al.</hi> 
                  <title level="a" type="main">Deorphanization of a G protein-coupled receptor for oleoylethanolamide and its use in the discovery of small-molecule hypophagic agents</title>. <title level="j">Cell Metab</title> 
                  <date type="year">2006</date> ; <biblScope unit="vol">3</biblScope> : <biblScope unit="page" from="167">167</biblScope>–<biblScope unit="page" to="175">175</biblScope>.</bibl>
               <bibl type="journal" xml:id="R10">
					             <persName>
                     <surname>Mancini</surname>
                     <forename type="first">AD</forename>
                  </persName>, <persName>
                     <surname>Poitout</surname>
                     <forename type="first">V</forename>
                  </persName>. <title level="a" type="main">The fatty acid receptor FFA1/GPR40 a decade later : how much do we know?</title> 
                  <title level="j">Trends Endocrinol Metab</title> 
                  <date type="year">2013</date> ; doi : <ref type="uri" target="http://dx.doi.org/10.1016/j.tem.2013.03.003">10.1016/j.tem.2013.03.003</ref>.</bibl>
               <bibl type="journal" xml:id="R11">
					             <persName>
                     <surname>Nagasumi</surname>
                     <forename type="first">K</forename>
                  </persName>, <persName>
                     <surname>Esaki</surname>
                     <forename type="first">R</forename>
                  </persName>, <persName>
                     <surname>Iwachidow</surname>
                     <forename type="first">K</forename>
                  </persName>, <hi rend="italic">et al.</hi> 
                  <title level="a" type="main">Overexpression of GPR40 in pancreatic beta-cells augments glucose-stimulated insulin secretion and improves glucose tolerance in normal and diabetic mice</title>. <title level="j">Diabetes</title> 
                  <date type="year">2009</date> ; <biblScope unit="vol">58</biblScope> : <biblScope unit="page" from="1067">1067</biblScope>–<biblScope unit="page" to="1076">1076</biblScope>.</bibl>
               <bibl type="journal" xml:id="R12">
					             <persName>
                     <surname>Vettor</surname>
                     <forename type="first">R</forename>
                  </persName>, <persName>
                     <surname>Granzotto</surname>
                     <forename type="first">M</forename>
                  </persName>, <persName>
                     <surname>De Stefani</surname>
                     <forename type="first">D</forename>
                  </persName>, <hi rend="italic">et al.</hi> 
                  <title level="a" type="main">Loss-of-function mutation of the GPR40 gene associates with abnormal stimulated insulin secretion by acting on intracellular calcium mobilization</title>. <title level="j">J Clin Endocrinol Metab</title> 
                  <date type="year">2008</date> ; <biblScope unit="vol">93</biblScope> : <biblScope unit="page" from="3541">3541</biblScope>–<biblScope unit="page" to="3550">3550</biblScope>.</bibl>
               <bibl type="journal" xml:id="R13">
					             <persName>
                     <surname>Poitout</surname>
                     <forename type="first">V</forename>
                  </persName>, <persName>
                     <surname>Amyot</surname>
                     <forename type="first">J</forename>
                  </persName>, <persName>
                     <surname>Semache</surname>
                     <forename type="first">M</forename>
                  </persName>, <hi rend="italic">et al.</hi> 
                  <title level="a" type="main">Glucolipotoxicity of the pancreatic beta cell</title>. <title level="j">Biochim Biophys Acta</title> 
                  <date type="year">2010</date> ; <biblScope unit="vol">1801</biblScope> : <biblScope unit="page" from="289">289</biblScope>–<biblScope unit="page" to="298">298</biblScope>.</bibl>
               <bibl type="journal" xml:id="R14">
					             <persName>
                     <surname>Steneberg</surname>
                     <forename type="first">P</forename>
                  </persName>, <persName>
                     <surname>Rubins</surname>
                     <forename type="first">N</forename>
                  </persName>, <persName>
                     <surname>Bartoov-Shifman</surname>
                     <forename type="first">R</forename>
                  </persName>, <hi rend="italic">et al.</hi> 
                  <title level="a" type="main">The FFA receptor GPR40 links hyperinsulinemia, hepatic steatosis, and impaired glucose homeostasis in mouse</title>. <title level="j">Cell Metabol</title> 
                  <date type="year">2005</date> ; <biblScope unit="vol">1</biblScope> : <biblScope unit="page" from="245">245</biblScope>–<biblScope unit="page" to="258">258</biblScope>.</bibl>
               <bibl type="journal" xml:id="R15">
					             <persName>
                     <surname>Alquier</surname>
                     <forename type="first">T</forename>
                  </persName>, <persName>
                     <surname>Poitout</surname>
                     <forename type="first">V</forename>
                  </persName>. <title level="a" type="main">GPR40 : good cop, bad cop?</title> 
                  <title level="j">Diabetes</title> 
                  <date type="year">2009</date> ; <biblScope unit="vol">58</biblScope> : <biblScope unit="page" from="1035">1035</biblScope>–<biblScope unit="page" to="1036">1036</biblScope>.</bibl>
               <bibl type="journal" xml:id="R16">
					             <persName>
                     <surname>Tan</surname>
                     <forename type="first">CP</forename>
                  </persName>, <persName>
                     <surname>Feng</surname>
                     <forename type="first">Y</forename>
                  </persName>, <persName>
                     <surname>Zhou</surname>
                     <forename type="first">YP</forename>
                  </persName>, <hi rend="italic">et al.</hi> 
                  <title level="a" type="main">Selective small-molecule agonists of G protein-coupled receptor 40 promote glucose-dependent insulin secretion and reduce blood glucose in mice</title>. <title level="j">Diabetes</title> 
                  <date type="year">2008</date> ; <biblScope unit="vol">57</biblScope> : <biblScope unit="page" from="2211">2211</biblScope>–<biblScope unit="page" to="2219">2219</biblScope>.</bibl>
               <bibl type="journal" xml:id="R17">
					             <persName>
                     <surname>Tsujihata</surname>
                     <forename type="first">Y</forename>
                  </persName>, <persName>
                     <surname>Ito</surname>
                     <forename type="first">R</forename>
                  </persName>, <persName>
                     <surname>Suzuki</surname>
                     <forename type="first">M</forename>
                  </persName>, <hi rend="italic">et al.</hi> 
                  <title level="a" type="main">TAK-875, an orally available G protein-coupled receptor 40/free fatty acid receptor 1 agonist, enhances glucose-dependent insulin secretion and improves both postprandial and fasting hyperglycemia in type 2 diabetic rats</title>. <title level="j">J Pharmacol Exp Ther</title> 
                  <date type="year">2011</date> ; <biblScope unit="vol">339</biblScope> : <biblScope unit="page" from="228">228</biblScope>–<biblScope unit="page" to="237">237</biblScope>.</bibl>
               <bibl type="journal" xml:id="R18">
					             <persName>
                     <surname>Lin</surname>
                     <forename type="first">DC</forename>
                  </persName>, <persName>
                     <surname>Zhang</surname>
                     <forename type="first">J</forename>
                  </persName>, <persName>
                     <surname>Zhuang</surname>
                     <forename type="first">R</forename>
                  </persName>, <hi rend="italic">et al.</hi> 
                  <title level="a" type="main">AMG 837 : a novel GPR40/FFA1 agonist that enhances insulin secretion and lowers glucose levels in rodents</title>. <title level="j">PLoS One</title> 
                  <date type="year">2011</date> ; <biblScope unit="vol">6</biblScope> : <biblScope unit="page" from="e27270">e27270</biblScope>.</bibl>
               <bibl type="journal" xml:id="R19">
					             <persName>
                     <surname>Luo</surname>
                     <forename type="first">J</forename>
                  </persName>, <persName>
                     <surname>Swaminath</surname>
                     <forename type="first">G</forename>
                  </persName>, <persName>
                     <surname>Brown</surname>
                     <forename type="first">SP</forename>
                  </persName>, <hi rend="italic">et al.</hi> 
                  <title level="a" type="main">A potent class of GPR40 full agonists engages the enteroinsular axis to promote glucose control in rodents</title>. <title level="j">PLoS One</title> 
                  <date type="year">2012</date> ; <biblScope unit="vol">7</biblScope> : <biblScope unit="page" from="e46300">e46300</biblScope>.</bibl>
               <bibl type="journal" xml:id="R20">
					             <persName>
                     <surname>Burant</surname>
                     <forename type="first">CF</forename>
                  </persName>, <persName>
                     <surname>Viswanathan</surname>
                     <forename type="first">P</forename>
                  </persName>, <persName>
                     <surname>Marcinak</surname>
                     <forename type="first">J</forename>
                  </persName>, <hi rend="italic">et al.</hi> 
                  <title level="a" type="main">TAK-875 versus placebo or glimepiride in type 2 diabetes mellitus : a phase 2, randomised, double-blind, placebo-controlled trial</title>. <title level="j">Lancet</title> 
                  <date type="year">2012</date> ; <biblScope unit="vol">379</biblScope> : <biblScope unit="page" from="1403">1403</biblScope>–<biblScope unit="page" to="1411">1411</biblScope>.</bibl>
               <bibl type="journal" xml:id="R21">
					             <persName>
                     <surname>Kaku</surname>
                     <forename type="first">K</forename>
                  </persName>, <persName>
                     <surname>Araki</surname>
                     <forename type="first">T</forename>
                  </persName>, <persName>
                     <surname>Yoshinaka</surname>
                     <forename type="first">R</forename>
                  </persName>. <title level="a" type="main">Randomized, double-Blind, dose-ranging study of TAK-875, a novel GPR40 agonist, in Japanese patients with inadequately controlled type 2 diabetes</title>. <title level="j">Diabetes Care</title> 
                  <date type="year">2013</date> ; <biblScope unit="vol">36</biblScope> : <biblScope unit="page" from="245">245</biblScope>–<biblScope unit="page" to="250">250</biblScope>.</bibl>
               <bibl type="journal" xml:id="R22">
					             <persName>
                     <surname>Liou</surname>
                     <forename type="first">AP</forename>
                  </persName>, <persName>
                     <surname>Lu</surname>
                     <forename type="first">X</forename>
                  </persName>, <persName>
                     <surname>Sei</surname>
                     <forename type="first">Y</forename>
                  </persName>, <hi rend="italic">et al.</hi> 
                  <title level="a" type="main">The G protein-coupled receptor GPR40 directly mediates long chain fatty acid-induced secretion of cholecystokinin</title>. <title level="j">Gastroenterology</title> 
                  <date type="year">2011</date> ; <biblScope unit="vol">140</biblScope> : <biblScope unit="page" from="903">903</biblScope>–<biblScope unit="page" to="912">912</biblScope>.</bibl>
               <bibl type="journal" xml:id="R23">
					             <persName>
                     <surname>Edfalk</surname>
                     <forename type="first">S</forename>
                  </persName>, <persName>
                     <surname>Steneberg</surname>
                     <forename type="first">P</forename>
                  </persName>, <persName>
                     <surname>Edlund</surname>
                     <forename type="first">H</forename>
                  </persName>. <title level="a" type="main">Gpr40 is expressed in enteroendocrine cells and mediates free fatty acid stimulation of incretin secretion</title>. <title level="j">Diabetes</title> 
                  <date type="year">2008</date> ; <biblScope unit="vol">57</biblScope> : <biblScope unit="page" from="2280">2280</biblScope>–<biblScope unit="page" to="2287">2287</biblScope>.</bibl>
               <bibl type="journal" xml:id="R24">
					             <persName>
                     <surname>Flodgren</surname>
                     <forename type="first">E</forename>
                  </persName>, <persName>
                     <surname>Olde</surname>
                     <forename type="first">B</forename>
                  </persName>, <persName>
                     <surname>Meidute-Abaraviciene</surname>
                     <forename type="first">S</forename>
                  </persName>, <hi rend="italic">et al.</hi> 
                  <title level="a" type="main">GPR40 is expressed in glucagon producing cells and affects glucagon secretion</title>. <title level="j">Biochem Biophys Res Commun</title> 
                  <date type="year">2007</date> ; <biblScope unit="vol">354</biblScope> : <biblScope unit="page" from="240">240</biblScope>–<biblScope unit="page" to="245">245</biblScope>.</bibl>
               <bibl type="journal" xml:id="R25">
					             <persName>
                     <surname>Hirasawa</surname>
                     <forename type="first">A</forename>
                  </persName>, <persName>
                     <surname>Itsubo</surname>
                     <forename type="first">C</forename>
                  </persName>, <persName>
                     <surname>Sadakane</surname>
                     <forename type="first">K</forename>
                  </persName>, <hi rend="italic">et al.</hi> 
                  <title level="a" type="main">Production and characterization of a monoclonal antibody against GPR40 (FFAR1; free fatty acid receptor 1)</title>. <title level="j">Biochem Biophys Res Commun</title> 
                  <date type="year">2008</date> ; <biblScope unit="vol">365</biblScope> : <biblScope unit="page" from="22">22</biblScope>–<biblScope unit="page" to="28">28</biblScope>.</bibl>
               <bibl type="journal" xml:id="R26">
					             <persName>
                     <surname>Wang</surname>
                     <forename type="first">L</forename>
                  </persName>, <persName>
                     <surname>Zhao</surname>
                     <forename type="first">Y</forename>
                  </persName>, <persName>
                     <surname>Gui</surname>
                     <forename type="first">B</forename>
                  </persName>, <hi rend="italic">et al.</hi> 
                  <title level="a" type="main">Acute stimulation of glucagon secretion by linoleic acid results from GPR40 activation and [Ca<hi rend="superscript">2+</hi>]i increase in pancreatic islet (alpha)-cells</title>. <title level="j">J Endocrinol</title> 
                  <date type="year">2011</date> ; <biblScope unit="vol">210</biblScope> : <biblScope unit="page" from="173">173</biblScope>–<biblScope unit="page" to="179">179</biblScope>.</bibl>
               <bibl type="journal" xml:id="R27">
					             <persName>
                     <surname>Yashiro</surname>
                     <forename type="first">H</forename>
                  </persName>, <persName>
                     <surname>Tsujihata</surname>
                     <forename type="first">Y</forename>
                  </persName>, <persName>
                     <surname>Takeuchi</surname>
                     <forename type="first">K</forename>
                  </persName>, <hi rend="italic">et al.</hi> 
                  <title level="a" type="main">The effects of TAK-875, a selective G protein-coupled receptor 40/free fatty acid 1 agonist, on insulin and glucagon secretion in isolated rat and human islets</title>. <title level="j">J Pharmacol Exp Ther</title> 
                  <date type="year">2012</date> ; <biblScope unit="vol">340</biblScope> : <biblScope unit="page" from="483">483</biblScope>–<biblScope unit="page" to="489">489</biblScope>.</bibl>
               <bibl type="journal" xml:id="R28">
					             <persName>
                     <surname>Tanaka</surname>
                     <forename type="first">T</forename>
                  </persName>, <persName>
                     <surname>Katsuma</surname>
                     <forename type="first">S</forename>
                  </persName>, <persName>
                     <surname>Adachi</surname>
                     <forename type="first">T</forename>
                  </persName>, <hi rend="italic">et al.</hi> 
                  <title level="a" type="main">Free fatty acids induce cholecystokinin secretion through GPR120</title>. <title level="j">Naunyn-Schmiedeberg’s Arch Pharmacol</title> 
                  <date type="year">2008</date> ; <biblScope unit="vol">377</biblScope> : <biblScope unit="page" from="523">523</biblScope>–<biblScope unit="page" to="527">527</biblScope>.</bibl>
               <bibl type="journal" xml:id="R29">
					             <persName>
                     <surname>Oh da</surname>
                     <forename type="first">Y</forename>
                  </persName>, <persName>
                     <surname>Talukdar</surname>
                     <forename type="first">S</forename>
                  </persName>, <persName>
                     <surname>Bae</surname>
                     <forename type="first">EJ</forename>
                  </persName>, <hi rend="italic">et al.</hi> 
                  <title level="a" type="main">GPR120 is an omega-3 fatty acid receptor mediating potent anti-inflammatory and insulin-sensitizing effects</title>. <title level="j">Cell</title> 
                  <date type="year">2010</date> ; <biblScope unit="vol">142</biblScope> : <biblScope unit="page" from="687">687</biblScope>–<biblScope unit="page" to="698">698</biblScope>.</bibl>
               <bibl type="journal" xml:id="R30">
					             <persName>
                     <surname>Ichimura</surname>
                     <forename type="first">A</forename>
                  </persName>, <persName>
                     <surname>Hirasawa</surname>
                     <forename type="first">A</forename>
                  </persName>, <persName>
                     <surname>Poulain-Godefroy</surname>
                     <forename type="first">O</forename>
                  </persName>, <hi rend="italic">et al.</hi> 
                  <title level="a" type="main">Dysfunction of lipid sensor GPR120 leads to obesity in both mouse and human</title>. <title level="j">Nature</title> 
                  <date type="year">2012</date> ; <biblScope unit="vol">483</biblScope> : <biblScope unit="page" from="350">350</biblScope>–<biblScope unit="page" to="354">354</biblScope>.</bibl>
               <bibl type="journal" xml:id="R31">
					             <persName>
                     <surname>Kebede</surname>
                     <forename type="first">MA</forename>
                  </persName>, <persName>
                     <surname>Alquier</surname>
                     <forename type="first">T</forename>
                  </persName>, <persName>
                     <surname>Latour</surname>
                     <forename type="first">MG</forename>
                  </persName>, <persName>
                     <surname>Poitout</surname>
                     <forename type="first">V</forename>
                  </persName>. <title level="a" type="main">Lipid receptors and islet function : therapeutic implications?</title> 
                  <title level="j">Diabetes Obes Metab</title> 
                  <date type="year">2009</date> ; <biblScope unit="vol">11</biblScope> : <biblScope unit="page" from="10">10</biblScope>–<biblScope unit="page" to="20">20</biblScope>.</bibl>
               <bibl type="journal" xml:id="R32">
					             <persName>
                     <surname>Taneera</surname>
                     <forename type="first">J</forename>
                  </persName>, <persName>
                     <surname>Lang</surname>
                     <forename type="first">S</forename>
                  </persName>, <persName>
                     <surname>Sharma</surname>
                     <forename type="first">A</forename>
                  </persName>, <hi rend="italic">et al.</hi> 
                  <title level="a" type="main">A systems genetics approach identifies genes and pathways for type 2 diabetes in human islets</title>. <title level="j">Cell Metabolism</title> 
                  <date type="year">2012</date> ; <biblScope unit="vol">16</biblScope> : <biblScope unit="page" from="122">122</biblScope>–<biblScope unit="page" to="134">134</biblScope>.</bibl>
               <bibl type="journal" xml:id="R33">
					             <persName>
                     <surname>Martin</surname>
                     <forename type="first">C</forename>
                  </persName>, <persName>
                     <surname>Passilly-Degrace</surname>
                     <forename type="first">P</forename>
                  </persName>, <persName>
                     <surname>Chevrot</surname>
                     <forename type="first">M</forename>
                  </persName>, <hi rend="italic">et al.</hi> 
                  <title level="a" type="main">Lipid-mediated release of GLP-1 by mouse taste buds from circumvallate papillae : putative involvement of GPR120 and impact on taste sensitivity</title>. <title level="j">J Lipid Res</title> 
                  <date type="year">2012</date> ; <biblScope unit="vol">53</biblScope> : <biblScope unit="page" from="2256">2256</biblScope>–<biblScope unit="page" to="2265">2265</biblScope>.</bibl>
               <bibl type="journal" xml:id="R34">
					             <persName>
                     <surname>Kaji</surname>
                     <forename type="first">I</forename>
                  </persName>, <persName>
                     <surname>Karaki</surname>
                     <forename type="first">S</forename>
                  </persName>, <persName>
                     <surname>Tanaka</surname>
                     <forename type="first">R</forename>
                  </persName>, <persName>
                     <surname>Kuwahara</surname>
                     <forename type="first">A</forename>
                  </persName>. <title level="a" type="main">Density distribution of free fatty acid receptor 2 (FFA2)-expressing and GLP-1-producing enteroendocrine L cells in human and rat lower intestine, and increased cell numbers after ingestion of fructo-oligosaccharide</title>. <title level="j">J Mol Histol</title> 
                  <date type="year">2011</date> ; <biblScope unit="vol">42</biblScope> : <biblScope unit="page" from="27">27</biblScope>–<biblScope unit="page" to="38">38</biblScope>.</bibl>
               <bibl type="journal" xml:id="R35">
					             <persName>
                     <surname>Tolhurst</surname>
                     <forename type="first">G</forename>
                  </persName>, <persName>
                     <surname>Heffron</surname>
                     <forename type="first">H</forename>
                  </persName>, <persName>
                     <surname>Lam</surname>
                     <forename type="first">YS</forename>
                  </persName>, <hi rend="italic">et al.</hi> 
                  <title level="a" type="main">Short-chain fatty acids stimulate glucagon-like peptide-1 secretion via the G-protein-coupled receptor FFAR2</title>. <title level="j">Diabetes</title> 
                  <date type="year">2012</date> ; <biblScope unit="vol">61</biblScope> : <biblScope unit="page" from="364">364</biblScope>–<biblScope unit="page" to="371">371</biblScope>.</bibl>
               <bibl type="journal" xml:id="R36">
					             <persName>
                     <surname>Brown</surname>
                     <forename type="first">AJ</forename>
                  </persName>, <persName>
                     <surname>Goldsworthy</surname>
                     <forename type="first">SM</forename>
                  </persName>, <persName>
                     <surname>Barnes</surname>
                     <forename type="first">AA</forename>
                  </persName>, <hi rend="italic">et al.</hi> 
                  <title level="a" type="main">The Orphan G protein-coupled receptors GPR41 and GPR43 are activated by propionate and other short chain carboxylic acids</title>. <title level="j">J Biol Chem</title> 
                  <date type="year">2003</date> ; <biblScope unit="vol">278</biblScope> : <biblScope unit="page" from="11312">11312</biblScope>–<biblScope unit="page" to="11319">11319</biblScope>.</bibl>
               <bibl type="journal" xml:id="R37">
					             <persName>
                     <surname>Maslowski</surname>
                     <forename type="first">KM</forename>
                  </persName>, <persName>
                     <surname>Vieira</surname>
                     <forename type="first">AT</forename>
                  </persName>, <persName>
                     <surname>Ng</surname>
                     <forename type="first">A</forename>
                  </persName>, <hi rend="italic">et al.</hi> 
                  <title level="a" type="main">Regulation of inflammatory responses by gut microbiota and chemoattractant receptor GPR43</title>. <title level="j">Nature</title> 
                  <date type="year">2009</date> ; <biblScope unit="vol">461</biblScope> : <biblScope unit="page" from="1282">1282</biblScope>–<biblScope unit="page" to="1286">1286</biblScope>.</bibl>
               <bibl type="journal" xml:id="R38">
					             <persName>
                     <surname>Hong</surname>
                     <forename type="first">YH</forename>
                  </persName>, <persName>
                     <surname>Nishimura</surname>
                     <forename type="first">Y</forename>
                  </persName>, <persName>
                     <surname>Hishikawa</surname>
                     <forename type="first">D</forename>
                  </persName>, <hi rend="italic">et al.</hi> 
                  <title level="a" type="main">Acetate and propionate short chain fatty acids stimulate adipogenesis via GPCR43</title>. <title level="j">Endocrinology</title> 
                  <date type="year">2005</date> ; <biblScope unit="vol">146</biblScope> : <biblScope unit="page" from="5092">5092</biblScope>–<biblScope unit="page" to="5099">5099</biblScope>.</bibl>
               <bibl type="journal" xml:id="R39">
					             <persName>
                     <surname>Zaibi</surname>
                     <forename type="first">MS</forename>
                  </persName>, <persName>
                     <surname>Stocker</surname>
                     <forename type="first">CJ</forename>
                  </persName>, <persName>
                     <surname>O’Dowd</surname>
                     <forename type="first">J</forename>
                  </persName>, <hi rend="italic">et al.</hi> 
                  <title level="a" type="main">Roles of GPR41 and GPR43 in leptin secretory responses of murine adipocytes to short chain fatty acids</title>. <title level="j">FEBS Lett</title> 
                  <date type="year">2010</date> ; <biblScope unit="vol">584</biblScope> : <biblScope unit="page" from="2381">2381</biblScope>–<biblScope unit="page" to="2386">2386</biblScope>.</bibl>
               <bibl type="journal" xml:id="R40">
					             <persName>
                     <surname>Ge</surname>
                     <forename type="first">H</forename>
                  </persName>, <persName>
                     <surname>Li</surname>
                     <forename type="first">X</forename>
                  </persName>, <persName>
                     <surname>Weiszmann</surname>
                     <forename type="first">J</forename>
                  </persName>, <hi rend="italic">et al.</hi> 
                  <title level="a" type="main">Activation of G protein-coupled receptor 43 in adipocytes leads to inhibition of lipolysis and suppression of plasma free fatty acids</title>. <title level="j">Endocrinology</title> 
                  <date type="year">2008</date> ; <biblScope unit="vol">149</biblScope> : <biblScope unit="page" from="4519">4519</biblScope>–<biblScope unit="page" to="4526">4526</biblScope>.</bibl>
               <bibl type="journal" xml:id="R41">
					             <persName>
                     <surname>Ximenes</surname>
                     <forename type="first">HMA</forename>
                  </persName>, <persName>
                     <surname>Hirata</surname>
                     <forename type="first">AE</forename>
                  </persName>, <persName>
                     <surname>Rocha</surname>
                     <forename type="first">MS</forename>
                  </persName>, <hi rend="italic">et al.</hi> 
                  <title level="a" type="main">Propionate inhibits glucose-induced insulin secretion in isolated rat pancreatic islets</title>. <title level="j">Cell Biochem Funct</title> 
                  <date type="year">2007</date> ; <biblScope unit="vol">25</biblScope> : <biblScope unit="page" from="173">173</biblScope>–<biblScope unit="page" to="178">178</biblScope>.</bibl>
               <bibl type="journal" xml:id="R42">
					             <persName>
                     <surname>Schmidt</surname>
                     <forename type="first">J</forename>
                  </persName>, <persName>
                     <surname>Smith</surname>
                     <forename type="first">NJ</forename>
                  </persName>, <persName>
                     <surname>Christiansen</surname>
                     <forename type="first">E</forename>
                  </persName>, <hi rend="italic">et al.</hi> 
                  <title level="a" type="main">Selective orthosteric free fatty acid receptor 2 (FFA2) agonists : identification of the structural and chemical requirements for selective activation of FFA2 versus FFA3</title>. <title level="j">J Biol Chem</title> 
                  <date type="year">2011</date> ; <biblScope unit="vol">286</biblScope> : <biblScope unit="page" from="10628">10628</biblScope>–<biblScope unit="page" to="10640">10640</biblScope>.</bibl>
               <bibl type="journal" xml:id="R43">
					             <persName>
                     <surname>Chu</surname>
                     <forename type="first">ZL</forename>
                  </persName>, <persName>
                     <surname>Jones</surname>
                     <forename type="first">RM</forename>
                  </persName>, <persName>
                     <surname>He</surname>
                     <forename type="first">H</forename>
                  </persName>, <hi rend="italic">et al.</hi> 
                  <title level="a" type="main">A role for beta-cell-expressed G protein-coupled receptor 119 in glycemic control by enhancing glucose-dependent insulin release</title>. <title level="j">Endocrinology</title> 
                  <date type="year">2007</date> ; <biblScope unit="vol">148</biblScope> : <biblScope unit="page" from="2601">2601</biblScope>–<biblScope unit="page" to="2609">2609</biblScope>.</bibl>
               <bibl type="journal" xml:id="R44">
					             <persName>
                     <surname>Chu</surname>
                     <forename type="first">ZL</forename>
                  </persName>, <persName>
                     <surname>Carroll</surname>
                     <forename type="first">C</forename>
                  </persName>, <persName>
                     <surname>Chen</surname>
                     <forename type="first">R</forename>
                  </persName>, <hi rend="italic">et al.</hi> 
                  <title level="a" type="main">N-oleoyldopamine enhances glucose homeostasis through the activation of GPR119</title>. <title level="j">Mol Endocrinol</title> 
                  <date type="year">2010</date> ; <biblScope unit="vol">24</biblScope> : <biblScope unit="page" from="161">161</biblScope>–<biblScope unit="page" to="170">170</biblScope>.</bibl>
               <bibl type="journal" xml:id="R45">
					             <persName>
                     <surname>Lauffer</surname>
                     <forename type="first">LM</forename>
                  </persName>, <persName>
                     <surname>Iakoubov</surname>
                     <forename type="first">R</forename>
                  </persName>, <persName>
                     <surname>Brubaker</surname>
                     <forename type="first">PL</forename>
                  </persName>. <title level="a" type="main">GPR119 is essential for oleoylethanolamide-induced glucagon-like peptide-1 secretion from the intestinal enteroendocrine L-cell</title>. <title level="j">Diabetes</title> 
                  <date type="year">2009</date> ; <biblScope unit="vol">58</biblScope> : <biblScope unit="page" from="1058">1058</biblScope>–<biblScope unit="page" to="1066">1066</biblScope>.</bibl>
               <bibl type="journal" xml:id="R46">
					             <persName>
                     <surname>Lan</surname>
                     <forename type="first">H</forename>
                  </persName>, <persName>
                     <surname>Vassileva</surname>
                     <forename type="first">G</forename>
                  </persName>, <persName>
                     <surname>Corona</surname>
                     <forename type="first">A</forename>
                  </persName>, <hi rend="italic">et al.</hi> 
                  <title level="a" type="main">GPR119 is required for physiological regulation of glucagon-like peptide-1 secretion but not for metabolic homeostasis</title>. <title level="j">J Endocrinol</title> 
                  <date type="year">2009</date> ; <biblScope unit="vol">201</biblScope> : <biblScope unit="page" from="219">219</biblScope>–<biblScope unit="page" to="230">230</biblScope>.</bibl>
               <bibl type="journal" xml:id="R47">
					             <persName>
                     <surname>Alquier</surname>
                     <forename type="first">T</forename>
                  </persName>, <persName>
                     <surname>Peyot</surname>
                     <forename type="first">ML</forename>
                  </persName>, <persName>
                     <surname>Latour</surname>
                     <forename type="first">MG</forename>
                  </persName>, <hi rend="italic">et al.</hi> 
                  <title level="a" type="main">Deletion of GPR40 impairs glucose-induced insulin secretion in vivo in mice without affecting intracellular fuel metabolism in islets</title>. <title level="j">Diabetes</title> 
                  <date type="year">2009</date> ; <biblScope unit="vol">58</biblScope> : <biblScope unit="page" from="2607">2607</biblScope>–<biblScope unit="page" to="2615">2615</biblScope>.</bibl>
               <bibl type="journal" xml:id="R48">
					             <persName>
                     <surname>Ferdaoussi</surname>
                     <forename type="first">M</forename>
                  </persName>, <persName>
                     <surname>Bergeron</surname>
                     <forename type="first">V</forename>
                  </persName>, <persName>
                     <surname>Zarrouki</surname>
                     <forename type="first">B</forename>
                  </persName>, <hi rend="italic">et al.</hi> 
                  <title level="a" type="main">G protein-coupled receptor (GPR)40-dependent potentiation of insulin secretion in mouse islets is mediated by protein kinase D1</title>. <title level="j">Diabetologia</title> 
                  <date type="year">2012</date> ; <biblScope unit="vol">55</biblScope> : <biblScope unit="page" from="2682">2682</biblScope>–<biblScope unit="page" to="2692">2692</biblScope>.</bibl>
               <bibl type="journal" xml:id="R49">
					             <persName>
                     <surname>Watson</surname>
                     <forename type="first">SJ</forename>
                  </persName>, <persName>
                     <surname>Brown</surname>
                     <forename type="first">AJH</forename>
                  </persName>, <persName>
                     <surname>Holliday</surname>
                     <forename type="first">ND</forename>
                  </persName>. <title level="a" type="main">Differential signaling by splice variants of the human free fatty acid receptor GPR120</title>. <title level="j">Mol Pharmacol</title> 
                  <date type="year">2012</date> ; <biblScope unit="vol">81</biblScope> : <biblScope unit="page" from="631">631</biblScope>–<biblScope unit="page" to="642">642</biblScope>.</bibl>
               <bibl type="journal" xml:id="R50">
					             <persName>
                     <surname>Ning</surname>
                     <forename type="first">Y</forename>
                  </persName>, <persName>
                     <surname>O’Neill</surname>
                     <forename type="first">K</forename>
                  </persName>, <persName>
                     <surname>Lan</surname>
                     <forename type="first">H</forename>
                  </persName>, <hi rend="italic">et al.</hi> 
                  <title level="a" type="main">Endogenous and synthetic agonists of GPR119 differ in signalling pathways and their effects on insulin secretion in MIN6c4 insulinoma cells</title>. <title level="j">Br J Pharmacol</title> 
                  <date type="year">2008</date> ; <biblScope unit="vol">155</biblScope> : <biblScope unit="page" from="1056">1056</biblScope>–<biblScope unit="page" to="1065">1065</biblScope>.</bibl>
               <bibl type="journal" xml:id="R51">
					             <persName>
                     <surname>Naik</surname>
                     <forename type="first">H</forename>
                  </persName>, <persName>
                     <surname>Vakilynejad</surname>
                     <forename type="first">M</forename>
                  </persName>, <persName>
                     <surname>Wu</surname>
                     <forename type="first">J</forename>
                  </persName>, <hi rend="italic">et al.</hi> 
                  <title level="a" type="main">Safety, tolerability, pharmacokinetics, and pharmacodynamic properties of the GPR40 agonist TAK-875 : results from a double-blind, placebo-controlled single oral dose rising study in healthy volunteers</title>. <title level="j">J Clin Pharmacol</title> 
                  <date type="year">2012</date> ; <biblScope unit="vol">52</biblScope> : <biblScope unit="page" from="1007">1007</biblScope>–<biblScope unit="page" to="1016">1016</biblScope>.</bibl>
               <bibl type="journal" xml:id="R52">
					             <persName>
                     <surname>Lin</surname>
                     <forename type="first">DC</forename>
                  </persName>, <persName>
                     <surname>Guo</surname>
                     <forename type="first">Q</forename>
                  </persName>, <persName>
                     <surname>Luo</surname>
                     <forename type="first">J</forename>
                  </persName>, <hi rend="italic">et al.</hi> 
                  <title level="a" type="main">Identification and pharmacological characterization of multiple allosteric binding sites on the free fatty acid 1 receptor</title>. <title level="j">Mol Pharmacol</title> 
                  <date type="year">2012</date> ; <biblScope unit="vol">82</biblScope> : <biblScope unit="page" from="843">843</biblScope>–<biblScope unit="page" to="859">859</biblScope>.</bibl>
               <bibl type="journal" xml:id="R53">
					             <persName>
                     <surname>Ohishi</surname>
                     <forename type="first">T</forename>
                  </persName>, <persName>
                     <surname>Yoshida</surname>
                     <forename type="first">S</forename>
                  </persName>. <title level="a" type="main">The therapeutic potential of GPR119 agonists for type 2 diabetes</title>. <title level="j">Expert Opin Investig Drugs</title> 
                  <date type="year">2012</date> ; <biblScope unit="vol">21</biblScope> : <biblScope unit="page" from="321">321</biblScope>–<biblScope unit="page" to="328">328</biblScope>.</bibl>
               <bibl type="journal" xml:id="R54">
					             <persName>
                     <surname>Lauffer</surname>
                     <forename type="first">L</forename>
                  </persName>, <persName>
                     <surname>Iakoubov</surname>
                     <forename type="first">R</forename>
                  </persName>, <persName>
                     <surname>Brubaker</surname>
                     <forename type="first">PL</forename>
                  </persName>. <title level="a" type="main">GPR119 : Double-dipping for better glycemic control</title>. <title level="j">Endocrinology</title> 
                  <date type="year">2008</date> ; <biblScope unit="vol">149</biblScope> : <biblScope unit="page" from="2035">2035</biblScope>–<biblScope unit="page" to="2037">2037</biblScope>.</bibl>
               <bibl type="journal" xml:id="R55">
					             <persName>
                     <surname>Katz</surname>
                     <forename type="first">LB</forename>
                  </persName>, <persName>
                     <surname>Gambale</surname>
                     <forename type="first">JJ</forename>
                  </persName>, <persName>
                     <surname>Rothenberg</surname>
                     <forename type="first">PL</forename>
                  </persName>, <hi rend="italic">et al.</hi> 
                  <title level="a" type="main">Effects of JNJ-38431055, a novel GPR119 receptor agonist, in randomized, double-blind, placebo-controlled studies in subjects with type 2 diabetes</title>. <title level="j">Diabetes Obes Metab</title> 
                  <date type="year">2012</date> ; <biblScope unit="vol">14</biblScope> : <biblScope unit="page" from="709">709</biblScope>–<biblScope unit="page" to="716">716</biblScope>.</bibl>
               <bibl type="journal" xml:id="R56">
					             <persName>
                     <surname>Ulven</surname>
                     <forename type="first">T.</forename>
                  </persName> 
                  <title level="a" type="main">Short-chain free fatty acid receptors FFA2/GPR43 and FFA3/GPR41 as new potential therapeutic targets</title>. <title level="j">Front Endocrinol</title> 
                  <date type="year">2012</date> ; <biblScope unit="vol">3</biblScope> : <biblScope unit="page" from="111">111</biblScope>.</bibl>
            </listBibl>
         </div>
      </back>
   </text>
</TEI>
