{
  "arkIstex": "ark:/67375/0T8-TTVGVXD7-Q",
  "title": "Breath acetone concentration; biological variability and the influence of diet",
  "abstract": "Previous measurements of acetone concentrations in the exhaled breath of healthy individuals and the small amount of comparable data for individuals suffering from diabetes are briefly reviewed as a prelude to the presentation of new data on the sporadic and wide variations of breath acetone that occur in ostensibly healthy individuals. Data are also presented which show that following a ketogenic diet taken by eight healthy individuals their breath acetone concentrations increased up to five times over the subsequent 6 h. Similarly, the breath acetone increased six and nine times when a low carbohydrate diet was taken by two volunteers and remained high for the several days for which the diet was continued. These new data, together with the previous data, clearly indicate that diet and natural intra-individual biological and diurnal variability result in wide variations in breath acetone concentration. This places an uncertainty in the use of breath acetone alone to monitor blood glucose and glycaemic control, except and unless the individual acts as their own control and is cognizant of the need for dietary control.",
  "language": [
    "eng"
  ],
  "publicationDate": "2011",
  "copyrightDate": "2011",
  "doi": [
    "10.1088/0967-3334/32/8/N01"
  ],
  "ark": [
    "ark:/67375/0T8-TTVGVXD7-Q"
  ],
  "pii": [
    "S0967-3334(11)89903-X"
  ],
  "articleId": [
    "389903"
  ],
  "genre": [
    "article",
    "research-article"
  ],
  "originalGenre": [
    "note",
    "note"
  ],
  "author": [
    {
      "name": "Patrik panl",
      "affiliations": [
        "J Heyrovsk Institute of Physical Chemistry, Academy of Sciences of the Czech Republic, Dolejkova 3, 182 23, Prague 8, Czech Republic",
        "Institute for Science and Technology in Medicine, School of Medicine, Keele University, Thornburrow Drive, Hartshill, Stoke-on-Trent ST4 7QB, UK"
      ]
    },
    {
      "name": "Kseniya Dryahina",
      "affiliations": [
        "J Heyrovsk Institute of Physical Chemistry, Academy of Sciences of the Czech Republic, Dolejkova 3, 182 23, Prague 8, Czech Republic"
      ]
    },
    {
      "name": "Albta Rejkov",
      "affiliations": [
        "J Heyrovsk Institute of Physical Chemistry, Academy of Sciences of the Czech Republic, Dolejkova 3, 182 23, Prague 8, Czech Republic"
      ]
    },
    {
      "name": "Thomas W E Chippendale",
      "affiliations": [
        "Institute for Science and Technology in Medicine, School of Medicine, Keele University, Thornburrow Drive, Hartshill, Stoke-on-Trent ST4 7QB, UK"
      ]
    },
    {
      "name": "David Smith",
      "affiliations": [
        "Institute for Science and Technology in Medicine, School of Medicine, Keele University, Thornburrow Drive, Hartshill, Stoke-on-Trent ST4 7QB, UK"
      ]
    }
  ],
  "subject": [
    {
      "lang": [
        "eng"
      ],
      "value": "acetone"
    },
    {
      "lang": [
        "eng"
      ],
      "value": "breath"
    },
    {
      "lang": [
        "eng"
      ],
      "value": "ketogenic diet"
    },
    {
      "lang": [
        "eng"
      ],
      "value": "glycaemic control"
    },
    {
      "lang": [
        "eng"
      ],
      "value": "SIFT-MS"
    }
  ],
  "pmid": [
    "21725144"
  ],
  "host": {
    "title": "Physiological Measurement",
    "language": [
      "unknown"
    ],
    "issn": [
      "0967-3334"
    ],
    "eissn": [
      "1361-6579"
    ],
    "publisherId": [
      "pm"
    ],
    "volume": "32",
    "issue": "8",
    "pages": {
      "first": "N23",
      "last": "N31",
      "total": "09"
    },
    "genre": [
      "journal"
    ]
  },
  "corpusName": "iop",
  "qualityIndicators": {
    "score": 8.242,
    "pdfWordCount": 4118,
    "pdfCharCount": 23745,
    "pdfVersion": 1.4,
    "pdfPageCount": 9,
    "pdfPageSize": "595 x 842 pts (A4)",
    "refBibsNative": true,
    "abstractWordCount": 177,
    "abstractCharCount": 1135,
    "keywordCount": 5
  },
  "categories": {
    "wos": [
      "1 - science",
      "2 - physiology",
      "2 - engineering, biomedical",
      "2 - biophysics"
    ],
    "scienceMetrix": [
      "1 - applied sciences",
      "2 - engineering",
      "3 - biomedical engineering"
    ],
    "scopus": [
      "1 - Health Sciences",
      "2 - Medicine",
      "3 - Physiology (medical)",
      "1 - Physical Sciences",
      "2 - Engineering",
      "3 - Biomedical Engineering",
      "1 - Life Sciences",
      "2 - Biochemistry, Genetics and Molecular Biology",
      "3 - Physiology",
      "1 - Life Sciences",
      "2 - Biochemistry, Genetics and Molecular Biology",
      "3 - Biophysics"
    ],
    "inist": [
      "1 - sciences appliquees, technologies et medecines",
      "2 - sciences biologiques et medicales",
      "3 - sciences medicales"
    ]
  },
  "keywords": {
    "teeft": [
      "breath acetone",
      "ketogenic",
      "acetone",
      "glucose",
      "breath acetone concentrations",
      "spectrometry",
      "ketogenic diet",
      "blood glucose",
      "wang",
      "healthy individuals",
      "carbohydrate",
      "healthy volunteers",
      "glycaemic control",
      "carbohydrate ketogenic diet",
      "diabetes",
      "ketone bodies",
      "breath analysis",
      "breath concentrations",
      "mass spectrom",
      "subsequent study",
      "healthy controls",
      "limited amount",
      "tube mass spectrometry",
      "carbohydrate diet",
      "biological variability",
      "acetone concentrations",
      "acetoacetic acid",
      "blood stream",
      "narrow distribution",
      "oral cavity",
      "czech republic",
      "tube pressure",
      "several weeks",
      "blood glucose concentration",
      "several hours",
      "prague laboratory",
      "ketogenic meals",
      "open symbols",
      "lled symbols",
      "standard deviations",
      "healthy people",
      "blood acetone",
      "wide variations",
      "carbohydrate intake",
      "normal diet",
      "young adults",
      "human breath",
      "acetone concentration",
      "volunteer"
    ]
  },
  "namedEntities": {
    "unitex": {
      "date": [],
      "geogName": [],
      "orgName": [],
      "orgName_funder": [],
      "orgName_provider": [],
      "persName": [],
      "placeName": [],
      "ref_url": [],
      "ref_bibl": [],
      "bibl": []
    }
  },
  "enrichments": {
    "type": [
      "multicat",
      "nb",
      "teeft",
      "unitex"
    ]
  },
  "refBibs": [
    {
      "title": "Noninvasive detection of lung cancer by analysis of exhaled breath",
      "author": [
        {
          "name": "A Bajtarevic"
        }
      ],
      "host": {
        "title": "BMC Cancer",
        "author": [],
        "volume": "9"
      }
    },
    {
      "title": "Acetone in breath and blood",
      "author": [
        {
          "name": "O B Crofford"
        },
        {
          "name": "R E Mallard"
        },
        {
          "name": "R E Winton"
        },
        {
          "name": "N L Rogers"
        },
        {
          "name": "J C Jackson"
        },
        {
          "name": "U Keller"
        }
      ],
      "host": {
        "title": "Trans. Am. Clin. Climatol. Assoc.",
        "author": [],
        "volume": "88"
      }
    },
    {
      "title": "Determination of acetone in human breath by gas chromatography-mass spectrometry and solid-phase microextraction with on-fiber derivatization",
      "author": [
        {
          "name": "C H Deng"
        },
        {
          "name": "J Zhang"
        },
        {
          "name": "X F Yu"
        },
        {
          "name": "W Zhang"
        },
        {
          "name": "X M Zhang"
        }
      ],
      "host": {
        "title": "J. Chromatogr.",
        "author": [],
        "volume": "810"
      }
    },
    {
      "title": "Rapid determination of acetone in human plasma by gas chromatography-mass spectrometry and solid-phase microextraction with on-fiber derivatization",
      "author": [
        {
          "name": "C H Deng"
        },
        {
          "name": "W Zhang"
        },
        {
          "name": "J Zhang"
        },
        {
          "name": "X M Zhang"
        }
      ],
      "host": {
        "title": "J. Chromatogr.",
        "author": [],
        "volume": "805"
      }
    },
    {
      "title": "Accurate, reproducible measurement of acetone concentration in breath using selected ion flow tube-mass spectrometry",
      "author": [
        {
          "name": "J F Dummer"
        },
        {
          "name": "M K Storer"
        },
        {
          "name": "W P Hu"
        },
        {
          "name": "M P Swanney"
        },
        {
          "name": "G J Milne"
        },
        {
          "name": "C M Frampton"
        },
        {
          "name": "J M Scotter"
        },
        {
          "name": "G K Prisk"
        },
        {
          "name": "M J Epton"
        }
      ],
      "host": {
        "title": "J. Breath Res.",
        "author": [],
        "volume": "4"
      }
    },
    {
      "title": "Acetone in the breath; a study of acetone exhalation in diabetic and nondiabetic human subjects",
      "author": [
        {
          "name": "M J Henderson"
        },
        {
          "name": "B A Karger"
        },
        {
          "name": "G A Wren Shall"
        }
      ],
      "host": {
        "title": "Diabetes",
        "author": [],
        "volume": "1"
      }
    },
    {
      "title": "On the mammalian acetone metabolism: from chemistry to clinical implications",
      "author": [
        {
          "name": "M P Kalapos"
        }
      ],
      "host": {
        "title": "Biochim. Biophys. Acta",
        "author": [],
        "volume": "1621"
      }
    },
    {
      "title": "Dynamic profiles of volatile organic compounds in exhaled breath as determined by a coupled PTR-MS/GC-MS study",
      "author": [
        {
          "name": "J King"
        },
        {
          "name": "P Mochalski"
        },
        {
          "name": "A Kupferthaler"
        },
        {
          "name": "K Unterkofler"
        },
        {
          "name": "H Koc"
        },
        {
          "name": "W Filipiak"
        },
        {
          "name": "S Teschl"
        },
        {
          "name": "H Hinterhuber"
        },
        {
          "name": "A Amann"
        }
      ],
      "host": {
        "title": "Physiol. Meas.",
        "author": [],
        "volume": "31"
      }
    },
    {
      "title": "Ketone bodies: a review of physiology, pathophysiology and application of monitoring to diabetes",
      "author": [
        {
          "name": "L Laffel"
        }
      ],
      "host": {
        "title": "Diabetes Metab. Res. Rev.",
        "author": [],
        "volume": "15"
      }
    },
    {
      "title": "The effects of a low-carbohydrate ketogenic diet and a low-fat diet on mood, hunger, and other self-reported symptoms",
      "author": [
        {
          "name": "F J McClernon"
        },
        {
          "name": "W S Yancy"
        },
        {
          "name": "J A Eberstein"
        },
        {
          "name": "R C Atkins"
        },
        {
          "name": "E C Westman"
        }
      ],
      "host": {
        "title": "Obesity",
        "author": [],
        "volume": "15"
      }
    },
    {
      "title": "Diagnostic potential of breath analysisfocus on volatile organic compounds",
      "author": [
        {
          "name": "W Miekisch"
        },
        {
          "name": "J K Schubert"
        },
        {
          "name": "G F E Noeldge-Schomburg"
        }
      ],
      "host": {
        "title": "Clin. Chim. Acta",
        "author": [],
        "volume": "347"
      }
    },
    {
      "title": "Breath acetone is a reliable indicator of ketosis in adults consuming ketogenic meals",
      "author": [
        {
          "name": "K Musa-Veloso"
        },
        {
          "name": "S S Likhodii"
        },
        {
          "name": "S C Cunnane"
        }
      ],
      "host": {
        "title": "Am. J. Clin. Nutr.",
        "author": [],
        "volume": "76"
      }
    },
    {
      "title": "Exhaled isoprene and acetone in newborn infants and in children with diabetes mellitus",
      "author": [
        {
          "name": "N Nelson"
        },
        {
          "name": "V Lagesson"
        },
        {
          "name": "A R Nosratabadi"
        },
        {
          "name": "J Ludvigsson"
        },
        {
          "name": "C Tagesson"
        }
      ],
      "host": {
        "title": "Pediatr. Res.",
        "author": [],
        "volume": "44"
      }
    },
    {
      "title": "Development of a protocol to measure volatile organic compounds in human breath: a comparison of rebreathing and on-line single exhalations using proton transfer reaction mass spectrometry",
      "author": [
        {
          "name": "M E OHara"
        },
        {
          "name": "S OHehir"
        },
        {
          "name": "S Green"
        },
        {
          "name": "C A Mayhew"
        }
      ],
      "host": {
        "title": "Physiol. Meas.",
        "author": [],
        "volume": "29"
      }
    },
    {
      "title": "Si:WO3 sensors for highly selective detection of acetone for easy diagnosis of diabetes by breath analysis",
      "author": [
        {
          "name": "M Righettoni"
        },
        {
          "name": "A Tricoli"
        },
        {
          "name": "S E Pratsinis"
        }
      ],
      "host": {
        "title": "Anal. Chem.",
        "author": [],
        "volume": "82"
      }
    },
    {
      "title": "Thermally stable, silica-doped epsilon-WO3 for sensing of acetone in the human breath",
      "author": [
        {
          "name": "M Righettoni"
        },
        {
          "name": "A Tricoli"
        },
        {
          "name": "S E Pratsinis"
        }
      ],
      "host": {
        "title": "Chem. Mater.",
        "author": [],
        "volume": "22"
      }
    },
    {
      "title": "Ionic diffusion and mass discrimination effects in the new generation of short flow tube SIFT-MS instruments",
      "author": [
        {
          "name": "D Smith"
        },
        {
          "name": "A Pysanenko"
        },
        {
          "name": "P panl"
        }
      ],
      "host": {
        "title": "Int. J. Mass Spectrom.",
        "author": [],
        "volume": "281"
      }
    },
    {
      "title": "Selected ion flow tube mass spectrometry (SIFT-MS) for on-line trace gas analysis",
      "author": [
        {
          "name": "D Smith"
        },
        {
          "name": "P panl"
        }
      ],
      "host": {
        "title": "Mass Spectrom. Rev.",
        "author": [],
        "volume": "24"
      }
    },
    {
      "title": "Trace gases in breath of healthy volunteers when fasting and after a protein-calorie meal: a preliminary study",
      "author": [
        {
          "name": "D Smith"
        },
        {
          "name": "P panl"
        },
        {
          "name": "S Davies"
        }
      ],
      "host": {
        "title": "J. Appl. Physiol.",
        "author": [],
        "volume": "87"
      }
    },
    {
      "title": "Can volatile compounds in exhaled breath be used to monitor glycaemic control in diabetes mellitus",
      "author": [
        {
          "name": "D Smith"
        },
        {
          "name": "P panl"
        },
        {
          "name": "A A Fryer"
        },
        {
          "name": "F Hanna"
        },
        {
          "name": "G A A Ferns"
        }
      ],
      "host": {
        "title": "J. Breath Res.",
        "author": [],
        "volume": "5"
      }
    },
    {
      "title": "A general method for the calculation of absolute trace gas concentrations in air and breath from selected ion flow tube mass spectrometry data",
      "author": [
        {
          "name": "P panl"
        },
        {
          "name": "K Dryahina"
        },
        {
          "name": "D Smith"
        }
      ],
      "host": {
        "title": "Int. J. Mass Spectrom.",
        "author": [],
        "volume": "249"
      }
    },
    {
      "title": "Acetone, ammonia and hydrogen cyanide in exhaled breath of several volunteers aged 483 years",
      "author": [
        {
          "name": "P panl"
        },
        {
          "name": "K Dryahina"
        },
        {
          "name": "D Smith"
        }
      ],
      "host": {
        "title": "J. Breath Res.",
        "author": [],
        "volume": "1"
      }
    },
    {
      "title": "The concentration distributions of some metabolites in the exhaled breath of young adults",
      "author": [
        {
          "name": "P panl"
        },
        {
          "name": "K Dryahina"
        },
        {
          "name": "D Smith"
        }
      ],
      "host": {
        "title": "J. Breath Res.",
        "author": [],
        "volume": "1"
      }
    },
    {
      "title": "Progress in SIFT-MS; breath analysis and other applications",
      "author": [
        {
          "name": "P panl"
        },
        {
          "name": "D Smith"
        }
      ],
      "host": {
        "title": "Mass Spectrom. Rev.",
        "author": [],
        "volume": "30"
      }
    },
    {
      "title": "Breath-acetone and blood-sugar measurements in diabetes",
      "author": [
        {
          "name": "C N Tassopou"
        },
        {
          "name": "D Barnett"
        },
        {
          "name": "T R Fraser"
        }
      ],
      "host": {
        "title": "Lancet",
        "author": [],
        "volume": "1"
      }
    },
    {
      "title": "Potential of breath and skin analysis for monitoring blood glucose concentration in diabetes",
      "author": [
        {
          "name": "C Turner"
        }
      ],
      "host": {
        "title": "Expert Rev. Mol. Diagn.",
        "author": [],
        "volume": "11"
      }
    },
    {
      "title": "A longitudinal study of ammonia, acetone and propanol in the exhaled breath of 30 subjects using selected ion flow tube mass spectrometry, SIFT-MS",
      "author": [
        {
          "name": "C Turner"
        },
        {
          "name": "P panl"
        },
        {
          "name": "D Smith"
        }
      ],
      "host": {
        "title": "Physiol. Meas.",
        "author": [],
        "volume": "27"
      }
    },
    {
      "title": "Breath acetone concentration decreases with blood glucose concentration in type I diabetes mellitus patients during hypoglycaemic clamps",
      "author": [
        {
          "name": "C Turner"
        },
        {
          "name": "C Walton"
        },
        {
          "name": "S Hoashi"
        },
        {
          "name": "M Evans"
        }
      ],
      "host": {
        "title": "J. Breath Res.",
        "author": [],
        "volume": "3"
      }
    },
    {
      "title": "A study on breath acetone in diabetic patients using a cavity ringdown breath analyzer: exploring correlations of breath acetone with blood glucose and glycohemoglobin A1C",
      "author": [
        {
          "name": "C J Wang"
        },
        {
          "name": "A Mbi"
        },
        {
          "name": "M Shepherd"
        }
      ],
      "host": {
        "title": "IEEE Sensors J.",
        "author": [],
        "volume": "10"
      }
    },
    {
      "title": "Analysis of breath, exhaled via the mouth and nose, and the air in the oral cavity",
      "author": [
        {
          "name": "T Wang"
        },
        {
          "name": "A Pysanenko"
        },
        {
          "name": "K Dryahina"
        },
        {
          "name": "P panl"
        },
        {
          "name": "D Smith"
        }
      ],
      "host": {
        "title": "J. Breath Res.",
        "author": [],
        "volume": "2"
      }
    },
    {
      "title": "Selected ion flow tube mass spectrometry of 3-hydroxybutyric acid, acetone and other ketones in the headspace of aqueous solution and urine",
      "author": [
        {
          "name": "T Wang"
        },
        {
          "name": "P panl"
        },
        {
          "name": "D Smith"
        }
      ],
      "host": {
        "title": "Int. J. Mass Spectrom.",
        "author": [],
        "volume": "272"
      }
    }
  ],
  "fulltext": "IOP PUBLISHING  PHYSIOLOGICAL MEASUREMENT  Physiol. Meas. 32 (2011) N23–N31  doi:10.1088/0967-3334/32/8/N01  NOTE  Breath acetone concentration; biological variability and the inﬂuence of diet ˇ Patrik Spanˇ l1,2 , Kseniya Dryahina1 , Alˇ bˇ ta Rejˇkov´ 1 , e z e s a Thomas W E Chippendale2 and David Smith2 1 J Heyrovsk´ Institute of Physical Chemistry, Academy of Sciences of the Czech Republic, y Dolejˇkova 3, 182 23, Prague 8, Czech Republic s 2 Institute for Science and Technology in Medicine, School of Medicine, Keele University, Thornburrow Drive, Hartshill, Stoke-on-Trent ST4 7QB, UK  Received 5 April 2011, accepted for publication 3 June 2011 Published 1 July 2011 Online at stacks.iop.org/PM/32/N23 Abstract Previous measurements of acetone concentrations in the exhaled breath of healthy individuals and the small amount of comparable data for individuals suffering from diabetes are brieﬂy reviewed as a prelude to the presentation of new data on the sporadic and wide variations of breath acetone that occur in ostensibly healthy individuals. Data are also presented which show that following a ketogenic diet taken by eight healthy individuals their breath acetone concentrations increased up to ﬁve times over the subsequent 6 h. Similarly, the breath acetone increased six and nine times when a low carbohydrate diet was taken by two volunteers and remained high for the several days for which the diet was continued. These new data, together with the previous data, clearly indicate that diet and natural intra-individual biological and diurnal variability result in wide variations in breath acetone concentration. This places an uncertainty in the use of breath acetone alone to monitor blood glucose and glycaemic control, except and unless the individual acts as their own control and is cognizant of the need for dietary control. Keywords: acetone, breath, ketogenic diet, glycaemic control, SIFT-MS  1. Introduction The simple ketone, acetone, is present in the breath of all human beings and most mammals (Kalapos 2003). It is the most abundant of the so-called ketone bodies, the others being beta-hydroxybutyric acid and acetoacetic acid, these generally being considered as products of lipolysis (Laffel 1999). Acetone is very volatile and is readily released into the gas phase from blood and urine, whereas the other two ketone bodies are less volatile and largely exist in 0967-3334/11/080023+09$33.00  © 2011 Institute of Physics and Engineering in Medicine  Printed in the UK  N23  N24  Note  the blood stream as ions. However, beta-hydroxybutyric acid has been detected above urine, but acetoacetic acid is unstable against dissociation in the gas phase (Wang et al 2008b). Because of its relatively high concentration in the blood stream and its volatility, acetone is readily detected in exhaled breath and numerous measurements of it have been made using a variety of techniques, as previously reported in Physiol. Meas. (Turner et al 2006, O’Hara et al 2008, King et al 2010) and reviewed in other journals (Dummer et al 2010, Miekisch et al 2004, Bajtarevic et al 2009). Blood acetone, and hence breath acetone concentrations, may be elevated in patients with diabetes, but this depends on many other factors, including duration of fasting, dextrose concentrations, degree of insulin resistance and the extent of activation of lipolysis, and so it is now well understood that high acetone concentrations alone cannot be taken as indicative of diabetes (Henderson et al 1952, Crofford et al 1977, Tassopou et al 1969, Smith et al 2011). A very recent discourse on the relevance of breath acetone to diabetes monitoring has been published (Turner 2011). However, as a result of a misunderstanding of the true clinical implications, it is often assumed in the current literature in the ﬁeld of sensor development for breath analysis that the detection of elevated breath acetone can be used to diagnose type-1 or even type-2 diabetes (Deng et al 2004a, 2004b), but there is little evidence to support this. Yet this notion persists and is being propagated in the literature thus stimulating considerable technological efforts to produce a simple (hand-held) sensor for breath acetone measurements (see, for example, Righettoni et al 2010a, 2010b). The objective of this note is to present further experimental evidence that there are a number of confounding factors that considerably inﬂuence the concentration of breath acetone even in the healthy population. 1.1. Summary of the previous SIFT-MS measurements of acetone in exhaled breath The inﬂuence of fasting/feeding on breath concentrations of acetone was the subject of an early selected ion ﬂow tube mass spectrometry (SIFT-MS) pilot study in which the exhaled breath of six healthy volunteers was analysed for several trace metabolites, including acetone, in the morning following overnight fasting after which each volunteer ingested a protein- or a carbohydrate-based meal. This early pilot study showed that the initial relatively high levels of breath acetone in all six volunteers decreased postprandial reaching their nadir after about ˇ 5 h (Smith et al 1999, Smith and Spanˇ l 2005). In a subsequent SIFT-MS study, the volatile e compounds in the exhaled breath of 30 volunteers (19 males, 11 females) were analysed over a 6 month period. The inter-individual breath acetone concentration distribution was seen to be close to log normal, the geometric mean acetone concentration was 477 ppb (with a geometrical standard deviation, GSD, of 1.58), the mean values ranging from 148 to 2744 ppb for this cohort of healthy individuals (Turner et al 2006). The inﬂuence of calorie intake was also studied by feeding some of the volunteers with Lucozade, when the measured blood sugar increased and the breath acetone concentrations decreased. These collected studies leave little doubt that fasting/feeding does result in variations in breath acetone concentrations. More recently, intra-individual distributions for the acetone breath concentrations of several healthy individuals have been published that show log normal distributions with similar median concentrations and with intra-individual GSD values ranging from 1.2 (a narrow distribution) to 1.7 (a wider distribution) (Wang et al 2008a). We demonstrate later, with some new data, that such differences are not unusual. In this same study (Wang et al 2008a) it was shown that breath acetone is almost entirely systemic in origin, unlike some other breath compounds such as ammonia and ethanol that are most efﬁciently generated in the oral cavity by bacterial/enzymatic action. Two SIFT-MS studies have been carried out that explore the ˇ dependence of breath acetone with age (Spanˇ l et al 2007a, 2007b). It was found that the e  Note  N25  distributions are still log normal for the different age cohorts, but there is a signiﬁcant increase in the mean breath acetone in the young (4 to 18 years) as compared to those in adults (20– 60 years). These results were later conﬁrmed and extended by an independent proton transfer reaction mass spectrometry (PTR-MS) study using a larger population of 243 adult volunteers and 44 children aged 5–11 years (Bajtarevic et al 2009).  1.2. Breath acetone in diabetes Investigations of the concentrations of acetone in the breath of patients with diabetes compared to the breath of healthy controls have been inconclusive. An early study showed that the acetone levels in the breath of a cohort of children with type-I diabetes in the age range 8–19 years were somewhat higher than those in the breath of a cohort of age-matched healthy controls (Nelson et al 1998), although the ranges clearly overlapped. Somewhat surprisingly, a subsequent study apparently showed that all patients included in a group of patients with type-2 diabetes had breath acetone concentrations greater than 1760 ppb, whereas the healthy controls all had breath acetone concentrations lower than 800 ppb (Deng et al 2004a). The latter results are ˇ in major conﬂict with the observation in the subsequent SIFT-MS study (Spanˇ l et al 2007a) e where no signiﬁcant increase was observed in any of the type-2 diabetes volunteers included in the study. Clearly, it cannot be said with conﬁdence at the current state of experimental knowledge that breath acetone alone can be used as an indicator of glycaemic status (Smith et al 2011). The results of a recent study, in which breath acetone in eight patients with type-1 diabetes was studied using the glucose clamp technique (Turner et al 2009), are surprising. A positive correlation between breath acetone and blood glucose was reported and the range of breath acetone varied widely between patients. Similarly, in another study, the breath of 34 patients with type-1 diabetes was analysed for acetone and the data obtained suggested linear relationships between blood glucose, haemoglobin A1C and breath acetone (Wang et al 2010). These trends are contrary to expectation born of studies of the blood glucose/breath acetone of healthy individuals, emphasizing again the complexity of the diabetic condition. Clearly, there is a need for more research before breath acetone detectors can be promoted as diagnostic tools for diabetes.  2. Methods ˇ ˇ SIFT-MS (Smith and Spanˇ l 2005, Spanˇ l and Smith 2011) was used to directly analyse e e exhaled breath on-line without any sample collection and storage. Two SIFT-MS instruments were used (in Prague a Proﬁle 3 manufactured by Instrument Science Limited, Crewe, UK and at Keele a SIFT-MS instrument manufactured by Trans Spectra Limited, Newcastle-underLyme, UK). In both instruments the ﬂow rate of sampled air was conﬁgured such that the ﬂow tube pressure in the absence of helium carrier gas was 0.1 Torr and then the analyses were carried out at a total ﬂow tube pressure (sample gas plus carrier gas) of about 1 Torr. The accuracy of the absolute measurement of acetone concentrations calculated from the SIFTˇ MS data (Spanˇ l et al 2006) was validated previously using standard mixtures (Smith et al e 2009). All volunteers were informed about the purpose of the study and provided informed consent. Each breath acetone measurement was taken as the mean value from three consecutive exhalations and the concentration of water vapour in exhaled air was used as an indicator of ˇ ˇ the sample quality (Spanˇ l and Smith 2011, Spanˇ l et al 2006). e e  N26  Note  3. Results and discussion 3.1. An example of marked differences in intra-individual variations of breath acetone In order to demonstrate that there can be signiﬁcant differences between individuals with respect to the biological variability of breath acetone concentrations, we have analysed the exhaled breath of two healthy volunteers in our Keele laboratory over a period of several weeks during the post-breakfast morning period. The very different distributions for two male individuals are shown in ﬁgures 1(a) and (b). Note the narrow distribution for volunteer A (male, age 70 years; body mass index (BMI) 25) and the much wider and erratic distribution for volunteer B (male, age 25 years; BMI 23). Given that neither individual had no reason to believe that their diet might have caused dramatic ﬂuctuations in their levels of blood glucose, the results leave little conﬁdence that breath acetone alone can be used as an indicator of blood glucose concentration, although it must be said that blood glucose was not measured in this limited study. Data are presented below that indicate the powerful inﬂuence of diet and the change from carbohydrate metabolism to lipid (fat) metabolism. These data have been scrutinized for any diurnal variations. As can be seen in ﬁgure 1(c), for volunteer A, there is a slow but steady increase in the breath acetone with time over several hours from the earliest measurements at 8:00 am. This is due to a change in metabolism from predominantly utilizing the readily available carbohydrates consumed for breakfast into that utilizing energy stored in the lipids. However, the data for volunteer B is so highly variable that any systematic trend in the acetone is indiscernible. It might be tempting to deduce that these data for volunteer B are symptomatic of an underlying metabolic disorder, perhaps latent diabetes but, obviously, to substantiate this requires much more clinical evidence and any diagnosis on the basis of a breath test alone would clearly be unjustiﬁed. 3.2. Variability in individual changes in breath acetone due to a 6 h ketogenic diet A more dramatic example of the inﬂuence of food on breath acetone is revealed by the experiment described below involving the ingestion of a ketogenic diet by several healthy subjects in the Prague laboratory. The background to this study is the work of Musa-Veloso et al (2002) who investigated the efﬁcacy of breath acetone as an indicator of ketosis in adults consuming ketogenic meals (often used therapeutically to treat intractable seizures). They found that plasma acetoacetate and beta-hydroxybutyrate (see the introduction) were strongly correlated with breath acetone (R2 = 0.7, P < 0.0001 and R2 = 0.54, P = 0.004) and concluded that breath acetone is just as good a predictor of ketosis as are the urinary ketone bodies. Thus, it was concluded that breath acetone analysis can be used as an indicator of ketosis in epilepsy patients consuming a ketogenic diet, and may be useful for understanding the mechanistic aspects of the diet, elucidating the importance of ketosis in seizure protection, and ultimately, enhancing the efﬁcacy of the diet by improving patient monitoring. Following this precedence, a simple SIFT-MS experiment was carried out in our Prague laboratory to study the kinetics of acetone production induced by a simple ketogenic diet and its variation with the body composition. Thus, eight healthy volunteers (C to J) were recruited, three males and four females, ranging in age from 18 to 42 years and BMI values ranging from 24 to 32. The baseline values of breath acetone concentrations were measured in the afternoon/early evening before the main experiment using SIFT-MS. After an overnight fast (no breakfast) the breath acetone concentrations were measured again for each volunteer. Then a ketogenic diet was started (using a similar protocol as used in (Musa-Veloso et al 2002)) involving consumption every 3 h of a dose of 125 g of whipping cream, calculated on the basis of the typical dietary energy requirement. Simple dairy whipping cream was  Note  N27 16  (a)  14  Volunteer A Mean = 329 ppb SD 89 ppb Median = 318 ppb N = 32  Frequency  12 10 8 6 4 2 0 500  0  1000  1500  2000  2500  3000  3500  4000  Breath acetone (ppb) 8  (b)  7  Volunteer B Mean = 1130 ppb SD 763 ppb Median = 803 ppb N = 32  Frequency  6 5 4 3 2 1 0 0  500  1000  1500 2000 2500 Breath acetone (ppb)  3000  3500  4000  4500 4000  Diurnal change in breath acetone  (c)  Breath acetone (ppb)  3500 3000 2500 2000 1500  y = 37x + 220 2  R = 0.35  1000 500 0 8:00  9:00  10:00  11:00  12:00  13:00  14:00  15:00  16:00  Time of day  Figure 1. The histograms in (a) and (b) are the intra-individual distributions of exhaled breath acetone as measured by SIFT-MS (given in parts-per-billion, ppb) for volunteers A and B over a period of several weeks during the post-breakfast morning periods. (c) Dependence of the exhaled breath acetone concentrations on the time of day at which the breath was analysed, for the same volunteers (A, open symbols; B, ﬁlled symbols). The mean values and their standard deviations, SD, and the median values are given in ppb.  N28  Note 3000  F  acetone 2500  ppb  2000  G,H,I 1500  D C,E,J  1000 500 0 12:00  16:00  8:00 12:00 time of day  16:00  Figure 2. The concentrations of acetone (in parts-per-billion, ppb) in the exhaled breath of eight healthy volunteers plotted against the time of day, ﬁrstly for several hours during the day before the ketogenic meal investigation, and then the following day during the course of the ketogenic diet (initiated at 8:00 am).  used (produced by the Kunin dairy, Prague, 33% fat) without protein supplement. Then the breath of each volunteer was analysed regularly by direct exhalation at the entry port of the SIFT-MS instrument, a simple procedure made possible due to the high sample throughput of the instrument. The average of three exhalations was taken at each sampling time and the time of day was recorded automatically. The order of sampling of the individuals remained the same throughout the total sampling period of about 7 h, sampling each individual every hour. The results of this study are plotted in ﬁgure 2 as the concentration of acetone in the breath of all eight volunteers against the real time of day. The fractional increase of breath acetone with time for all eight individuals is remarkable, being about a factor of 3 in all cases. Note that the curves essentially track each other with no overlaps and the higher the starting level of acetone the greater is the absolute increase. The actual concentrations range from about 200 ppb to about 2700 ppb, which nevertheless still remain within the wide range for healthy people on normal diets (Turner et al 2006), as noted in section 1.1. Within this limited amount of data there is no obvious relation between the fasting acetone level and its increase and the BMI. 3.3. Response of breath acetone to the initial 2 week period of a low carbohydrate ketogenic diet The low carbohydrate ketogenic diet described and investigated in (McClernon et al 2007) is commonly known as the Atkins diet. In order to assess what effects might be observed in healthy subjects if they follow this diet or a similar low carbohydrate nutritional approach, a preliminary experiment was carried out using SIFT-MS to measure breath acetone. Two female volunteers (C: age 28 years, BMI 26. D: age 30 years; BMI 24) followed the requirements of a low carbohydrate ketogenic diet for 12 days. In essence, this consists in limiting carbohydrate intake to 20 g day−1. In order to keep within that limit only meat, ﬁsh, suitable types of cheese and a limited amount of vegetables (salad greens, broccoli, spinach, cucumber,  Note  N29 2500  acetone, ppb  2000  1447±370 ppb  1500  978±358 ppb  1000  500 186±29 ppb 168±42 ppb 12.day  11.day  10.day  9.day  8.day  7.day  6.day  5.day  4.day  3.day  2.day  1.day  0.day  0  days on a diet  Figure 3. Breath concentrations of acetone (in parts-per-billion, ppb) measured during the 4 days prior to the start of a low carbohydrate ketogenic diet, and during the 12 days of the diet for volunteers C (open symbols) and D (ﬁlled symbols) and also indicated are the mean values and the standard deviations during these two periods.  (This ﬁgure is in colour only in the electronic version)  mushrooms, and soured cabbage) were consumed avoiding any high carbohydrate foods. Breath concentrations of acetone were monitored daily in these two volunteers, 4 days prior to the start of the course and then 12 days during the course of the diet. The measured breath acetone concentrations obtained are shown in ﬁgure 3. Note the consistent breath acetone values a few days before commencing the low carbohydrate diet and then the relatively large increase for both subjects during the ﬁrst two days of the diet. This is followed by a period during which the breath acetone values ﬂuctuate to a greater extent than do the pre-diet values, but on average remain elevated by about six to nine times above the pre-diet values. Following the re-establishment of the normal diet, their breath acetone concentrations returned to their normal levels. These limited data indicate that dietary variation and control can apparently induce signiﬁcant changes in metabolism as indicated by breath acetone monitoring. 4. Concluding remarks The results of this short study support the general sense of the previous work. Hence, it must be concluded that several factors inﬂuence the level of acetone in exhaled breath which must receive close attention if breath acetone can seriously be considered as a potential monitor of blood glucose and glycaemic control. • The inter-individual variation of breath acetone can be very wide, commonly varying by a factor of 2 over a normal day on a normal diet. • Nutritional status and the nature of diet: fasting elevates breath acetone as does fat ingestion and, equivalently, the restriction of carbohydrate intake. • A slight increase in breath acetone occurs with increasing age, especially in children and young adults.  N30  Note  • The apparent increase of breath acetone in diabetes, as indicated by a limited amount of data, is not greater than the diurnal increase that occurs in healthy people and by varying the diet. Notwithstanding these essential points that largely relate to healthy individuals, it should not immediately be dismissed that variations in breath acetone both in healthy individuals and in patients with diabetes, who can act as their own controls, might be used to monitor control of their blood glucose. However, for screening for diabetes to be feasible, individuals would have to pay careful attention to their diet by stabilizing their nutritional input before breath analysis. Nevertheless, before the hypothesis that breath acetone can be used to diagnose and monitor diabetes can be totally abandoned, more studies on breath acetone in patients with both type-1 and type-2 diabetes are essential (Turner 2011). Such studies are in train when other breath metabolites (biomarkers) will be searched for, which, in combination with each other and acetone, might be more deﬁnite indicators of glycaemia (Smith et al 2011). Finally, the following points are worthy of note. In the light of the major relative changes and variations in breath acetone reported in this note, attempts to improve the accuracy of such measurement by procedures such as re-breathing (O’Hara et al 2008) or well-deﬁned singleexhalation breathing manoeuvres (Dummer et al 2010), which are surely of some fundamental value for modelling of gas exchange (King et al 2010), are not critical with respect to the clinical relevance of breath acetone since they generally only address 10–20% effects. But, as demonstrated by the few case studies presented in this note, natural biological intra-individual variability and changes induced by diet can produce changes in breath acetone levels by as much as a factor of 5 or more. Acknowledgments We thank all the volunteers for participating in this study and Kvetoslava Stejskalova for managing the study stay of AR. We gratefully acknowledge the partial funding for this study by the Grant Agency of Czech Republic project no 203/09/P172 and by the Ministry of Education of Czech Republic CZ.1.07/2.3.00/09.0034. References Bajtarevic A et al 2009 Noninvasive detection of lung cancer by analysis of exhaled breath BMC Cancer 9 348 Crofford O B, Mallard R E, Winton R E, Rogers N L, Jackson J C and Keller U 1977 Acetone in breath and blood Trans. Am. Clin. Climatol. Assoc. 88 128–39 Deng C H, Zhang J, Yu X F, Zhang W and Zhang X M 2004a Determination of acetone in human breath by gas chromatography-mass spectrometry and solid-phase microextraction with on-ﬁber derivatization J. Chromatogr. B 810 269–75 Deng C H, Zhang W, Zhang J and Zhang X M 2004b Rapid determination of acetone in human plasma by gas chromatography-mass spectrometry and solid-phase microextraction with on-ﬁber derivatization J. Chromatogr. B 805 235–40 Dummer J F, Storer M K, Hu W P, Swanney M P, Milne G J, Frampton C M, Scotter J M, Prisk G K and Epton M J 2010 Accurate, reproducible measurement of acetone concentration in breath using selected ion ﬂow tube-mass spectrometry J. Breath Res. 4 046001 Henderson M J, Karger B A and Wren Shall G A 1952 Acetone in the breath; a study of acetone exhalation in diabetic and nondiabetic human subjects Diabetes 1 188–93 Kalapos M P 2003 On the mammalian acetone metabolism: from chemistry to clinical implications Biochim. Biophys. Acta 1621 122–39 King J, Mochalski P, Kupferthaler A, Unterkoﬂer K, Koc H, Filipiak W, Teschl S, Hinterhuber H and Amann A 2010 Dynamic proﬁles of volatile organic compounds in exhaled breath as determined by a coupled PTR-MS/GC-MS study Physiol. Meas. 31 1169–84  Note  N31  Laffel L 1999 Ketone bodies: a review of physiology, pathophysiology and application of monitoring to diabetes Diabetes Metab. Res. Rev. 15 412–26 McClernon F J, Yancy W S, Eberstein J A, Atkins R C and Westman E C 2007 The effects of a low-carbohydrate ketogenic diet and a low-fat diet on mood, hunger, and other self-reported symptoms Obesity 15 182–7 Miekisch W, Schubert J K and Noeldge-Schomburg G F E 2004 Diagnostic potential of breath analysis—focus on volatile organic compounds Clin. Chim. Acta 347 25–39 Musa-Veloso K, Likhodii S S and Cunnane S C 2002 Breath acetone is a reliable indicator of ketosis in adults consuming ketogenic meals Am. J. Clin. Nutr. 76 65–70 Nelson N, Lagesson V, Nosratabadi A R, Ludvigsson J and Tagesson C 1998 Exhaled isoprene and acetone in newborn infants and in children with diabetes mellitus Pediatr. Res. 44 363–7 O’Hara M E, O’Hehir S, Green S and Mayhew C A 2008 Development of a protocol to measure volatile organic compounds in human breath: a comparison of rebreathing and on-line single exhalations using proton transfer reaction mass spectrometry Physiol. Meas. 29 309–30 Righettoni M, Tricoli A and Pratsinis S E 2010a Si:WO3 sensors for highly selective detection of acetone for easy diagnosis of diabetes by breath analysis Anal. Chem. 82 3581–7 Righettoni M, Tricoli A and Pratsinis S E 2010b Thermally stable, silica-doped epsilon-WO3 for sensing of acetone in the human breath Chem. Mater. 22 3152–7 ˇ Smith D, Pysanenko A and Spanˇ l P 2009 Ionic diffusion and mass discrimination effects in the new generation of e short ﬂow tube SIFT-MS instruments Int. J. Mass Spectrom. 281 15–23 ˇ Smith D and Spanˇ l P 2005 Selected ion ﬂow tube mass spectrometry (SIFT-MS) for on-line trace gas analysis Mass e Spectrom. Rev. 24 661–700 ˇ Smith D, Spanˇ l P and Davies S 1999 Trace gases in breath of healthy volunteers when fasting and after a proteine calorie meal: a preliminary study J. Appl. Physiol. 87 1584–8 ˇ Smith D, Spanˇ l P, Fryer A A, Hanna F and Ferns G A A 2011 Can volatile compounds in exhaled breath be used to e monitor glycaemic control in diabetes mellitus? J. Breath Res. 5 022001 ˇ Spanˇ l P, Dryahina K and Smith D 2006 A general method for the calculation of absolute trace gas concentrations in e air and breath from selected ion ﬂow tube mass spectrometry data Int. J. Mass Spectrom. 249 230–9 ˇ Spanˇ l P, Dryahina K and Smith D 2007a Acetone, ammonia and hydrogen cyanide in exhaled breath of several e volunteers aged 4–83 years J. Breath Res. 1 011001 ˇ Spanˇ l P, Dryahina K and Smith D 2007b The concentration distributions of some metabolites in the exhaled breath e of young adults J. Breath Res. 1 026001 ˇ Spanˇ l P and Smith D 2011 Progress in SIFT-MS; breath analysis and other applications Mass Spectrom. e Rev. 30 236–67 Tassopou C N, Barnett D and Fraser T R 1969 Breath-acetone and blood-sugar measurements in diabetes Lancet 1 1282–6 Turner C 2011 Potential of breath and skin analysis for monitoring blood glucose concentration in diabetes Expert Rev. Mol. Diagn. 11 497–503 ˇ Turner C, Spanˇ l P and Smith D 2006 A longitudinal study of ammonia, acetone and propanol in the exhaled breath e of 30 subjects using selected ion ﬂow tube mass spectrometry, SIFT-MS Physiol. Meas. 27 321–37 Turner C, Walton C, Hoashi S and Evans M 2009 Breath acetone concentration decreases with blood glucose concentration in type I diabetes mellitus patients during hypoglycaemic clamps J. Breath Res. 3 046004 Wang C J, Mbi A and Shepherd M 2010 A study on breath acetone in diabetic patients using a cavity ringdown breath analyzer: exploring correlations of breath acetone with blood glucose and glycohemoglobin A1C IEEE Sensors J. 10 54–63 ˇ Wang T, Pysanenko A, Dryahina K, Spanˇ l P and Smith D 2008a Analysis of breath, exhaled via the mouth and nose, e and the air in the oral cavity J. Breath Res. 2 037013 ˇ Wang T, Spanˇ l P and Smith D 2008b Selected ion ﬂow tube mass spectrometry of 3-hydroxybutyric acid, acetone e and other ketones in the headspace of aqueous solution and urine Int. J. Mass Spectrom. 272 78–85  "
}