{
  "arkIstex": "ark:/67375/0T8-T9ZZSQNK-5",
  "title": "Simultaneous measurement of instantaneous heart rate and chest wall plethysmography in short-term, metronome guided heart rate variability studies: suitability for assessment of autonomic dysfunction",
  "language": [
    "eng"
  ],
  "publicationDate": "2003",
  "copyrightDate": "2003",
  "doi": [
    "10.1088/0967-3334/24/3/310"
  ],
  "ark": [
    "ark:/67375/0T8-T9ZZSQNK-5"
  ],
  "pii": [
    "S0967-3334(03)62666-3"
  ],
  "articleId": [
    "310"
  ],
  "genre": [
    "other"
  ],
  "originalGenre": [
    "N/A"
  ],
  "author": [
    {
      "name": "S Perring",
      "affiliations": [
        "Medical Physics, Poole Hospital NHS Trust, Longfleet Road, Poole BH15 2JB, UK"
      ]
    },
    {
      "name": "E Jones",
      "affiliations": [
        "Medical Physics, Poole Hospital NHS Trust, Longfleet Road, Poole BH15 2JB, UK"
      ]
    }
  ],
  "pmid": [
    "14509311"
  ],
  "host": {
    "title": "Physiological Measurement",
    "language": [
      "unknown"
    ],
    "issn": [
      "0967-3334"
    ],
    "eissn": [
      "1361-6579"
    ],
    "volume": "24",
    "issue": "3",
    "pages": {
      "first": "745",
      "last": "751"
    },
    "genre": [
      "journal"
    ]
  },
  "corpusName": "iop",
  "qualityIndicators": {
    "score": 4.397,
    "pdfWordCount": 2385,
    "pdfCharCount": 14917,
    "pdfVersion": 1.4,
    "pdfPageCount": 7,
    "pdfPageSize": "595 x 842 pts (A4)",
    "refBibsNative": false,
    "abstractWordCount": 1,
    "abstractCharCount": 0,
    "keywordCount": 0
  },
  "categories": {
    "wos": [
      "1 - science",
      "2 - physiology",
      "2 - engineering, biomedical",
      "2 - biophysics"
    ],
    "scienceMetrix": [
      "1 - applied sciences",
      "2 - engineering",
      "3 - biomedical engineering"
    ],
    "scopus": [
      "1 - Health Sciences",
      "2 - Medicine",
      "3 - Physiology (medical)",
      "1 - Physical Sciences",
      "2 - Engineering",
      "3 - Biomedical Engineering",
      "1 - Life Sciences",
      "2 - Biochemistry, Genetics and Molecular Biology",
      "3 - Physiology",
      "1 - Life Sciences",
      "2 - Biochemistry, Genetics and Molecular Biology",
      "3 - Biophysics"
    ]
  },
  "keywords": {
    "teeft": [
      "plethysmography",
      "heart rate",
      "hrbrcorr",
      "heart rate variability",
      "neuropathy",
      "normal volunteers",
      "aveamp",
      "breathing cycle",
      "maximum correlation",
      "chest wall motion",
      "dysfunction",
      "chest wall plethysmography",
      "autonomic failure",
      "diabetic",
      "plethysmography system",
      "autonomic neuropathy",
      "diabetic groups",
      "perring",
      "time shift",
      "simultaneous measurement",
      "diabetic volunteers",
      "spirometry",
      "instantaneous heart rate",
      "diabetic patients",
      "heart rate variability parameters",
      "autonomic function",
      "breathing pattern",
      "autonomic dysfunction",
      "variability",
      "chest wall movement",
      "autonomic responsiveness",
      "tidal volume",
      "clinical symptoms",
      "postural hypotension",
      "trough heart rate change",
      "hrbrcorr figure",
      "pulse output",
      "measurement period",
      "heart rate data",
      "deep breathing",
      "chest plethysmography",
      "average peak",
      "time delay",
      "standard deviation",
      "metronome"
    ]
  },
  "namedEntities": {
    "unitex": {
      "date": [],
      "geogName": [],
      "orgName": [],
      "orgName_funder": [],
      "orgName_provider": [],
      "persName": [],
      "placeName": [],
      "ref_url": [],
      "ref_bibl": [],
      "bibl": []
    }
  },
  "enrichments": {
    "type": [
      "multicat",
      "refBibs",
      "teeft",
      "unitex"
    ]
  },
  "fulltext": "INSTITUTE OF PHYSICS PUBLISHING Physiol. Meas. 24 (2003) 745–751  PHYSIOLOGICAL MEASUREMENT PII: S0967-3334(03)62666-3  Simultaneous measurement of instantaneous heart rate and chest wall plethysmography in short-term, metronome guided heart rate variability studies: suitability for assessment of autonomic dysfunction S Perring and E Jones Medical Physics, Poole Hospital NHS Trust, Longﬂeet Road, Poole BH15 2JB, UK E-mail: steve.perring@poole.nhs.uk  Received 25 April 2003 Published 2 July 2003 Online at stacks.iop.org/PM/24/745 Abstract Instantaneous heart rate and chest wall motion were measured using a 3-lead ECG and an air pressure chest wall plethysmography system. Chest wall plethysmography traces were found to accurately represent the breathing pattern as measured by spirometry (average correlation coefﬁcient 0.944); though no attempt was made to calibrate plethysmography voltage output to tidal volume. Simultaneous measurements of heart rate and chest wall motion were made for short periods under metronome guided breathing at 6 breaths per minute. The average peak to trough heart rate change per breath cycle (AVEMAX) and maximum correlation between heart rate and breathing cycle (HRBRCORR) were measured. Studies of 44 normal volunteers indicated clear inverse correlation of heart rate variability parameters with age (AVEMAX R = −0.502, P < 0.001) but no signiﬁcant change in HRBRCORR with age (R = −0.115). Comparison of normal volunteers with diabetics with no history of symptoms associated with autonomic failure indicated signiﬁcant lower heart rate variability in diabetics (P = 0.005 for AVEMAX) and signiﬁcantly worse correlation between heart rate and breathing (P < 0.001 for HRBRCORR). Simultaneous measurement of heart rate and breathing offers the possibility of more sensitive diagnosis of autonomic failure in a simple bedside test and gives further insight into the nature of cardio-ventilatory coupling. Keywords: heart rate variability, cardiovascular reﬂex tests, diabetes, autonomic neuropathy  0967-3334/03/030745+07$30.00 © 2003 IOP Publishing Ltd Printed in the UK  745  746  S Perring and E Jones  1. Introduction Autonomic dysfunction and its clinical manifestations are associated with a range of peripheral and central nervous system disorders. The Hoorn Study has shown that reduced autonomic function is associated with increased mortality, particularly when associated with other conditions (Gerritsen et al 2001). A general deterioration in autonomic control is associated with an increase in age, but autonomic neuropathy is a prevalent complication in those with long-term diabetes mellitus (Kempler et al 2002). Lehtinen et al (1989) have also found autonomic dysfunction in newly diagnosed diabetics. Autonomic dysfunction has been shown to be an effective predictor of myocardial events in diabetics in the absence of other cardiac symptoms (Valensi et al 2001). Disautonomia can be measured by a variety of simple and non-invasive techniques, initially proposed by Ewing et al (1973) and most recently stated by Vinik et al (2003). These short-term tests include measurement of heart rate changes resulting from deep breathing and the Valsalva manoeuvre. Other tests, including 24 h Holter measurement and frequency analysis identiﬁed in the Task Force Statement (1996), aim to quantify the cardiac vegetative balance of heart rate variability (Matveev and Prokopova 2002), the primary source of variability being cardio-ventilatory coupling. Although respiratory sinus arrhythmia is well documented, the exact nature of the coupling process is not fully understood. Furthermore, investigation of respiratory coupling has not thus far been recommended as part of the assessment process for autonomic failure. Our aim was to develop a simple method of simultaneous measurement of the chest wall motion and instantaneous heart rate as part of a simple routine bedside autonomic function testing protocol. We have developed a simple, pressure based plethysmography system for monitoring of chest wall movement during breathing. In non-ambulatory settings, plethysmography of respiratory activity has been successfully used; though the quantitative nature of such measurements is questioned (Caretti et al 1994). Combined with metronome guided breathing to standardize the breathing pattern, we hope to show that short-term monitoring of heart rate and breathing allows improved modelling of the normal variations in autonomic responsiveness with age and better discrimination of the subtle attenuation in autonomic responsiveness expected in diabetic patients with no clinical symptoms of autonomic failure. 2. Method Approval for the study protocol was granted by the East Dorset Local Research and Ethics Committee and Poole Hospital Trust. Measurement of heart rate variability was performed on 44 volunteers with no history of ischaemic heart disease, diabetes or any symptoms of postural hypotension, dizziness or syncope. The subjects ranged in age from 20 to 77 years with a mean age of 47.2 years and standard deviation of 13.6 years. In addition 40 diabetic volunteers were investigated. These ranged in age from 19 to 86 years with a mean age of 53.5 years and a standard deviation of 17.2 years. None of the diabetic patients had been investigated for suspicion of central autonomic failure. In particular, none had symptoms of angina, postural hypotension, dizziness, syncope or gastrointestinal dysfunction such as chronic constipation or diarrhoea. Most had no symptoms of peripheral neuropathy, peripheral vascular disease or retinopathy. Heart rate and chest wall motion measurements were performed with the volunteer supine and relaxed following a 10 min resting period. They were not investigated within 2 h of eating. Beat to beat heart rate was measured by 3-lead ECG with a 5V TTL pulse output corresponding to the onset of the R-wave (Rigel Multicare 302). Chest wall plethysmography  Heart rate variability and chest wall plethysmography  747  was performed by measurement of the pressure inside a large blood pressure cuff adapted to ﬁt around a volunteer’s chest. When inﬂated to a rest pressure of approximately 8 mmHg, the cuff was securely held on the chest without interfering with breathing or feeling uncomfortable to wear. Deep breathing resulted in a pressure change of less than 20 mmHg during the breathing cycle. An in-house designed pressure monitor measured the cuff pressure. This consisted of a pressure transducer (Farnell Ltd, part no 674-229) mounted on a PCB and powered by four AA cells. The associated electronics converted the pressure to an output voltage of 0 to 2.5 V and also illuminated one of a set of nine powerful light emitting diodes mounted in a row to give a visual feedback to the volunteer of their breathing pattern. The entire electronics and power supply were mounted in an ABS enclosure. The ECG R-wave pulse output and chest wall signal were recorded on a PC using an ADC-11 multi-channel analogue to digital converter (Pico Technology Limited, St Neots, Cambs, UK). Recording software was written in Microsoft Visual Basic V6.0 (Microsoft Corp, Redmond, Washington). The ECG pulse and chest movement voltages were sampled at intervals of 6 ms and the data recorded to disk. The breathing channel was displayed on screen in real time as a graphical display with an overwrite period of 10 s. The breathing cycles were monitored visually to ensure that the amplitude of the breaths was approximately the same for each cycle. Volunteers were asked to breathe deeply with metronome guidance at a rate of 6 breaths per minute. The chest plethysmography belt position was adjusted and the pressure set to such a value that during metronome guided breathing the voltage output fell within the range 0–2.5 V at all points in the breathing cycle. After a rehearsal period to ensure good compliance with the procedure, R-wave pulses and chest wall movement were recorded for 2 min. Care was taken to ensure that regular breathing of approximately constant amplitude was maintained during the measurement period. With a portable PC for data acquisition, the entire recording system was portable and suitable for use in a typical hospital bedside environment. Raw R-wave TTL pulse and chest wall motion data were analysed using the image development language IDL (www.researchsystems.com). Each set of raw voltage data was read from disk. Each ECG R-wave pulse was identiﬁed by the rising edge of the pulse signal. The time in milliseconds for each pulse from the start of recording was established. The beat to beat (b–b) instantaneous heart rate was calculated for each heartbeat. A cubic spline interpolation was used to re-sample the instantaneous heart rate to a regular sample interval of eight samples per second. The chest wall movement breathing data were also re-sampled to match the regularized heart rate data. Any artefactual instantaneous heart rate data due to ECG noise or ectopics that fell outside pre-set deﬁned heart rate limits or that gave a heart rate change outside a reference value were removed and substituted with interpolated heart rate data. Analysis of heart rate variability was performed using the following parameters. In the time domain the average peak to trough heart rate change in beats per minute (bpm) (AVEAMP) was measured. Also the maximum correlation value between the heart rate and chest wall signals was obtained by shifting the heart rate curve in time by ±5 s until a maximum correlation was achieved. This we labelled HRBRCORR. Eight volunteers were asked to perform 2 min of metronome guided breathing with the plethysmography system, while breathing into a spirometer system (Morgan Benchmark). The tidal breathing curve obtained from the spirometer was compared with the chest wall motion curve produced by the plethysmography system. Two volunteers were repeatedly assessed to establish reproducibility and to check for improvement with practice.  748  S Perring and E Jones Table 1. Variation of heart rate variability parameters. Volunteer 1  Volunteer 2  Parameter  Mean  SD  SD(%)  Mean  SD  SD(%)  AVEAMP (bpm) HRBRCORR  15.7 0.737  1.3 0.068  8% 9%  11.6 0.843  4.4 0.046  38% 5%  Table 2. Correlation of heart rate variability with age for normal volunteers.  Parameter  Pearson’s coefﬁcient  t-value (t- test of regression coefﬁcient)  P-value (H0 = No correlation)  Line of best ﬁt  AVEAMP (bpm) HRBRCORR  −0.502 −0.115  3.76 0.75  <0.001 0.456  22.87–0.23∗age Mean value = 0.758  Table 3. Deviations from the line of best ﬁt established from normal data. Normal  Diabetic  Parameter  Mean  Variance  Mean  Variance  t-value  AVEAMP HRBRCORR  0 0  28.5 0.0129  −3.20 −0.147  22.5 0.037  2.91 4.20  P-value 0.005 <0.001  3. Results Metronome guided breathing at 6 breaths per minute was comfortably tolerated by subjects for the measurement period of 2 min. Correlation between the breath cycle measurements made from chest plethysmography and spirometry was consistently good (mean correlation coefﬁcient 0.944, standard deviation 0.030). Repeated measurement of two normal volunteers indicated no signiﬁcant learnt improvement of heart rate variability parameters. Variations in the measured parameters are displayed in table 1. The correlation coefﬁcients observed between the parameters measured and age for 44 normal volunteers are displayed in table 2. The measured parameters for 44 normal and 40 diabetic volunteers were compared with the line of best ﬁt of those parameters with age obtained from the normal volunteer data. The deviation of the normal and diabetic volunteer data from that line of best ﬁt were compared using the t-test, unpaired data assuming unequal variance. The results are displayed in table 3. Comparisons of the variation of AVEAMP and HRBRCORR with age for normal and diabetic volunteers are displayed in ﬁgures 1 and 2, respectively. The time shift required to achieve maximum correlation between heart rate and breathing cycle was also recorded. There was no signiﬁcant correlation between time shift and age or between time shift and the HRBRCORR parameter in either the normal or diabetic groups. There was also no signiﬁcant difference between time shift values obtained for normal and diabetic groups. The relationship between maximum correlation and time delay for maximum correlation between heart rate and breathing cycle for normal and diabetic groups is displayed in ﬁgure 3.  Heart rate variability and chest wall plethysmography  749  35  AVEAMP (bpm)  30 25 Normal Diabetic Linear (Normal)  20 15 10 5 0 0  50 Age (years)  100  HRBRCORR  Figure 1. Variation of heart rate variability parameter AVEAMP with age. 1 0.9 0.8 0.7 0.6 0.5 0.4 0.3 0.2 0.1 0  Normal Diabetic  0  20  40 60 Age (years)  80  100  Figure 2. Variation of heart rate variability parameter HRBRCORR with age.  Time Delay HR BR (s)  5 4 3 2 1  Diabetic Normal  0 -1 -2 -3 -4 0  0.2  0.4  0.6  0.8  1  HRBRCORR  Figure 3. The maximum correlation between heart rate and breathing curves and the time shift required to achieve this optimum correlation.  4. Discussion No attempt was made to calibrate chest wall motion output from the plethysmography system to the volume of air moved as measured in litres with spirometry. However, the correlation between chest wall plethysmography and spirometry curves was very high, conﬁrming that as  750  S Perring and E Jones  a ﬁrst approximation for the purposes of correlating heart rate and breathing cycle over a short period, chest plethysmography is a suitable measure of breathing. The reduction of autonomic heart rate responsiveness with age is well documented (e.g. Schwartz et al 1991, Ingall et al 1990) and was demonstrated clearly in this study. However, it was also noted that the correlation between heart rate and chest wall motion measured by plethysmography did not show signiﬁcant drop-off with age. This does suggest that the cardioventilatory coupling process is maintained successfully even though the scale of response is reduced with age. Analysis of deviation from the line of best ﬁt with age suggests that there is signiﬁcant drop-off of measures of heart rate variability in diabetic volunteers as compared with normal volunteers. This does conﬁrm that there is signiﬁcant reduction of autonomic function resulting from diabetes, even in the absence of clinical symptoms associated with advanced autonomic neuropathy. A substantial attenuation with diabetes is also observed in the measure of correlation of heart rate and breathing cycle (HRBRCORR). This does suggest that the cardioventilatory coupling process is substantially attenuated by the effects of diabetes. However, the phase difference between heart rate and breathing is largely unaltered by the presence of diabetes. The correlation parameter between heart rate and breathing does appear to give a slightly better separation of normal and diabetic groups than the simple time domain measure of heart rate used.  5. Conclusion Short-term measurement of heart rate variability with metronome guided breathing is an effective measure of the state of cardio-ventilatory coupling. It is effective in differentiating diabetic patients from normal volunteers. Simultaneous measurement of heart rate and chest wall motion using a simple in-house developed chest plethysmography device and a simple 3-lead ECG system offers the hope of improvement of the sensitivity of short-term heart rate monitoring techniques and a simple adjunct to the recommended bedside measurements for autonomic failure.  References Caretti D M, Pullen P V, Premo L A and Kuhlmann W D 1994 Reliability of respiratory inductive plethysmography for measuring tidal volume during exercise Am. Ind. Hyg. Assoc. J. 55 918–23 Ewing D J, Campbell I W, Burt A A and Clarke B F 1973 Vascular reﬂexes in diabetic autonomic neuropathy Lancet 2 1354–6 Gerritsen J, Dekker J M, TenVoorde B J, Kostense P J, Heine R J, Bouter L M, Heethaar R M and Stehouwer C D A 2001 Impaired autonomic function is associated with increased mortality, especially in subjects with diabetes, hypertension, or a history of cardiovascular disease. The Hoorn study Diabetes Care 24 1793–8 Ingall T J, McLeod J G and O’Brien P C 1990 The effect of ageing on autonomic nervous system function Aust. NZ J. Med. 20 570–7 Kempler P, Tesfaye S, Chaturvedi N, Stevens L K, Webb D J, Eaton S, Kerenyi Z, Tamas G, Ward J D and Fuller J H (EURODIAB IDDM Complications Study Group) 2002 Autonomic neuropathy is associated with increased cardiovascular risk factors: the EURODIAB IDDM complications study Diabet. Med. 19 900–9 Lehtinen J M, Uusitupa M, Siitonen O and Pyorala K 1989 Prevalence of neuropathy in newly diagnosed NIDDM and non diabetic control subjects Diabetes 38 1307–13 Matveev M and Prokopova R 2002 Diagnostic value of the RR-variability indicators for mild hypertension Physiol. Meas. 23 671–82 Schwartz J B, Gibb W J and Tran T 1991 Aging effects on heart rate variation J. Gerontol. 46 99–106  Heart rate variability and chest wall plethysmography  751  Task Force of the European Society of Cardiology and the North American Society of Pacing Electrophysiology 1996 Heart rate variability. Standards of measurement, physiological interpretation and clinical use Circulation 93 1043–65 Valensi P, Sachs R N, Harfouche B, Lormeau B, Paries J, Cosson E, Paycha F, Leutenegger M and Attali J R 2001 Predictive value of cardiac autonomic neuropathy in diabetic patients with or without silent myocardial ischemia Diabetes Care 24 339–43 Vinik A I, Maser R E, Mitchell B D and Freeman R 2003 Diabetic autonomic neuropathy Diabetes Care 265 1553–79  "
}