{
  "arkIstex": "ark:/67375/56L-GS07G3X5-2",
  "title": "An account of two cases of the diabetes mellitus: with remarks, as they arose during the progress of the cure. To which are added, A general view of the nature of the disease and its appropriate treatment, Including Observations on some Diseases depending on Stomach Affection; and a detail of the communications Received on the Subject since the Dispersion of the Notes on the first case. By John Rollo, M.D. Surgeon-General, Royal Artillery. With the results of the trials of various acids and other substances In the Treatment of the Lues Venerea; and some observations on the nature of sugar, &c. By William Cruickshank, Chemist to the Ordnance, and a Surgeon of Artillery. In two volumes. ...",
  "language": [
    "eng"
  ],
  "publicationDate": "1797",
  "ark": [
    "ark:/67375/56L-GS07G3X5-2"
  ],
  "genre": [
    "other"
  ],
  "originalGenre": [
    "diabetes"
  ],
  "author": [
    {
      "name": "John Rollo d. 1809"
    }
  ],
  "subject": [
    {
      "lang": [
        "eng"
      ],
      "value": "Diabetes"
    }
  ],
  "host": {
    "title": "An account of two cases of the diabetes mellitus: with remarks, as they arose during the progress of the cure. To which are added, A general view of the nature of the disease and its appropriate treatment, Including Observations on some Diseases depending on Stomach Affection; and a detail of the communications Received on the Subject since the Dispersion of the Notes on the first case. By John Rollo, M.D. Surgeon-General, Royal Artillery. With the results of the trials of various acids and other substances In the Treatment of the Lues Venerea; and some observations on the nature of sugar, &c. By William Cruickshank, Chemist to the Ordnance, and a Surgeon of Artillery. In two volumes. ...",
    "language": [
      "unknown"
    ],
    "publicationDate": "1797",
    "volume": "2-1",
    "genre": [
      "database"
    ],
    "subject": [
      {
        "value": "Medicine, Science and Technology"
      }
    ]
  },
  "corpusName": "ecco",
  "qualityIndicators": {
    "score": 0.062,
    "refBibsNative": false,
    "keywordCount": 1,
    "abstractCharCount": 0,
    "abstractWordCount": 1
  }
}