{"corpusName":"elsevier","keywords":{"teeft":["tunney","study item","cognition","experimental psychology","acta","psychologica","bezzina","higham","bezzina acta psychologica","vokey","retention interval","test item","grammaticality","subjective report","grammar","shank","zroc","recognition decision","ungrammatical","categorization","perruchet","kinder","study period","reber","lotz","participant","grammatical item","datum","recollection","relative contribution","recognition test","false alarm","zroc curve","recognition memory","memory cognition","phenomenal sense","grammatical status","grammaticality decision","unseen grammatical item","computer screen","subjective experience","ungrammatical sequence","ungrammatical item","gardiner java","kinder shank","lotz kinder","generation heuristic","grammatical","recollective experience","independent process","memory process","episodic memory","grammatical sequence","grammatical rule","johnstone shank","vokey brook","training item","fragmentary information","large contribution","cognitive process","tunney shank","second point","kinder assmann","same process","familiarity decay","long retention interval","study period participant","previous study","test list","recognition accuracy","knowlton squire","amnesic patient","resemblance heuristic","cognitive neuroscience","annual review","cognitive psychology","psychological review","synthetic grammar","implicit cognition"]},"author":[{"name":"Richard J. Tunney","affiliations":["School of Psychology, University of Nottingham, University Park, Nottingham NG7 2RD, United Kingdom","E-mail: rjt@psychology.nottingham.ac.uk"]},{"name":"Gilbert Bezzina","affiliations":["School of Psychology, University of Nottingham, University Park, Nottingham NG7 2RD, United Kingdom"]}],"subject":[{"lang":["eng"],"value":"2343"},{"lang":["eng"],"value":"2340"},{"lang":["eng"],"value":"2380"},{"lang":["eng"],"value":"Artificial grammar"},{"lang":["eng"],"value":"Implicit learning"},{"lang":["eng"],"value":"Forgetting"},{"lang":["eng"],"value":"Confidence"}],"articleId":["1125"],"accessCondition":{"contentType":"isNotOpenAccess","value":"closed"},"arkIstex":"ark:/67375/6H6-6LX292CK-9","language":["eng"],"originalGenre":["Full-length article"],"abstract":"Abstract: Current theories of memory suggest that recognition is composed of separate processes of familiarity and recollection (e.g. [Yonelinas, A. P. (2002). The nature of recollection and familiarity: a review of 30 years of research. Journal of Memory and Language, 46, 441–517]). A key feature of these two processes is that they decay, or are forgotten at different rates. The dual-process model has also been useful in understanding artificial grammar learning. We obtained evidence for recollection and familiarity in artificial grammar learning by analyses of receiver operating characteristics (ROC). Furthermore we found that these were dissociated by retention intervals of 14 days. The slope of the zROC curves deviated reliably from 1 immediately after study and increased towards 1 suggesting that recollection contributed to recognition decisions but declined over the 14-day period leaving familiarity as the only basis for recognition. These data show similar patterns to those observed in word-recognition [Gardiner, J. M., & Java, R. I. (1991). Forgetting in recognition memory with and without recollective experience. Memory &Cognition, 19, 617–623; Tunney, R. J. (submitted for publication). Changes in the subjective experience of recognition over time suggest independent processes] and confirm the view that recollection and familiarity are implicated in artificial grammar learning. Moreover, the data confirm the finding that recollection and familiarity-based memory show different patterns of forgetting.","qualityIndicators":{"hasStructuredBody":true,"teiSource":"pub2tei","xmlStats":{"paragraphCount":30,"sectionCount":17,"sectionLevels":[{"sectionCount":4,"level":0},{"sectionCount":4,"level":1},{"sectionCount":9,"level":2}],"sectionDepth":3,"imageCount":2,"tableCount":2,"refCount":41},"tdmReady":true,"score":8.295,"pdfWordCount":6622,"pdfCharCount":37560,"pdfVersion":1.4,"pdfPageCount":14,"pdfPageSize":"467.716 x 680.315 pts","pdfWordsPerPage":473,"pdfText":true,"refBibsNative":true,"abstractWordCount":219,"abstractCharCount":1534,"keywordCount":7},"title":"Effects of retention intervals on receiver operating characteristics in artificial grammar learning","hasFormula":true,"pii":["S0001-6918(06)00074-6"],"refBibs":[{"author":[{"name":"R Allen"},{"name":"A S Reber"}],"host":{"volume":"8","pages":{"last":"185","first":"175"},"title":"Cognition","publicationDate":"1980"},"title":"Very long term memory for tacit knowledge"},{"author":[{"name":"L R Brooks"},{"name":"J R Vokey"},{"name":"Mathews"}],"host":{"volume":"120","pages":{"last":"323","first":"316"},"title":"Abstract analogies and abstracted grammars: comments on Reber","publicationDate":"1989"}},{"author":[{"name":"J Cheesman"},{"name":"P M Merikle"}],"host":{"volume":"36","pages":{"last":"395","first":"387"},"title":"Perception &amp;amp; Psychophysics","publicationDate":"1984"},"title":"Priming with and without awareness"},{"host":{"author":[{"name":"A Cleeremans"}],"publisher":"MIT Press","title":"Mechanisms of implicit learning: Connectionist models of sequence processing","publicationDate":"1993"}},{"author":[{"name":"Z Dienes"},{"name":"G T M Altmann"},{"name":"L Kwan"},{"name":"A Goode"}],"host":{"volume":"21","pages":{"last":"1338","first":"1322"},"title":"Journal of Experimental Psychology: Learning, Memory, and Cognition","publicationDate":"1995"},"title":"Unconscious knowledge of artificial grammars is applied strategically"},{"author":[{"name":"D E Dulany"},{"name":"R A Carlson"},{"name":"G I Dewey"}],"host":{"volume":"113","pages":{"last":"555","first":"541"},"title":"Journal of Experimental Psychology: General","publicationDate":"1984"},"title":"A case of syntactical learning and judgment: how conscious and how abstract"},{"author":[{"name":"J D E Gabrieli"}],"host":{"volume":"49","pages":{"last":"115","first":"87"},"title":"Annual Review of Psychology","publicationDate":"1998"},"title":"Cognitive neuroscience of human memory"},{"author":[{"name":"J M Gardiner"},{"name":"R I Java"}],"host":{"volume":"19","pages":{"last":"623","first":"617"},"title":"Memory &amp;amp; Cognition","publicationDate":"1991"},"title":"Forgetting in recognition memory with and without recollective experience"},{"host":{"author":[{"name":"D M Green"},{"name":"J A Swets"}],"publisher":"Wiley","title":"Signal detection theory and psychophysics","publicationDate":"1966"}},{"author":[{"name":"P A Higham"},{"name":"J R Vokey"},{"name":"J L Pritchard"}],"host":{"volume":"129","pages":{"last":"470","first":"457"},"issue":"4","title":"Journal of Experimental Psychology: General","publicationDate":"2000"},"title":"Beyond dissociation logic: evidence for controlled and automatic processing in artificial grammar learning"},{"author":[{"name":"L L Jacoby"}],"host":{"volume":"30","pages":{"last":"541","first":"513"},"title":"Journal of Memory and Language","publicationDate":"1991"},"title":"A process dissociation framework: separating automatic from intentional uses of memory"},{"author":[{"name":"T Johnstone"},{"name":"D R Shanks"}],"host":{"volume":"25","pages":{"last":"531","first":"524"},"title":"Journal of Experimental Psychology: Learning, Memory, and Cognition","publicationDate":"1999"},"title":"Two mechanisms in implicit artificial grammar learning? Comment on Meulemans and Van der Linden (1997)"},{"author":[{"name":"T Johnstone"},{"name":"D R Shanks"}],"host":{"volume":"42","pages":{"last":"112","first":"61"},"title":"Cognitive Psychology","publicationDate":"2001"},"title":"Abstractionist and processing accounts of implicit learning"},{"author":[{"name":"P Juslin"},{"name":"A Winman"},{"name":"H Olsson"}],"host":{"volume":"107","pages":{"last":"396","first":"384"},"title":"Psychological Review","publicationDate":"2000"},"title":"Naive empiricism and dogmatism in confidence research: a critical examination of the hard-easy effect"},{"author":[{"name":"A Kinder"},{"name":"A Assmann"}],"host":{"volume":"28","pages":{"last":"1332","first":"1321"},"title":"Memory &amp;amp; Cognition","publicationDate":"2000"},"title":"Learning artificial grammars: no evidence for the acquisition of rules"},{"author":[{"name":"A Kinder"},{"name":"D R S Shanks"}],"host":{"volume":"13","pages":{"last":"669","first":"648"},"title":"Journal of Cognitive Neuroscience","publicationDate":"2001"},"title":"Amnesia and the declarative/nondeclarative distinction: a recurrent network model of classification, recognition, and repetition priming"},{"author":[{"name":"A Kinder"},{"name":"D R Shanks"}],"host":{"volume":"110","pages":{"last":"744","first":"728"},"title":"Psychological Review","publicationDate":"2003"},"title":"Neuropsychological dissociations between priming and recognition: A singlesystem connectionist account"},{"author":[{"name":"B J Knowlton"},{"name":"L R Squire"}],"host":{"volume":"21","pages":{"last":"710","first":"699"},"issue":"3","title":"Journal of Experimental Psychology: Learning, Memory and Cognition","publicationDate":"1995"},"title":"Remembering and knowing: two different expressions of declarative memory"},{"author":[{"name":"B J Knowlton"},{"name":"L R Squire"}],"host":{"volume":"22","pages":{"last":"181","first":"169"},"title":"Journal of Experimental Psychology: Learning, Memory, and Cognition","publicationDate":"1996"},"title":"Artificial grammar learning depends on implicit acquisition of both abstract and exemplar-specific information"},{"author":[{"name":"A Lotz"},{"name":"A Kinder"}],"host":{"volume":"59","pages":{"last":"682","first":"667"},"title":"Quarterly Journal of Experimental Psychology","publicationDate":"2006"},"title":"Classification and recognition in artificial grammar learning: analysis of receiver operating characteristics"},{"author":[{"name":"T Meulemans"},{"name":"M Van Der Linden"}],"host":{"volume":"23","pages":{"last":"1028","first":"1007"},"title":"Journal of Experimental Psychology: Learning, Memory, and Cognition","publicationDate":"1997"},"title":"Associative chunk strength in artificial grammar learning"},{"author":[{"name":"C S Peirce"},{"name":"J Jastrow"}],"host":{"volume":"3","pages":{"last":"83","first":"75"},"title":"Memoirs of the National Academy of Sciences","publicationDate":"1884"},"title":"On small differences of sensation"},{"author":[{"name":"P Perruchet"}],"host":{"volume":"20","pages":{"last":"228","first":"223"},"title":"Journal of Experimental Psychology: Learning, Memory, and Cognition","publicationDate":"1994"},"title":"Defining the knowledge units of a synthetic language: comment on Vokey and Brooks (1992)"},{"author":[{"name":"P Perruchet"},{"name":"C Pacteau"}],"host":{"volume":"119","pages":{"last":"275","first":"264"},"title":"Journal of Experimental Psychology: General","publicationDate":"1990"},"title":"Synthetic grammar learning: implicit rule abstraction or explicit fragmentary knowledge"},{"author":[{"name":"A S Reber"}],"host":{"volume":"6","pages":{"last":"863","first":"855"},"title":"Journal of Verbal Learning and Verbal Behavior","publicationDate":"1967"},"title":"Implicit learning of artificial grammars"},{"author":[{"name":"A S Reber"},{"name":"R Allen"}],"host":{"volume":"6","pages":{"last":"221","first":"189"},"title":"Cognition","publicationDate":"1978"},"title":"Analogic and abstraction strategies in synthetic grammar learning: a functionalist interpretation"},{"author":[{"name":"M Redington"}],"host":{"volume":"129","pages":{"last":"475","first":"471"},"issue":"4","title":"Journal of Experimental Psychology: General","publicationDate":"2000"},"title":"Not evidence for separable controlled and automatic influences in artificial grammar learning: comment on Higham"},{"author":[{"name":"M Redington"},{"name":"N Chater"}],"host":{"volume":"125","pages":{"last":"138","first":"123"},"title":"Journal of Experimental Psychology: General","publicationDate":"1996"},"title":"Transfer in artificial grammar learning: a reevaluation"},{"author":[{"name":"D R Shanks"},{"name":"P Perruchet"}],"host":{"volume":"9","pages":{"last":"367","first":"362"},"title":"Psychonomic Bulletin and Review","publicationDate":"2002"},"title":"Dissociation between priming and recognition in the expression of sequential knowledge"},{"author":[{"name":"R F Thompson"}],"host":{"volume":"56","pages":{"last":"23","first":"1"},"title":"Annual Review of Psychology","publicationDate":"2005"},"title":"In search of memory traces"},{"author":[{"name":"E Tulving"}],"host":{"editor":"L. G. Nilsson &amp;amp; T. Archer","pages":{"last":"94","first":"7"},"publisher":"Erlbaum","title":"Perspectives in learning and memory","publicationDate":"1985"},"title":"On the classification problem in learning and memory"},{"author":[{"name":"R J Tunney"}],"host":{"volume":"50","pages":{"last":"130","first":"124"},"title":"Experimental Psychology","publicationDate":"2003"},"title":"Implicit and explicit knowledge decay at different rates: a dissociation between priming and recognition in artificial grammar learning"},{"author":[{"name":"R J Tunney"}],"host":{"volume":"12","pages":{"last":"373","first":"367"},"title":"Psychonomic Bulletin &amp;amp; Review","publicationDate":"2005"},"title":"Sources of confidence judgments in implicit cognition"},{"author":[{"name":"R J Tunney"}],"host":{"title":"European Journal of Cognitive Psychology"},"title":"The subjective experience of remembering in artificial grammar learning"},{"host":{"author":[{"name":"R J Tunney"}],"title":"Changes in the subjective experience of recognition over time suggest independent processes"}},{"author":[{"name":"R J Tunney"},{"name":"G T M Altmann"}],"host":{"volume":"27","pages":{"last":"639","first":"614"},"title":"Journal of Experimental Psychology: Learning, Memory, and Cognition","publicationDate":"2001"},"title":"Two modes of transfer in artificial grammar learning"},{"author":[{"name":"R J Tunney"},{"name":"D Shanks"}],"host":{"volume":"12","pages":{"last":"218","first":"201"},"title":"Consciousness and Cognition","publicationDate":"2003"},"title":"Does opposition logic provide evidence for multiple processes in artificial grammar learning?"},{"author":[{"name":"R J Tunney"},{"name":"D R Shanks"}],"host":{"volume":"31","pages":{"last":"1071","first":"1060"},"title":"Memory &amp;amp; Cognition","publicationDate":"2003"},"title":"Subjective measures of awareness and implicit cognition"},{"author":[{"name":"J R Vokey"},{"name":"L R Brooks"}],"host":{"volume":"18","pages":{"last":"344","first":"328"},"title":"Journal of Experimental Psychology: Learning, Memory, and Cognition","publicationDate":"1992"},"title":"Salience of item knowledge in learning artificial grammars"},{"author":[{"name":"A P Yonelinas"}],"host":{"volume":"20","pages":{"last":"1354","first":"1341"},"title":"Journal of Experimental Psychology: Learning, Memory and Cognition","publicationDate":"1994"},"title":"Receiver-operating characteristics in recognition memory: evidence for a dual-process model"},{"author":[{"name":"A P Yonelinas"}],"host":{"volume":"46","pages":{"last":"517","first":"441"},"title":"Journal of Memory and Language","publicationDate":"2002"},"title":"The nature of recollection and familiarity: a review of 30 years of research"}],"genre":["research-article"],"host":{"title":"Acta Psychologica","language":["unknown"],"publicationDate":"2007","issn":["0001-6918"],"pii":["S0001-6918(07)X0288-9"],"volume":"125","issue":"1","pages":{"first":"37","last":"50"},"genre":["journal"]},"ark":["ark:/67375/6H6-6LX292CK-9"],"categories":{"wos":["1 - social science","2 - psychology, experimental"],"scienceMetrix":["1 - health sciences","2 - psychology & cognitive sciences","3 - experimental psychology"],"scopus":["1 - Social Sciences","2 - Arts and Humanities","3 - Arts and Humanities (miscellaneous)","1 - Social Sciences","2 - Psychology","3 - Developmental and Educational Psychology","1 - Social Sciences","2 - Psychology","3 - Experimental and Cognitive Psychology","1 - Health Sciences","2 - Medicine","3 - General Medicine"],"inist":["1 - sciences humaines et sociales"]},"publicationDate":"2007","copyrightDate":"2006","enrichments":{"type":["grobidFulltext","multicat","nb","refBibs","teeft"]},"doi":["10.1016/j.actpsy.2006.06.002"],"_id":"2146E5D9FD08E5E19F0889978C365D79272A5250"}