<?xml version="1.0" encoding="UTF-8"?>
<!--Version 1.2 générée le 14-1-2019-->
<TEI xmlns:tei="http://www.tei-c.org/ns/1.0" xml:lang="en" type="research-article">
  <teiHeader>
    <fileDesc>
      <titleStmt>
        <title level="a">Effect of adrenergic and cholinergic neurotransmitters on insulin secretion from the pancreas of normal and diabetic rats</title>
      </titleStmt>
      <publicationStmt>
        <authority>ISTEX</authority>
        <publisher scheme="https://scientific-publisher.data.istex.fr">VSP</publisher>
        <pubPlace>The Netherlands</pubPlace>
        <availability>
          <licence>
            <p>© 2002 Koninklijke Brill NV, Leiden, The Netherlands</p>
          </licence>
          <p scheme="https://loaded-corpus.data.istex.fr/ark:/67375/XBH-56W3KPD5-3">brill-journals</p>
        </availability>
        <date>2002</date>
      </publicationStmt>
      <notesStmt>
        <note type="research-article" scheme="https://content-type.data.istex.fr/ark:/67375/XTP-1JC4F85T-7">research-article</note>
        <note type="journal" scheme="https://publication-type.data.istex.fr/ark:/67375/JMC-0GLKJH51-B">journal</note>
      </notesStmt>
      <sourceDesc>
        <biblStruct type="inbook">
          <analytic>
            <title level="a">Effect of adrenergic and cholinergic neurotransmitters on insulin secretion from the pancreas of normal and diabetic rats</title>
            <author xml:id="author-0000">
              <persName>
                <surname>Ponery</surname>
              </persName>
            </author>
            <author xml:id="author-0001">
              <persName>
                <surname>Parvez</surname>
              </persName>
            </author>
            <author xml:id="author-0002">
              <persName>
                <surname>Adeghate</surname>
              </persName>
            </author>
            <idno type="istex">13ED9077E01E81F233B1E120B05F93719A279818</idno>
            <idno type="ark">ark:/67375/JKT-8NK1WDBK-M</idno>
            <idno type="DOI">10.1163/156939102762853382</idno>
            <idno type="href">15693910_017_02_s001_text.pdf</idno>
          </analytic>
          <monogr>
            <title level="j">Biogenic Amines</title>
            <title level="j" type="sub">International Journal of Stress and Neuroprotection</title>
            <title level="j" type="abbrev">BA</title>
            <idno type="pISSN">0168-8561</idno>
            <idno type="eISSN">1569-3910</idno>
            <imprint>
              <publisher>VSP</publisher>
              <pubPlace>The Netherlands</pubPlace>
              <date type="published" when="2002"/>
              <biblScope unit="volume">17</biblScope>
              <biblScope unit="issue">2</biblScope>
              <biblScope unit="page" from="61">61</biblScope>
              <biblScope unit="page" to="69">69</biblScope>
            </imprint>
          </monogr>
        </biblStruct>
      </sourceDesc>
    </fileDesc>
    <profileDesc>
      <creation>
        <date>2002</date>
      </creation>
      <langUsage>
        <language ident="en">en</language>
      </langUsage>
      <textClass>
        <keywords scheme="keyword">
          <list>
            <head>keywords</head>
            <item>
              <term>diabetes</term>
            </item>
            <item>
              <term>rat</term>
            </item>
            <item>
              <term>noradrenaline</term>
            </item>
            <item>
              <term>insulin secretion</term>
            </item>
            <item>
              <term>Adrenaline</term>
            </item>
            <item>
              <term>radioimmunoassay.</term>
            </item>
            <item>
              <term>acetylcholine</term>
            </item>
          </list>
        </keywords>
      </textClass>
    </profileDesc>
    <revisionDesc>
      <change when="2002">Created</change>
      <change when="2002">Published</change>
    </revisionDesc>
  </teiHeader>
  <text>
    <body>
      <div>
        <p>
Biogenic Amines, Vol. 17, No. 2, pp. 61– 69 (2002)
Ó VSP 2002.
Also available online - www.vsppub.com

Effect of adrenergic and cholinergic neurotransmitters
on insulin secretion from the pancreas of normal and
diabetic rats
E. ADEGHATE 1;¤ , A. S. PONERY 1 and S. H. PARVEZ 2
1 Department of Anatomy, Faculty of Medicine and Health Sciences, United Arab

Emirates
University, P.O. Box 17666, Al Ain, United Arab Emirates
2 CNRS, Neuroendocrinologie et Neuropharmacologie du Dévelopement, Institut Alfred Fessard,
Bât 5, Parc Chateau CNRS, 91190 Gif Sur Yvette, France
Received 11 March 2002; revised 15 May 2002; accepted 25 May 2002
Abstract—The effect of noradrenaline (NA), adrenaline (ADR), and acetylcholine (ACh) on insulin
secretion from the isolated pancreas of normal and diabetic rats was examined using radioimmunoassay technique. Diabetes mellitus was induced by streptozotocin. Pancreatic tissue fragments of normal
and diabetic rats were removed and incubated with different concentrations (10¡8 , 10¡6 , 10¡4 M ) of
NA, ADR and ACh. Insulin secretion into the supernatant was later determined by radioimmunoassay.
NA at a concentration of 10¡8 M evoked a six-fold increase in insulin secretion from normal pancreatic tissue fragments compared to basal. NA induced a three-fold increase in insulin output from the
pancreas of diabetic rats when compared to basal. ADR (10¡8 M ) induced a three-fold increase in
insulin secretion from isolated normal rat pancreas. In contrast, inhibition of insulin secretion was observed when ADR (10¡8 , 10¡6 , 10¡4 M ) was incubated with pancreatic tissue fragments of diabetic
rats. ACh evoked a six-fold increase in insulin secretion when incubated with normal rat pancreas
tissue fragments at a concentration of 10¡8 M . Similarly, ACh (10¡4 M ) evoked a two-fold increase in
insulin secretion from the in vitro diabetic rat pancreas. In conclusion NA, ADR and ACh have potent
secretagogue effect on insulin secretion from the pancreas of normal rat.
Keywords: Adrenaline; noradrenaline; acetylcholine; insulin secretion; diabetes; rat; radioimmunoassay.

INTRODUCTION

Neurotransmitters play important role in the regulation of pancreatic endocrine
function. The available data on the effect of noradrenaline (NA) on insulin secretion
is largely contradictory. In one report it was shown that NA inhibits insulin secretion
¤

To whom correspondence should be addressed. E-mail: eadeghate@uaeu.ac.ae

62

E. Adeghate et al.

(Lindskog and Ahren, 1992). They showed that NA inhibits insulin secretion from
the in vitro mouse pancreas. In another set of reports it was demonstrated that NA
stimulates insulin secretion in the canine pancreas (Ribes et al., 1984; Pettersson
and Ahren, 1990). In a recent study, it was reported that NA did not induce any
alteration in basal insulin secretion from rat islets (Csernus et al., 1998). Adrenaline
(ADR) is also reported to inhibit insulin secretion in the pancreas of the mouse
(Debuyser et al., 1991). Other studies, however, showed that ADR increases insulin
output from the in situ canine pancreas (Ahren et al., 1988).
Studies on the effect of acetylcholine (ACh) on insulin secretion are nearly
unanimous on its stimulatory role in the pancreas of normal rats (Holst et al., 1981).
However, the effect of NA, ADR and ACh in the regulation of pancreatic endocrine
function in diabetes mellitus is largely unknown. Therefore, the aim of this study
was to examine the role of NA, ADR and ACh on insulin secretion in the pancreas
of normal and diabetic rats.

MATERIALS AND METHODS

Animals and diabetes induction
Male Wistar rats weighing approximately 250 g were used for this study. Rats
were obtained from the United Arab Emirates University breeding colony and the
Animal Research Group’s guidelines for the care and use of laboratory animals were
followed. The rats were divided into two groups, streptozotocin-induced diabetics
and age-matched controls. Diabetes mellitus was induced by a single intraperitoneal
injection of streptozotocin (Sigma, Poole, UK) at 60 mg kg¡1 prepared in 5 m M
citrate buffer pH 4.50 (Adeghate, 1999). The rats were kept in plastic cages and
maintained on standard laboratory animal diet with food and water ad libitum.
The blood glucose estimation was made by One-Touch II® Glucometer (LifeScan,
Johnson and Johnson, USA). The rats were considered diabetic if the random blood
glucose levels were equal to or more than 300 mg dl¡1 . After six weeks from the
date of induction of diabetes, all of the rats from both groups were anaesthetised
with 7% chloral hydrate (6 ml kg¡1 of body weight given intraperitoneally). A midline abdominal incision was made, and the pancreas was rapidly removed and placed
in ice-cold Krebs solution. Representative fragments were taken from the tail end
and body of the pancreas.
Estimation of in vitro pancreatic insulin release
Six rats from normal and diabetic groups were used. The pancreas was removed and
placed in ice-cold Krebs buffer (KB). The pancreas was trimmed free of adherent fat
and connective tissue and cut into small fragments (0.5–1 mm¡3 ). The pancreatic
fragments were placed in 2 ml glass vials containing 1 ml of KB and pre-incubated
for 30 min in a waterbath at 37± C in order to wash away any hormone released due to

Effect of adrenergic and cholinergic neurotransmitters on insulin secretion

63

cutting of the tissues. After the pre-incubation period, the KB solution was drained
and the fragments were subsequently incubated for 1 h with different concentrations
of NA (10¡8 , 10¡6 , 10¡4 M), ADR (10¡8 , 10¡6 , 10¡4 M) and ACh (10¡8 , 10¡6 ,
10¡4 M). In the control experiments, the fragments were incubated in KB solution
alone for the same duration of time. During the incubation period, each vial was
gassed with 95% oxygen and 5% carbon dioxide every 10 min. At the end of the
experiment, the tissues were removed, blotted, weighed and incubating solutions
stored at ¡20 ± C for radioimmunoassay.
Radioimmunoassay
Insulin was determined in the ef uent using a previously described method
(Adeghate, 1999). Insulin assay was performed using DPC® (Los Angeles, USA) radioimmunoassay kits. Results were analysed by using Beckman Immuno t EIA/RIA
analysis software. Values were expressed in ¹IU ml¡1 (100 mg tissue) ¡1 .
Statistical analysis
All values were expressed as mean § standard error of the mean (SEM). Statistical
signi cance was assessed using Student’s t-test. Values with p &lt; 0:05 were
accepted as signi cant.

RESULTS

Effect of adrenergic (NA, ADR), and cholinergic (ACh) neurotransmitters on
insulin secretion from normal and diabetic pancreatic fragments
Noradrenaline (NA). The basal insulin response in normal rat pancreatic tissue,
expressed as mean § SEM was 8:5 § 0:5 ¹IU ml¡1 (100 mg tissue) ¡1 .n D 6/.
After stimulation of the pancreas of normal rats with, either 10¡8 , or 10¡6 , or
10¡4 M NA, the insulin measured in the ef uent was 47:4 § 3:7, 46:9 § 5:2 and
46:3 § 3:5 ¹IU ml¡1 (100 mg tissue) ¡1 , respectively. The basal insulin response in
diabetic rat pancreas was 5:3 § 0:5 ¹IU ml¡1 (100 mg tissue) ¡1 . After stimulation
of the pancreas of diabetic rats with either 10¡8 , or 10¡6 , or 10¡4 M NA, the
insulin output was 7:5 § 0:5, 17:7 § 0:8 and 9:5 § 1:4 ¹IU ml¡1 (100 mg tissue) ¡1 ,
respectively. These results are depicted as a family of histograms in Fig. 1. The
results showed that NA, at all of the three concentrations employed in the study
can evoke large and signi cant increases (p &lt; 0:04) in insulin release compared to
basal. Insulin secretion was signi cantly (p &lt; 0:03) inhibited when 10¡4 M and
10¡8 M of NA was incubated with the pancreas of diabetic rats. However, during
application of 10¡6 M NA there was a small increase in insulin output compared to
basal (Fig. 1, Table 1).

64

E. Adeghate et al.

Figure 1. Histograms showing the effect of noradrenaline(10¡8 , 10¡6 or 10¡4 M ) on insulin secretion
from pancreatic tissue fragments of normal and diabetic rats. Basal insulin output is also shown for
comparison. (Data are mean § SEM, n D 6.) ¤ Signi cantly higher than that of basal; ¤¤ highly
signi cant than that of basal; ¤¤¤ very highly signi cant than that of basal.
Table 1.
Effect of neurotransmitters on insulin secretion from the isolated
normal and diabetic rat pancreas
NA
Effect on normal rat pancreas
Effect on diabetic rat pancreas

ADR

ACh

+++
++

+++
¡

+++
+

+++ Highly stimulatory; ++ moderately stimulatory; + weakly
stimulatory; ¡ inhibitory.

Adrenaline (ADR). The effect of ADR on insulin release in normal and diabetic rat pancreatic fragments is shown in Fig. 2. The basal insulin response in
normal pancreatic tissue (expressed as mean § SEM) was 8:5 § 0:5 ¹IU ml¡1
(100 mg tissue) ¡1 (n D 6).
After stimulation of normal rat pancreas with, either 10¡8 , or 10¡6 , or 10¡4 M
ADR, the insulin secreted into the ef uent was 16:1 § 4:6, 14:6 § 2:1 and 14:7 §
2:2 ¹IU ml¡1 (100 mg tissue) ¡1 .n D 6/, respectively. The basal insulin response
in diabetic rat pancreas was 5:3 § 0:5 ¹IU ml¡1 (100 mg tissue) ¡1 .n D 6/. After

Effect of adrenergic and cholinergic neurotransmitters on insulin secretion

65

Figure 2. Histogram showing the effect of adrenaline (10¡8 , 10¡6 or 10¡4 M ) on insulin secretion
from pancreatic tissue fragments of normal and diabetic rats. Basal insulin output is also shown for
comparison. (Data are mean § SEM, n D 6.) ¤ Signi cantly higher than that of basal.

stimulation of the pancreas of diabetic rats with 10¡8 , or 10¡6 , or 10¡4 M ADR, the
insulin measured in the ef uent was 1:9 § 0:1, 2:1 § 0:3 and 1:5 § 0:1 ¹IU ml¡1
(100 mg tissue) ¡1 .n D 6/, respectively. These results showed that all of the three
concentrations of adrenaline (10¡8 – 10¡4 M) employed in this series of experiments
evoked large increases in insulin output in the pancreas of normal rats. In diabetic rat
pancreas, however, adrenaline inhibited insulin secretion compared to basal diabetic
(Fig. 2, Table 1).
Acetylcholine (ACh). The effect of ACh on insulin output in the pancreas
of normal and diabetic rats is shown in Fig. 3. The basal insulin response in
pancreatic tissue fragments of normal rats (expressed as mean § SEM) was 8:5 §
0:5 ¹IU ml¡1 (100 mg tissue) ¡1 .n D 6/. After stimulation of normal rat pancreas
with 10¡8 , or 10¡6 , or 10¡4 M ACh, the insulin measured in the ef uent was
46:1 § 2:6, 40:9 § 2:8 and 35:4 § 5:6 ¹IU ml¡1 (100 mg tissue) ¡1 .n D 6/,
respectively.
The basal insulin response in diabetic rat pancreas was 5:3 § 0:5 ¹IU ml¡1
(100 mg tissue) ¡1 .n D 6/. After stimulation of diabetic rat tissue with 10¡8 ,
or 10¡6 , or 10¡4 M ACh, the amount of insulin release for each concentration
was 5:6 § 0:3, 6:4 § 0:7 and 11:2 § 0:9 ¹IU ml¡1 (100 mg tissue) ¡1 .n D 6/,

66

E. Adeghate et al.

Figure 3. Histogram showing the effect of acetylcholine (10¡8 , 10¡6 or 10¡4 M ) on insulin secretion
from pancreatic tissue fragments of normal and diabetic rats. Basal insulin output is also shown for
comparison. (Data are mean § SEM, n D 6.) ¤ Signi cantly higher than that of basal; **highly
signi cant than that of basal.

respectively. These results showed that ACh can evoke large increases in insulin
output from normal rat pancreas at all of the three concentrations tested. Moreover,
ACh at 10¡4 M elicited a signi cant increase in insulin secretion compared to
diabetic basal (Table 1).

DISCUSSION

Adrenergic and cholinergic neurotransmitters have been detected in nerves innervating the pancreas. For example, tyrosine hydroxylase (TH), a speci c enzyme involved in the synthesis of catecholamines (dopamine, noradrenaline and adrenaline)
has been demonstrated in nerves supplying blood vessels and in the periacinar,
perivascular and interlobular regions of the pancreas of both normal (Schultzberg
et al., 1980) and STZ-induced diabetic (Adeghate et al., 2001) rats. The presence of
adrenergic nerves has also been demonstrated in the pancreas of normal rats using
another catecholamine-regulating enzyme, dopamine-beta-hydroxylase (Adeghate
and Donáth, 1991).

Effect of adrenergic and cholinergic neurotransmitters on insulin secretion

67

Since the presence of TH is speci c for the sites of adrenergic nerves, it is
thus assumed that adrenergic nerves would be present in the pancreas. These
adrenergic neurons may release neurotransmitters to regulate endocrine function
in the pancreas of normal and diabetic rats.
In addition to the presence of adrenergic nerves, previous studies have used
enzyme histochemistry to identify cholinergic neurons in the pancreas of normal
rat (Lakomy and Chodkowska, 1984; Luiten et al., 1986; Adeghate and Donáth,
1990). In other studies on the innervation of pancreas, it was also reported that
acetyl cholinesterase, an enzyme involved in the metabolism of ACh is present in
neuronal axolemma and in the cell membrane of acinar cells (Adeghate and Donáth,
1994). More recently, cholinergic nerves have been demonstrated in the pancreas of
diabetic rats (Adeghate et al., 2000).
All of these indicate that the nerves innervating pancreatic tissue contain adrenergic and cholinergic neurotransmitters. These neurotransmitters could be released
into the circulation or into the vicinity of the cell to regulate pancreatic function.
Effects of adrenergic (NA, ADR), and cholinergic (ACh) neurotransmitters on
insulin secretion from the pancreas of normal and diabetic rats
Noradrenaline (NA). NA evoked large increases in insulin release from pancreatic tissue fragments of normal rats. In contrast to this, only small increases in
insulin secretion was observed when NA was incubated with the pancreas of diabetic rats. Interestingly, this result is in contrast with that of Lindskog and Ahren
(1992) who showed that NA inhibits insulin secretion from the in vitro mouse pancreas. This may, however, be a result of differential species sensitivity to NA. The
fact that NA was able to elicit only a small increase in insulin secretion from diabetic rat pancreas indicates that the regulation of insulin secretion has been grossly
deranged. The differences between the results of this study and that of the literature
may be due to the different methods and species employed.
Adrenaline (ADR). All of the three concentrations of ADR used in this series of
experiments evoked large increases in insulin output from the pancreas of normal
rats. This is in agreement with the observations of Ahren et al. (1988). The effect
of ADR on pancreatic hormone secretion is said to be dependent on plasma level
of ADR itself (Ahren et al., 1988). It was interesting, however, that ADR inhibited
insulin secretion from pancreatic tissue fragments of diabetic rats in vitro. The
mechanism of action of ADR in insulin secretion deserves further investigation.
Acetylcholine (ACh). ACh, when applied at a concentration of 10¡8 –10¡4 M
evoked marked increases in insulin output from normal pancreatic fragments
in vitro. This observation corroborates the results of other investigators (Holst et al.,
1981). Insulin response was completely resistant to hexamethenium and abolished
by atropine (Holst et al., 1981). This indicates that ACh stimulates insulin secretion

68

E. Adeghate et al.

via muscarinic receptors. ACh stimulated insulin secretion from pancreatic tissue
fragments of diabetic rats but only at a relatively high concentration of 10¡4 M .
In conclusion NA, ADR and ACh have potent secretagogue effect on insulin
secretion from normal pancreatic tissue. The effect on insulin secretion from
diabetic pancreas is, however, impaired.
Acknowledgements
This study was supported by research grants from the Faculty of Medicine and
Health Sciences, United Arab Emirates University, Al Ain, United Arab Emirates.

REFERENCES
Adeghate, E. (1997). Immunohistochemical localisation of pancreatic hormones, neuropeptides and
cytoskeletal proteins in the pancreas of the camel, J. Morphol. 231, 85– 193.
Adeghate, E. (1999). Effect of subcutaneous pancreatic tissue transplants on streptozotocin-induce
d
diabetes in rats. II. Endocrine and metabolic functions, Tissue Cell 31, 3–83.
Adeghate, E. and Donáth, T. (1990). Distribution of acetylcholinesterase- and monoamine oxidasepositive neurons in pancreatic tissue transplants. Acta Histochem. 89, 183– 186.
Adeghate, E. and Donáth, T. (1991). Dopamine-beta-hydroxylas
e-positive nerves in normal and
transplanted tissue in the anterior eye-chamber of rats, J. Chem. Neuroanat. 4, 223– 227.
Adeghate, E. and Donáth, T. (1994). Ultrastructural cytochemistry of acetylcholinesterase enzyme
activity in pancreatic tissue transplants in rats, Cell Transplant. 3, 171– 177.
Adeghate, E., Ponery, A. S., Pallot, D. J. and Singh, J. (2000). Distribution of neurotransmitters and
their effects on glucagon secretion from the in vitro normal and diabetic pancreatic tissues, Tissue
Cell 32, 266– 274.
Adeghate, E., Ponery, A. S. and Sheen, R. (2001). Streptozotocin-induced diabetes mellitus is
associated with increased pancreatic tissue levels of noradrenaline and adrenaline in the rat,
Pancreas 22, 311– 316.
Ahren, B., Veith, R. C. and Taborsky, G. J., Jr. (1988). The effects of epinephrine on islet hormone
secretion in the dog, Int. J. Pancreatol. 3, 75– 88.
Csernus, V. J., Hammer, T., Peschke, D. and Peschke, E. (1998). Dynamic insulin secretion from
perifused rat pancreatic islets, Cell Mol. Life Sci. 54, 733– 773.
Debuyser, A., Drews, G. and Henquin, J. C. (1991). Adrenaline inhibition of insulin release: role of
the repolarization of the B cell membrane, P ugers Arch. 419, 131– 137.
Herbet, V., Lau, K. S., Gottlieb, C. W. and Bleicher, S. J. (1965). Coated charcoal immunoassay of
insulin, J. Clin. Endocrinol. 25, 1375– 1378.
Holst, J. J., Schaffalitzky de Muckadell, O. B., Fahrenkrug, J., Lindkaer, S., Nielsen, O. V. and
Schwartz, T. W. (1981). Nervous control of pancreatic endocrine secretion in pigs. III. The effect
of acetylcholine on the pancreatic secretion of insulin and glucagon, Acta Physiol. Scand. 111,
15– 22.
Lakomy, M. and Chodkowska, D. (1984). Cholinergic innervation of pig pancreas, Acta Histochem.
75, 63– 68.
Lindskog, S. and Ahren, B. (1992). Effects of galanin and norepinephrine on insulin secretion in the
mouse, Pancreas 7, 636– 641.
Luiten, P. G. M., Ter Horst, G. J., Buijs, R. M. and Steffens, A. B. (1986). Autonomic innervation
of pancreatic in diabetic and non-diabetic rats. A new view on intramural sympathetic structural
organization, J. Auton. Nerv. Syst. 15, 33– 44.

Effect of adrenergic and cholinergic neurotransmitters on insulin secretion

69

Magyar, K. and Vizi, S. Z. (1987). In: A Neurokemia and Alapjai Medicina, pp. 236– 260. Budapest.
Pettersson, M. and Ahren, B. (1990). Insulin secretion in rats: effects of neuropeptide Y and
noradrenaline, Diabetes Res. 13, 35– 42.
Ribes, G., Trimble, E. R., Blayac, J. P., Wollheim, C. B. and Loubatieres-Mariani, M. M. (1984).
In vivo stimulation of pancreatic hormone secretion by norepinephrine, Am. J. Physiol. 246,
E339– E343.
Schultzberg, M., Hokfelt, T., Nilsson, G., Terenius, L., Rehfeld, J. F., Brown, M., Elde, R.,
Goldstein, M. and Said, S. (1980). Distribution of peptide and catecholamine containing neurons
in the gastrointestinal tract of rat and guinea pig: Immunohistochemical studies with antisera to
substance P, VIP, encephalin, somatostatin, gastrin/ cholecystokinin, neurotensin and dopaminebeta-hydroxylase, Neuroscience 5, 689– 744.

</p>
      </div>
    </body>
  </text>
</TEI>
